
Run     SWR     Gain    F/B     F/R     R-a     X-a     Eff.    %Res.   %Stp  Lr      Ld      L1      L2      L3      L4      L5      

1-0     9.0626  2.88    -2.12   -2.12   18.096  -73.97  100     0    	0    	0.5721  0.5638  0.5126  0.511   0.4974  0.4818  0.4805  
1       9.1081  2.84    -2.18   -2.18   17.994  -73.96  100     -0.1 	0.1  	0.5727  0.5638  0.5126  0.511   0.4974  0.4818  0.4805  
1       8.9758  2.88    -2.12   -2.12   18.172  -73.66  100     2.e-4	0.1  	0.5721  0.5644  0.5126  0.511   0.4974  0.4818  0.4805  
1       9.0699  2.89    -2.1    -2.1    18.082  -73.98  100     0.03 	0.1  	0.5721  0.5638  0.5131  0.511   0.4974  0.4818  0.4805  
1       9.0613  2.88    -2.12   -2.12   18.096  -73.97  100     4.e-6	0.1  	0.5721  0.5638  0.5126  0.5116  0.4974  0.4818  0.4805  
1       9.0621  2.88    -2.12   -2.12   18.099  -73.98  100     4.e-7	0.1  	0.5721  0.5638  0.5126  0.511   0.4979  0.4818  0.4805  
1       9.0634  2.88    -2.11   -2.11   18.094  -73.97  100     0.01 	0.1  	0.5721  0.5638  0.5126  0.511   0.4974  0.4822  0.4805  
1       9.0624  2.88    -2.12   -2.12   18.097  -73.98  100     1.e-7	0.1  	0.5721  0.5638  0.5126  0.511   0.4974  0.4818  0.481   
1-1                                                                           -4.983  0.0114  1.4977  2.1e-4  1.9e-5  0.5077  4.7e-6  

1-2     6.4311  7.79    7.52    7.27    24.217  -69.92  99.99   14.78	7.029	0.3717  0.5643  0.5666  0.511   0.4974  0.499   0.4805  
1-3     8.9896  8.84    5.8     5.8     14.12   -61.04  99.98   -0.64	7.029	0.2415  0.5647  0.6262  0.5111  0.4974  0.5168  0.4805  
2       8.9898  8.84    5.8     5.8     14.12   -61.04  99.98   -4e-7	0.1  	0.2418  0.5647  0.6262  0.5111  0.4974  0.5168  0.4805  
2       8.8934  8.84    5.8     5.8     14.175  -60.68  99.98   2.e-4	0.1  	0.2415  0.5653  0.6262  0.5111  0.4974  0.5168  0.4805  
2       9.0039  8.82    5.69    5.69    14.046  -60.86  99.98   -0.12	0.1  	0.2415  0.5647  0.6268  0.5111  0.4974  0.5168  0.4805  
2       8.9772  8.84    5.8     5.8     14.14   -61.04  99.98   2.e-5	0.1  	0.2415  0.5647  0.6262  0.5116  0.4974  0.5168  0.4805  
2       8.9968  8.85    5.82    5.82    14.111  -61.05  99.98   0.028	0.1  	0.2415  0.5647  0.6262  0.5111  0.4979  0.5168  0.4805  
2       8.9831  8.84    5.79    5.79    14.128  -61.03  99.98   -1e-2	0.1  	0.2415  0.5647  0.6262  0.5111  0.4974  0.5173  0.4805  
2       8.9939  8.84    5.81    5.81    14.114  -61.04  99.98   1.e-2	0.1  	0.2415  0.5647  0.6262  0.5111  0.4974  0.5168  0.481   
2-1                                                                           -2.e-5  9.7e-3  -5.051  8.5e-4  1.1592  -0.39   0.3899  

2-2     4.2195  6.2     4.15    3.6     36.997  -66.14  100     -4   	7.029	0.2415  0.5651  0.4039  0.5111  0.538   0.5026  0.4937  
3       8.9898  8.84    5.8     5.8     14.12   -61.04  99.98   -4e-7	0.1  	0.2418  0.5647  0.6262  0.5111  0.4974  0.5168  0.4805  
3       8.8934  8.84    5.8     5.8     14.175  -60.68  99.98   2.e-4	0.1  	0.2415  0.5653  0.6262  0.5111  0.4974  0.5168  0.4805  
3       9.0039  8.82    5.69    5.69    14.046  -60.86  99.98   -0.12	0.1  	0.2415  0.5647  0.6268  0.5111  0.4974  0.5168  0.4805  
3       8.9772  8.84    5.8     5.8     14.14   -61.04  99.98   2.e-5	0.1  	0.2415  0.5647  0.6262  0.5116  0.4974  0.5168  0.4805  
3       8.9968  8.85    5.82    5.82    14.111  -61.05  99.98   0.028	0.1  	0.2415  0.5647  0.6262  0.5111  0.4979  0.5168  0.4805  
3       8.9831  8.84    5.79    5.79    14.128  -61.03  99.98   -1e-2	0.1  	0.2415  0.5647  0.6262  0.5111  0.4974  0.5173  0.4805  
3       8.9939  8.84    5.81    5.81    14.114  -61.04  99.98   1.e-2	0.1  	0.2415  0.5647  0.6262  0.5111  0.4974  0.5168  0.481   
3-1                                                                           -2.e-5  9.7e-3  -5.051  8.5e-4  1.1592  -0.39   0.3899  

3-2     6.7219  8.54    9.15    8.92    22.387  -68.48  99.99   2.922	1.406	0.2415  0.5648  0.5817  0.5111  0.5055  0.5139  0.4831  
3-3     5.4263  7.63    7.26    6.8     28.813  -68.94  99.99   -2.59	1.406	0.2415  0.5649  0.5404  0.5111  0.5138  0.5111  0.4858  
4       5.4266  7.63    7.26    6.8     28.811  -68.94  99.99   -2e-6	0.1  	0.2418  0.5649  0.5404  0.5111  0.5138  0.5111  0.4858  
4       5.3756  7.63    7.26    6.8     28.925  -68.61  99.99   3.e-4	0.1  	0.2415  0.5655  0.5404  0.5111  0.5138  0.5111  0.4858  
4       5.4377  7.64    7.28    6.82    28.751  -68.95  99.99   0.028	0.1  	0.2415  0.5649  0.541   0.5111  0.5138  0.5111  0.4858  
4       5.4231  7.63    7.25    6.79    28.815  -68.91  99.99   -9e-3	0.1  	0.2415  0.5649  0.5404  0.5116  0.5138  0.5111  0.4858  
4       5.4273  7.63    7.26    6.8     28.821  -68.96  99.99   -3e-6	0.1  	0.2415  0.5649  0.5404  0.5111  0.5143  0.5111  0.4858  
4       5.4262  7.63    7.25    6.8     28.804  -68.92  99.99   -9e-3	0.1  	0.2415  0.5649  0.5404  0.5111  0.5138  0.5116  0.4858  
4       5.4272  7.63    7.26    6.79    28.815  -68.95  99.99   -4e-6	0.1  	0.2415  0.5649  0.5404  0.5111  0.5138  0.5111  0.4863  
4-1                                                                           -3.e-4  0.0415  4.1696  -1.392  -5.e-4  -1.395  -6.e-4  

4-2     6.4463  8.28    9.44    8.4     24.132  -69.88  99.99   2.655	1.406	0.2415  0.5652  0.5721  0.5011  0.5138  0.5011  0.4858  
4-3     8.658   9.14    10.65   10.41   16.545  -66.96  99.99   1.911	1.406	0.2415  0.5656  0.6057  0.4913  0.5138  0.4913  0.4858  
4-4     9.5612  7.67    2.74    2.74    11.955  -55.99  99.99   -8.57	1.406	0.2415  0.5659  0.6412  0.4816  0.5138  0.4816  0.4858  
5       8.6583  9.14    10.65   10.41   16.544  -66.96  99.99   -7e-7	0.1  	0.2418  0.5656  0.6057  0.4913  0.5138  0.4913  0.4858  
5       8.5707  9.14    10.65   10.42   16.61   -66.63  99.99   2.e-4	0.1  	0.2415  0.5661  0.6057  0.4913  0.5138  0.4913  0.4858  
5       8.7057  9.15    10.58   10.4    16.408  -66.84  99.99   -0.05	0.1  	0.2415  0.5656  0.6063  0.4913  0.5138  0.4913  0.4858  
5       8.6493  9.14    10.64   10.4    16.559  -66.95  99.99   -9e-3	0.1  	0.2415  0.5656  0.6057  0.4917  0.5138  0.4913  0.4858  
5       8.6669  9.15    10.68   10.43   16.533  -66.98  99.99   0.037	0.1  	0.2415  0.5656  0.6057  0.4913  0.5143  0.4913  0.4858  
5       8.6552  9.14    10.63   10.41   16.547  -66.95  99.99   -0.02	0.1  	0.2415  0.5656  0.6057  0.4913  0.5138  0.4918  0.4858  
5       8.6618  9.14    10.66   10.41   16.54   -66.97  99.99   9.e-3	0.1  	0.2415  0.5656  0.6057  0.4913  0.5138  0.4913  0.4862  
5-1                                                                           -4.e-5  0.0129  -2.991  -0.498  2.0019  -0.998  0.4985  

5-2     8.3239  9.06    11.31   10.47   17.633  -68.07  99.99   0.528	0.281	0.2415  0.5656  0.6006  0.4906  0.5167  0.4899  0.4864  
5-3     7.9949  8.96    11.7    10.29   18.763  -69.03  99.99   0.262	0.281	0.2415  0.5656  0.5955  0.4899  0.5196  0.4885  0.4871  
5-4     7.6819  8.84    11.83   9.93    19.907  -69.85  99.99   7.e-3	0.281	0.2415  0.5656  0.5905  0.4892  0.5225  0.4871  0.4878  
5-5     7.391   8.7     11.71   9.5     21.047  -70.55  99.99   -0.24	0.281	0.2415  0.5656  0.5855  0.4885  0.5254  0.4858  0.4885  
6       7.6821  8.84    11.83   9.93    19.907  -69.85  99.99   -5e-7	0.056	0.2417  0.5656  0.5905  0.4892  0.5225  0.4871  0.4878  

Run     SWR     Gain    F/B     F/R     R-a     X-a     Eff.    %Res.   %Stp  Lr      Ld      L1      L2      L3      L4      L5      xr      x1      x2      x3      x4      x5      

7-0     7.6821  8.84    11.83   9.93    19.907  -69.85  99.99   0    	0    	0.2417  0.5656  0.5905  0.4892  0.5225  0.4871  0.4878  -0.18   0.1995  0.42    0.713   1.0619  1.4365  
7       7.6824  8.84    11.83   9.93    19.906  -69.85  99.99   -5e-5	0.1  	0.2419  0.5656  0.5905  0.4892  0.5225  0.4871  0.4878  -0.18   0.1995  0.42    0.713   1.0619  1.4365  
7       7.6076  8.84    11.83   9.92    19.986  -69.53  99.99   0.012	0.1  	0.2417  0.5662  0.5905  0.4892  0.5225  0.4871  0.4878  -0.18   0.1995  0.42    0.713   1.0619  1.4365  
7       7.7246  8.85    11.85   9.98    19.763  -69.79  99.99   4.e-3	0.1  	0.2417  0.5656  0.5911  0.4892  0.5225  0.4871  0.4878  -0.18   0.1995  0.42    0.713   1.0619  1.4365  
7       7.6761  8.84    11.81   9.93    19.918  -69.84  99.99   -6e-3	0.1  	0.2417  0.5656  0.5905  0.4897  0.5225  0.4871  0.4878  -0.18   0.1995  0.42    0.713   1.0619  1.4365  
7       7.6894  8.84    11.86   9.93    19.897  -69.88  99.99   1.e-2	0.1  	0.2417  0.5656  0.5905  0.4892  0.523   0.4871  0.4878  -0.18   0.1995  0.42    0.713   1.0619  1.4365  
7       7.6805  8.84    11.81   9.92    19.907  -69.84  99.99   -7e-3	0.1  	0.2417  0.5656  0.5905  0.4892  0.5225  0.4876  0.4878  -0.18   0.1995  0.42    0.713   1.0619  1.4365  
7       7.6849  8.84    11.84   9.93    19.903  -69.86  99.99   3.e-3	0.1  	0.2417  0.5656  0.5905  0.4892  0.5225  0.4871  0.4883  -0.18   0.1995  0.42    0.713   1.0619  1.4365  
7       7.6819  8.84    11.83   9.93    19.907  -69.85  99.99   2.e-5	0.1  	0.2417  0.5656  0.5905  0.4892  0.5225  0.4871  0.4878  -0.18   0.1995  0.42    0.713   1.0619  1.4365  
7       7.6761  8.84    11.81   9.93    19.915  -69.83  99.99   -6e-3	0.1  	0.2417  0.5656  0.5905  0.4892  0.5225  0.4871  0.4878  -0.18   0.1997  0.42    0.713   1.0619  1.4365  
7       7.6805  8.83    11.82   9.92    19.915  -69.86  99.99   -7e-3	0.1  	0.2417  0.5656  0.5905  0.4892  0.5225  0.4871  0.4878  -0.18   0.1995  0.4204  0.713   1.0619  1.4365  
7       7.6902  8.84    11.84   9.92    19.881  -69.85  99.99   2.e-3	0.1  	0.2417  0.5656  0.5905  0.4892  0.5225  0.4871  0.4878  -0.18   0.1995  0.42    0.7137  1.0619  1.4365  
7       7.6749  8.83    11.8    9.92    19.928  -69.86  99.99   -0.01	0.1  	0.2417  0.5656  0.5905  0.4892  0.5225  0.4871  0.4878  -0.18   0.1995  0.42    0.713   1.063   1.4365  
7       7.6897  8.84    11.85   9.93    19.884  -69.85  99.99   6.e-3	0.1  	0.2417  0.5656  0.5905  0.4892  0.5225  0.4871  0.4878  -0.18   0.1995  0.42    0.713   1.0619  1.438   
7-1                                                                           -8.e-3  1.9956  0.7044  -1.056  1.6253  -1.173  0.5324  3.4e-3  -1.055  -1.189  0.3901  -2.256  1.0121  

7-2     4.8755  8.33    0.74    0.74    11.807  18.97   99.99   -3.74	10   	0.2415  0.6785  0.6321  0.4375  0.6074  0.43    0.5138  -0.18   0.1785  0.37    0.7408  0.8224  1.5819  
8       7.6824  8.84    11.83   9.93    19.906  -69.85  99.99   -5e-5	0.1  	0.2419  0.5656  0.5905  0.4892  0.5225  0.4871  0.4878  -0.18   0.1995  0.42    0.713   1.0619  1.4365  
8       7.6076  8.84    11.83   9.92    19.986  -69.53  99.99   0.012	0.1  	0.2417  0.5662  0.5905  0.4892  0.5225  0.4871  0.4878  -0.18   0.1995  0.42    0.713   1.0619  1.4365  
8       7.7246  8.85    11.85   9.98    19.763  -69.79  99.99   4.e-3	0.1  	0.2417  0.5656  0.5911  0.4892  0.5225  0.4871  0.4878  -0.18   0.1995  0.42    0.713   1.0619  1.4365  
8       7.6761  8.84    11.81   9.93    19.918  -69.84  99.99   -6e-3	0.1  	0.2417  0.5656  0.5905  0.4897  0.5225  0.4871  0.4878  -0.18   0.1995  0.42    0.713   1.0619  1.4365  
8       7.6894  8.84    11.86   9.93    19.897  -69.88  99.99   1.e-2	0.1  	0.2417  0.5656  0.5905  0.4892  0.523   0.4871  0.4878  -0.18   0.1995  0.42    0.713   1.0619  1.4365  
8       7.6805  8.84    11.81   9.92    19.907  -69.84  99.99   -7e-3	0.1  	0.2417  0.5656  0.5905  0.4892  0.5225  0.4876  0.4878  -0.18   0.1995  0.42    0.713   1.0619  1.4365  
8       7.6849  8.84    11.84   9.93    19.903  -69.86  99.99   3.e-3	0.1  	0.2417  0.5656  0.5905  0.4892  0.5225  0.4871  0.4883  -0.18   0.1995  0.42    0.713   1.0619  1.4365  
8       7.6819  8.84    11.83   9.93    19.907  -69.85  99.99   2.e-5	0.1  	0.2417  0.5656  0.5905  0.4892  0.5225  0.4871  0.4878  -0.18   0.1995  0.42    0.713   1.0619  1.4365  
8       7.6761  8.84    11.81   9.93    19.915  -69.83  99.99   -6e-3	0.1  	0.2417  0.5656  0.5905  0.4892  0.5225  0.4871  0.4878  -0.18   0.1997  0.42    0.713   1.0619  1.4365  
8       7.6805  8.83    11.82   9.92    19.915  -69.86  99.99   -7e-3	0.1  	0.2417  0.5656  0.5905  0.4892  0.5225  0.4871  0.4878  -0.18   0.1995  0.4204  0.713   1.0619  1.4365  
8       7.6902  8.84    11.84   9.92    19.881  -69.85  99.99   2.e-3	0.1  	0.2417  0.5656  0.5905  0.4892  0.5225  0.4871  0.4878  -0.18   0.1995  0.42    0.7137  1.0619  1.4365  
8       7.6749  8.83    11.8    9.92    19.928  -69.86  99.99   -0.01	0.1  	0.2417  0.5656  0.5905  0.4892  0.5225  0.4871  0.4878  -0.18   0.1995  0.42    0.713   1.063   1.4365  
8       7.6897  8.84    11.85   9.93    19.884  -69.85  99.99   6.e-3	0.1  	0.2417  0.5656  0.5905  0.4892  0.5225  0.4871  0.4878  -0.18   0.1995  0.42    0.713   1.0619  1.438   
8-1                                                                           -8.e-3  1.9956  0.7044  -1.056  1.6253  -1.173  0.5324  3.4e-3  -1.055  -1.189  0.3901  -2.256  1.0121  

8-2     6.5758  9.39    15.57   11.08   17.907  -56.6   99.99   1.731	2    	0.2416  0.5882  0.5988  0.4789  0.5395  0.4757  0.493   -0.18   0.1953  0.41    0.7186  1.014   1.4656  
8-3     5.5401  9.82    12.53   11.25   15.324  -40.6   99.99   -0.74	2    	0.2416  0.6117  0.6073  0.4687  0.557   0.4645  0.4982  -0.18   0.1912  0.4002  0.7242  0.9683  1.4953  
9       5.5402  9.82    12.53   11.25   15.324  -40.6   99.99   -2e-5	0.1  	0.2418  0.6117  0.6073  0.4687  0.557   0.4645  0.4982  -0.18   0.1912  0.4002  0.7242  0.9683  1.4953  
9       5.4776  9.82    12.54   11.25   15.387  -40.22  99.99   0.013	0.1  	0.2416  0.6123  0.6073  0.4687  0.557   0.4645  0.4982  -0.18   0.1912  0.4002  0.7242  0.9683  1.4953  
9       5.5693  9.83    12.26   11.29   15.163  -40.36  99.99   -0.1 	0.1  	0.2416  0.6117  0.6079  0.4687  0.557   0.4645  0.4982  -0.18   0.1912  0.4002  0.7242  0.9683  1.4953  
9       5.536   9.82    12.52   11.25   15.332  -40.59  99.99   -3e-3	0.1  	0.2416  0.6117  0.6073  0.4692  0.557   0.4645  0.4982  -0.18   0.1912  0.4002  0.7242  0.9683  1.4953  
9       5.5543  9.83    12.51   11.25   15.285  -40.6   99.99   -6e-3	0.1  	0.2416  0.6117  0.6073  0.4687  0.5576  0.4645  0.4982  -0.18   0.1912  0.4002  0.7242  0.9683  1.4953  
9       5.539   9.82    12.51   11.25   15.323  -40.59  99.99   -7e-3	0.1  	0.2416  0.6117  0.6073  0.4687  0.557   0.465   0.4982  -0.18   0.1912  0.4002  0.7242  0.9683  1.4953  
9       5.544   9.82    12.52   11.24   15.313  -40.6   99.99   -4e-3	0.1  	0.2416  0.6117  0.6073  0.4687  0.557   0.4645  0.4987  -0.18   0.1912  0.4002  0.7242  0.9683  1.4953  
9       5.5401  9.82    12.53   11.25   15.324  -40.6   99.99   9.e-6	0.1  	0.2416  0.6117  0.6073  0.4687  0.557   0.4645  0.4982  -0.18   0.1912  0.4002  0.7242  0.9683  1.4953  
9       5.5332  9.82    12.51   11.25   15.334  -40.57  99.99   -6e-3	0.1  	0.2416  0.6117  0.6073  0.4687  0.557   0.4645  0.4982  -0.18   0.1914  0.4002  0.7242  0.9683  1.4953  
9       5.5398  9.82    12.54   11.25   15.328  -40.61  99.99   4.e-3	0.1  	0.2416  0.6117  0.6073  0.4687  0.557   0.4645  0.4982  -0.18   0.1912  0.4006  0.7242  0.9683  1.4953  
9       5.5439  9.82    12.48   11.26   15.303  -40.57  99.99   -0.02	0.1  	0.2416  0.6117  0.6073  0.4687  0.557   0.4645  0.4982  -0.18   0.1912  0.4002  0.7249  0.9683  1.4953  
9       5.5352  9.82    12.54   11.26   15.339  -40.6   99.99   4.e-3	0.1  	0.2416  0.6117  0.6073  0.4687  0.557   0.4645  0.4982  -0.18   0.1912  0.4002  0.7242  0.9692  1.4953  
9       5.5399  9.82    12.48   11.24   15.317  -40.58  99.99   -0.02	0.1  	0.2416  0.6117  0.6073  0.4687  0.557   0.4645  0.4982  -0.18   0.1912  0.4002  0.7242  0.9683  1.4968  
9-1                                                                           -1.e-3  0.966   -6.996  -0.21   -0.41   -0.501  -0.301  6.5e-4  -0.435  0.2604  -1.325  0.3128  -1.281  

9-2     2.3669  6.91    7.59    4.71    45.486  -42.13  99.99   -2.32	2    	0.2416  0.6235  0.5223  0.4668  0.5525  0.4599  0.4952  -0.18   0.1895  0.4023  0.705   0.9743  1.457   
10      5.5402  9.82    12.53   11.25   15.324  -40.6   99.99   -2e-5	0.1  	0.2418  0.6117  0.6073  0.4687  0.557   0.4645  0.4982  -0.18   0.1912  0.4002  0.7242  0.9683  1.4953  
10      5.4776  9.82    12.54   11.25   15.387  -40.22  99.99   0.013	0.1  	0.2416  0.6123  0.6073  0.4687  0.557   0.4645  0.4982  -0.18   0.1912  0.4002  0.7242  0.9683  1.4953  
10      5.5693  9.83    12.26   11.29   15.163  -40.36  99.99   -0.1 	0.1  	0.2416  0.6117  0.6079  0.4687  0.557   0.4645  0.4982  -0.18   0.1912  0.4002  0.7242  0.9683  1.4953  
10      5.536   9.82    12.52   11.25   15.332  -40.59  99.99   -3e-3	0.1  	0.2416  0.6117  0.6073  0.4692  0.557   0.4645  0.4982  -0.18   0.1912  0.4002  0.7242  0.9683  1.4953  
10      5.5543  9.83    12.51   11.25   15.285  -40.6   99.99   -6e-3	0.1  	0.2416  0.6117  0.6073  0.4687  0.5576  0.4645  0.4982  -0.18   0.1912  0.4002  0.7242  0.9683  1.4953  
10      5.539   9.82    12.51   11.25   15.323  -40.59  99.99   -7e-3	0.1  	0.2416  0.6117  0.6073  0.4687  0.557   0.465   0.4982  -0.18   0.1912  0.4002  0.7242  0.9683  1.4953  
10      5.544   9.82    12.52   11.24   15.313  -40.6   99.99   -4e-3	0.1  	0.2416  0.6117  0.6073  0.4687  0.557   0.4645  0.4987  -0.18   0.1912  0.4002  0.7242  0.9683  1.4953  
10      5.5401  9.82    12.53   11.25   15.324  -40.6   99.99   9.e-6	0.1  	0.2416  0.6117  0.6073  0.4687  0.557   0.4645  0.4982  -0.18   0.1912  0.4002  0.7242  0.9683  1.4953  
10      5.5332  9.82    12.51   11.25   15.334  -40.57  99.99   -6e-3	0.1  	0.2416  0.6117  0.6073  0.4687  0.557   0.4645  0.4982  -0.18   0.1914  0.4002  0.7242  0.9683  1.4953  
10      5.5398  9.82    12.54   11.25   15.328  -40.61  99.99   4.e-3	0.1  	0.2416  0.6117  0.6073  0.4687  0.557   0.4645  0.4982  -0.18   0.1912  0.4006  0.7242  0.9683  1.4953  
10      5.5439  9.82    12.48   11.26   15.303  -40.57  99.99   -0.02	0.1  	0.2416  0.6117  0.6073  0.4687  0.557   0.4645  0.4982  -0.18   0.1912  0.4002  0.7249  0.9683  1.4953  
10      5.5352  9.82    12.54   11.26   15.339  -40.6   99.99   4.e-3	0.1  	0.2416  0.6117  0.6073  0.4687  0.557   0.4645  0.4982  -0.18   0.1912  0.4002  0.7242  0.9692  1.4953  
10      5.5399  9.82    12.48   11.24   15.317  -40.58  99.99   -0.02	0.1  	0.2416  0.6117  0.6073  0.4687  0.557   0.4645  0.4982  -0.18   0.1912  0.4002  0.7242  0.9683  1.4968  
10-1                                                                          -1.e-3  0.966   -6.996  -0.21   -0.41   -0.501  -0.301  6.5e-4  -0.435  0.2604  -1.325  0.3128  -1.281  

10-2    4.4452  9.25    24.48   9.58    21.345  -45.04  99.99   4.248	0.4  	0.2416  0.614   0.5903  0.4684  0.5561  0.4636  0.4976  -0.18   0.1909  0.4006  0.7203  0.9695  1.4876  
10-3    3.6222  8.55    17.98   7.89    28.106  -46.78  99.99   -2.23	0.4  	0.2416  0.6164  0.5737  0.468   0.5552  0.4627  0.497   -0.18   0.1905  0.4011  0.7165  0.9707  1.48    
11      3.6224  8.55    17.98   7.89    28.105  -46.78  99.99   -2e-5	0.1  	0.2418  0.6164  0.5737  0.468   0.5552  0.4627  0.497   -0.18   0.1905  0.4011  0.7165  0.9707  1.48    
11      3.5852  8.55    17.98   7.89    28.219  -46.43  99.99   6.e-3	0.1  	0.2416  0.617   0.5737  0.468   0.5552  0.4627  0.497   -0.18   0.1905  0.4011  0.7165  0.9707  1.48    
11      3.6395  8.57    18.23   7.95    27.904  -46.72  99.99   0.09 	0.1  	0.2416  0.6164  0.5743  0.468   0.5552  0.4627  0.497   -0.18   0.1905  0.4011  0.7165  0.9707  1.48    
11      3.621   8.55    17.99   7.9     28.104  -46.76  99.99   4.e-3	0.1  	0.2416  0.6164  0.5737  0.4684  0.5552  0.4627  0.497   -0.18   0.1905  0.4011  0.7165  0.9707  1.48    
11      3.629   8.55    18.05   7.88    28.069  -46.82  99.99   0.023	0.1  	0.2416  0.6164  0.5737  0.468   0.5558  0.4627  0.497   -0.18   0.1905  0.4011  0.7165  0.9707  1.48    
11      3.6224  8.55    18.01   7.9     28.096  -46.77  99.99   0.01 	0.1  	0.2416  0.6164  0.5737  0.468   0.5552  0.4631  0.497   -0.18   0.1905  0.4011  0.7165  0.9707  1.48    
11      3.6241  8.55    18.01   7.89    28.096  -46.79  99.99   1.e-2	0.1  	0.2416  0.6164  0.5737  0.468   0.5552  0.4627  0.4975  -0.18   0.1905  0.4011  0.7165  0.9707  1.48    
11      3.6222  8.55    17.98   7.89    28.106  -46.78  99.99   7.e-6	0.1  	0.2416  0.6164  0.5737  0.468   0.5552  0.4627  0.497   -0.18   0.1905  0.4011  0.7165  0.9707  1.48    
11      3.6202  8.55    17.99   7.9     28.11   -46.76  99.99   4.e-3	0.1  	0.2416  0.6164  0.5737  0.468   0.5552  0.4627  0.497   -0.18   0.1907  0.4011  0.7165  0.9707  1.48    
11      3.6215  8.55    17.97   7.89    28.118  -46.79  99.99   -3e-3	0.1  	0.2416  0.6164  0.5737  0.468   0.5552  0.4627  0.497   -0.18   0.1905  0.4015  0.7165  0.9707  1.48    
11      3.6262  8.55    18.07   7.9     28.058  -46.76  99.99   0.03 	0.1  	0.2416  0.6164  0.5737  0.468   0.5552  0.4627  0.497   -0.18   0.1905  0.4011  0.7172  0.9707  1.48    
11      3.6196  8.55    17.95   7.9     28.124  -46.77  99.99   -1e-2	0.1  	0.2416  0.6164  0.5737  0.468   0.5552  0.4627  0.497   -0.18   0.1905  0.4011  0.7165  0.9717  1.48    
11      3.6238  8.55    18.07   7.89    28.079  -46.76  99.99   0.031	0.1  	0.2416  0.6164  0.5737  0.468   0.5552  0.4627  0.497   -0.18   0.1905  0.4011  0.7165  0.9707  1.4815  
11-1                                                                          -1.e-3  0.3514  5.3175  0.2139  1.3481  0.604   0.5875  4.1e-4  0.2214  -0.195  1.7783  -0.581  1.8012  

11-2    4.0764  9.09    27.35   9.03    23.06   -44.17  99.99   3.331	0.4  	0.2416  0.6173  0.5859  0.4684  0.5582  0.4638  0.4982  -0.18   0.1907  0.4007  0.7216  0.9684  1.4907  
11-3    4.6467  9.62    16.37   10.31   18.166  -39.83  99.99   -3.37	0.4  	0.2416  0.6181  0.5984  0.4688  0.5612  0.4649  0.4994  -0.18   0.1909  0.4004  0.7268  0.9662  1.5014  
12      4.6469  9.62    16.37   10.31   18.166  -39.83  99.99   -2e-5	0.1  	0.2418  0.6181  0.5984  0.4688  0.5612  0.4649  0.4994  -0.18   0.1909  0.4004  0.7268  0.9662  1.5014  
12      4.595   9.62    16.39   10.31   18.241  -39.45  99.99   0.015	0.1  	0.2416  0.6188  0.5984  0.4688  0.5612  0.4649  0.4994  -0.18   0.1909  0.4004  0.7268  0.9662  1.5014  
12      4.6744  9.64    16.03   10.37   17.973  -39.62  99.99   -0.11	0.1  	0.2416  0.6181  0.599   0.4688  0.5612  0.4649  0.4994  -0.18   0.1909  0.4004  0.7268  0.9662  1.5014  
12      4.6438  9.62    16.36   10.31   18.172  -39.81  99.99   -3e-3	0.1  	0.2416  0.6181  0.5984  0.4692  0.5612  0.4649  0.4994  -0.18   0.1909  0.4004  0.7268  0.9662  1.5014  
12      4.6587  9.62    16.33   10.29   18.12   -39.84  99.99   -0.02	0.1  	0.2416  0.6181  0.5984  0.4688  0.5618  0.4649  0.4994  -0.18   0.1909  0.4004  0.7268  0.9662  1.5014  
12      4.6461  9.62    16.34   10.31   18.163  -39.81  99.99   -0.01	0.1  	0.2416  0.6181  0.5984  0.4688  0.5612  0.4654  0.4994  -0.18   0.1909  0.4004  0.7268  0.9662  1.5014  
12      4.6499  9.62    16.36   10.31   18.154  -39.83  99.99   -4e-3	0.1  	0.2416  0.6181  0.5984  0.4688  0.5612  0.4649  0.4999  -0.18   0.1909  0.4004  0.7268  0.9662  1.5014  
12      4.6467  9.62    16.37   10.31   18.166  -39.83  99.99   8.e-6	0.1  	0.2416  0.6181  0.5984  0.4688  0.5612  0.4649  0.4994  -0.18   0.1909  0.4004  0.7268  0.9662  1.5014  
12      4.6422  9.62    16.34   10.31   18.173  -39.79  99.99   -1e-2	0.1  	0.2416  0.6181  0.5984  0.4688  0.5612  0.4649  0.4994  -0.18   0.1911  0.4004  0.7268  0.9662  1.5014  
12      4.6462  9.62    16.39   10.31   18.172  -39.84  99.99   7.e-3	0.1  	0.2416  0.6181  0.5984  0.4688  0.5612  0.4649  0.4994  -0.18   0.1909  0.4008  0.7268  0.9662  1.5014  
12      4.6504  9.62    16.29   10.31   18.137  -39.79  99.99   -0.03	0.1  	0.2416  0.6181  0.5984  0.4688  0.5612  0.4649  0.4994  -0.18   0.1909  0.4004  0.7275  0.9662  1.5014  
12      4.6427  9.62    16.39   10.32   18.182  -39.82  99.99   8.e-3	0.1  	0.2416  0.6181  0.5984  0.4688  0.5612  0.4649  0.4994  -0.18   0.1909  0.4004  0.7268  0.9672  1.5014  
12      4.6466  9.62    16.29   10.3    18.157  -39.8   99.99   -0.03	0.1  	0.2416  0.6181  0.5984  0.4688  0.5612  0.4649  0.4994  -0.18   0.1909  0.4004  0.7268  0.9662  1.5029  
12-1                                                                          -1.e-3  0.809   -6.136  -0.16   -0.842  -0.55   -0.212  4.e-4   -0.518  0.3753  -1.513  0.4043  -1.48   

12-2    3.8269  9.02    28.03   8.76    24.129  -43.01  99.99   3.951	0.4  	0.2416  0.6201  0.5837  0.4685  0.5593  0.4639  0.499   -0.18   0.1905  0.401   0.7224  0.9678  1.4925  
12-3    3.2271  8.4     16.9    7.43    30.35   -44.11  99.99   -3.64	0.4  	0.2416  0.6222  0.5694  0.4682  0.5574  0.4629  0.4985  -0.18   0.1901  0.4016  0.718   0.9693  1.4837  
13      3.2272  8.4     16.9    7.43    30.349  -44.12  99.99   -2e-5	0.1  	0.2418  0.6222  0.5694  0.4682  0.5574  0.4629  0.4985  -0.18   0.1901  0.4016  0.718   0.9693  1.4837  
13      3.1943  8.4     16.89   7.43    30.472  -43.76  99.99   2.e-3	0.1  	0.2416  0.6228  0.5694  0.4682  0.5574  0.4629  0.4985  -0.18   0.1901  0.4016  0.718   0.9693  1.4837  
13      3.2411  8.43    17.12   7.48    30.148  -44.07  99.99   0.085	0.1  	0.2416  0.6222  0.57    0.4682  0.5574  0.4629  0.4985  -0.18   0.1901  0.4016  0.718   0.9693  1.4837  
13      3.226   8.41    16.92   7.44    30.346  -44.09  99.99   0.011	0.1  	0.2416  0.6222  0.5694  0.4686  0.5574  0.4629  0.4985  -0.18   0.1901  0.4016  0.718   0.9693  1.4837  
13      3.2331  8.41    16.96   7.42    30.31   -44.16  99.99   0.023	0.1  	0.2416  0.6222  0.5694  0.4682  0.558   0.4629  0.4985  -0.18   0.1901  0.4016  0.718   0.9693  1.4837  
13      3.2271  8.41    16.93   7.44    30.339  -44.1   99.99   0.014	0.1  	0.2416  0.6222  0.5694  0.4682  0.5574  0.4633  0.4985  -0.18   0.1901  0.4016  0.718   0.9693  1.4837  
13      3.2287  8.41    16.93   7.43    30.339  -44.13  99.99   0.014	0.1  	0.2416  0.6222  0.5694  0.4682  0.5574  0.4629  0.499   -0.18   0.1901  0.4016  0.718   0.9693  1.4837  
13      3.227   8.4     16.9    7.43    30.35   -44.11  99.99   8.e-6	0.1  	0.2416  0.6222  0.5694  0.4682  0.5574  0.4629  0.4985  -0.18   0.1901  0.4016  0.718   0.9693  1.4837  
13      3.2253  8.41    16.92   7.44    30.353  -44.09  99.99   0.011	0.1  	0.2416  0.6222  0.5694  0.4682  0.5574  0.4629  0.4985  -0.18   0.1903  0.4016  0.718   0.9693  1.4837  
13      3.2264  8.4     16.88   7.42    30.363  -44.12  99.99   -7e-3	0.1  	0.2416  0.6222  0.5694  0.4682  0.5574  0.4629  0.4985  -0.18   0.1901  0.402   0.718   0.9693  1.4837  
13      3.2304  8.41    16.99   7.44    30.298  -44.1   99.99   0.034	0.1  	0.2416  0.6222  0.5694  0.4682  0.5574  0.4629  0.4985  -0.18   0.1901  0.4016  0.7187  0.9693  1.4837  
13      3.2248  8.4     16.87   7.43    30.368  -44.1   99.99   -1e-2	0.1  	0.2416  0.6222  0.5694  0.4682  0.5574  0.4629  0.4985  -0.18   0.1901  0.4016  0.718   0.9703  1.4837  
13      3.2282  8.4     16.98   7.42    30.321  -44.09  99.99   0.027	0.1  	0.2416  0.6222  0.5694  0.4682  0.5574  0.4629  0.4985  -0.18   0.1901  0.4016  0.718   0.9693  1.4852  
13-1                                                                          -9.e-4  0.101   4.6285  0.5896  1.2803  0.7677  0.7538  4.4e-4  0.5955  -0.371  1.869   -0.545  1.4969  

13-2    3.5775  8.88    26.02   8.36    25.708  -42.39  99.99   3.269	0.4  	0.2416  0.6224  0.5799  0.4693  0.5603  0.4643  0.5     -0.18   0.1905  0.401   0.7234  0.9672  1.4926  
13-3    4.0181  9.37    21.23   9.42    21.067  -39.38  99.99   -1.42	0.4  	0.2416  0.6227  0.5907  0.4704  0.5632  0.4657  0.5016  -0.18   0.191   0.4004  0.7288  0.9651  1.5015  
14      4.0182  9.37    21.23   9.42    21.067  -39.38  99.99   -1e-5	0.1  	0.2418  0.6227  0.5907  0.4704  0.5632  0.4657  0.5016  -0.18   0.191   0.4004  0.7288  0.9651  1.5015  
14      3.974   9.37    21.26   9.42    21.154  -39.01  99.99   0.017	0.1  	0.2416  0.6233  0.5907  0.4704  0.5632  0.4657  0.5016  -0.18   0.191   0.4004  0.7288  0.9651  1.5015  
14      4.0412  9.39    20.73   9.48    20.859  -39.21  99.99   -0.16	0.1  	0.2416  0.6227  0.5913  0.4704  0.5632  0.4657  0.5016  -0.18   0.191   0.4004  0.7288  0.9651  1.5015  
14      4.0159  9.37    21.19   9.42    21.071  -39.36  99.99   -0.01	0.1  	0.2416  0.6227  0.5907  0.4708  0.5632  0.4657  0.5016  -0.18   0.191   0.4004  0.7288  0.9651  1.5015  
14      4.028   9.37    21.17   9.4     21.017  -39.4   99.99   -0.02	0.1  	0.2416  0.6227  0.5907  0.4704  0.5637  0.4657  0.5016  -0.18   0.191   0.4004  0.7288  0.9651  1.5015  
14      4.0177  9.37    21.18   9.42    21.063  -39.37  99.99   -0.02	0.1  	0.2416  0.6227  0.5907  0.4704  0.5632  0.4662  0.5016  -0.18   0.191   0.4004  0.7288  0.9651  1.5015  
14      4.0208  9.37    21.22   9.41    21.054  -39.39  99.99   -4e-3	0.1  	0.2416  0.6227  0.5907  0.4704  0.5632  0.4657  0.5021  -0.18   0.191   0.4004  0.7288  0.9651  1.5015  
14      4.0181  9.37    21.23   9.42    21.068  -39.38  99.99   8.e-6	0.1  	0.2416  0.6227  0.5907  0.4704  0.5632  0.4657  0.5016  -0.18   0.191   0.4004  0.7288  0.9651  1.5015  
14      4.0149  9.37    21.18   9.42    21.072  -39.35  99.99   -0.02	0.1  	0.2416  0.6227  0.5907  0.4704  0.5632  0.4657  0.5016  -0.18   0.1912  0.4004  0.7288  0.9651  1.5015  
14      4.0174  9.37    21.26   9.41    21.076  -39.39  99.99   0.01 	0.1  	0.2416  0.6227  0.5907  0.4704  0.5632  0.4657  0.5016  -0.18   0.191   0.4008  0.7288  0.9651  1.5015  
14      4.0215  9.37    21.08   9.42    21.032  -39.35  99.99   -0.05	0.1  	0.2416  0.6227  0.5907  0.4704  0.5632  0.4657  0.5016  -0.18   0.191   0.4004  0.7295  0.9651  1.5015  
14      4.0148  9.37    21.25   9.42    21.085  -39.38  99.99   7.e-3	0.1  	0.2416  0.6227  0.5907  0.4704  0.5632  0.4657  0.5016  -0.18   0.191   0.4004  0.7288  0.9661  1.5015  
14      4.0181  9.37    21.09   9.4     21.054  -39.35  99.99   -0.05	0.1  	0.2416  0.6227  0.5907  0.4704  0.5632  0.4657  0.5016  -0.18   0.191   0.4004  0.7288  0.9651  1.503   
14-1                                                                          -5.e-4  0.6059  -5.794  -0.462  -0.767  -0.59   -0.134  2.9e-4  -0.574  0.3594  -1.797  0.2559  -1.66   

14-2    3.4063  8.78    23.97   8.06    26.949  -41.94  99.99   0.792	0.4  	0.2416  0.6242  0.577   0.4695  0.5614  0.4646  0.5013  -0.18   0.1906  0.401   0.7235  0.9661  1.4915  
14-3    2.956   8.22    15.3    6.92    32.819  -42.76  99.99   -2.95	0.4  	0.2416  0.6257  0.5636  0.4686  0.5597  0.4635  0.501   -0.18   0.1901  0.4016  0.7183  0.9671  1.4816  
15      3.4064  8.78    23.96   8.06    26.948  -41.94  99.99   -3e-3	0.08 	0.2418  0.6242  0.577   0.4695  0.5614  0.4646  0.5013  -0.18   0.1906  0.401   0.7235  0.9661  1.4915  
15      3.3776  8.78    23.96   8.06    27.036  -41.65  99.99   1.e-3	0.08 	0.2416  0.6247  0.577   0.4695  0.5614  0.4646  0.5013  -0.18   0.1906  0.401   0.7235  0.9661  1.4915  
15      3.4197  8.8     24.38   8.11    26.778  -41.87  99.99   0.139	0.08 	0.2416  0.6242  0.5774  0.4695  0.5614  0.4646  0.5013  -0.18   0.1906  0.401   0.7235  0.9661  1.4915  
15      3.4052  8.78    23.98   8.07    26.947  -41.92  99.99   3.e-3	0.08 	0.2416  0.6242  0.577   0.4699  0.5614  0.4646  0.5013  -0.18   0.1906  0.401   0.7235  0.9661  1.4915  
15      3.4121  8.78    24.11   8.05    26.91   -41.97  99.99   0.045	0.08 	0.2416  0.6242  0.577   0.4695  0.5619  0.4646  0.5013  -0.18   0.1906  0.401   0.7235  0.9661  1.4915  
15      3.4062  8.78    24      8.06    26.941  -41.93  99.99   1.e-2	0.08 	0.2416  0.6242  0.577   0.4695  0.5614  0.465   0.5013  -0.18   0.1906  0.401   0.7235  0.9661  1.4915  
15      3.4079  8.78    24.02   8.06    26.938  -41.95  99.99   0.016	0.08 	0.2416  0.6242  0.577   0.4695  0.5614  0.4646  0.5017  -0.18   0.1906  0.401   0.7235  0.9661  1.4915  
15      3.4063  8.78    23.97   8.06    26.949  -41.94  99.99   5.e-6	0.08 	0.2416  0.6242  0.577   0.4695  0.5614  0.4646  0.5013  -0.18   0.1906  0.401   0.7235  0.9661  1.4915  
15      3.4046  8.78    23.98   8.06    26.951  -41.92  99.99   4.e-3	0.08 	0.2416  0.6242  0.577   0.4695  0.5614  0.4646  0.5013  -0.18   0.1907  0.401   0.7235  0.9661  1.4915  
15      3.4058  8.78    23.94   8.06    26.958  -41.95  99.99   -1e-2	0.08 	0.2416  0.6242  0.577   0.4695  0.5614  0.4646  0.5013  -0.18   0.1906  0.4013  0.7235  0.9661  1.4915  
15      3.409   8.78    24.11   8.07    26.91   -41.92  99.99   0.045	0.08 	0.2416  0.6242  0.577   0.4695  0.5614  0.4646  0.5013  -0.18   0.1906  0.401   0.7241  0.9661  1.4915  
15      3.4043  8.78    23.91   8.07    26.963  -41.94  99.99   -0.02	0.08 	0.2416  0.6242  0.577   0.4695  0.5614  0.4646  0.5013  -0.18   0.1906  0.401   0.7235  0.9669  1.4915  
15      3.4069  8.78    24.09   8.05    26.93   -41.92  99.99   0.039	0.08 	0.2416  0.6242  0.577   0.4695  0.5614  0.4646  0.5013  -0.18   0.1906  0.401   0.7235  0.9661  1.4927  
15-1                                                                          -0.127  0.0528  5.4037  0.1336  1.7386  0.3808  0.624   2.e-4   0.1372  -0.377  1.7585  -0.748  1.518   

15-2    3.4973  8.89    27.5    8.27    25.842  -41.48  99.99   1.174	0.08 	0.2415  0.6242  0.5795  0.4696  0.5622  0.4648  0.5015  -0.18   0.1906  0.4009  0.7245  0.9655  1.4933  
15-3    3.5939  9       31.6    8.49    24.733  -40.95  99.99   1.321	0.08 	0.2415  0.6242  0.582   0.4696  0.563   0.4649  0.5018  -0.18   0.1906  0.4008  0.7256  0.9649  1.4952  
15-4    3.6962  9.12    30.47   8.73    23.625  -40.34  99.99   -0.32	0.08 	0.2415  0.6242  0.5845  0.4697  0.5638  0.465   0.502   -0.18   0.1906  0.4007  0.7266  0.9643  1.497   
16      3.6963  9.12    30.47   8.73    23.624  -40.34  99.99   -1e-5	0.08 	0.2417  0.6242  0.5845  0.4697  0.5638  0.465   0.502   -0.18   0.1906  0.4007  0.7266  0.9643  1.497   
16      3.6642  9.12    30.52   8.73    23.702  -40.05  99.99   0.021	0.08 	0.2415  0.6247  0.5845  0.4697  0.5638  0.465   0.502   -0.18   0.1906  0.4007  0.7266  0.9643  1.497   
16      3.7124  9.14    29.76   8.78    23.452  -40.24  99.99   -0.21	0.08 	0.2415  0.6242  0.585   0.4697  0.5638  0.465   0.502   -0.18   0.1906  0.4007  0.7266  0.9643  1.497   
16      3.6948  9.12    30.37   8.74    23.625  -40.33  99.99   -0.03	0.08 	0.2415  0.6242  0.5845  0.47    0.5638  0.465   0.502   -0.18   0.1906  0.4007  0.7266  0.9643  1.497   
16      3.7032  9.12    30.56   8.72    23.583  -40.36  99.99   0.027	0.08 	0.2415  0.6242  0.5845  0.4697  0.5642  0.465   0.502   -0.18   0.1906  0.4007  0.7266  0.9643  1.497   
16      3.696   9.12    30.35   8.74    23.62   -40.33  99.99   -0.04	0.08 	0.2415  0.6242  0.5845  0.4697  0.5638  0.4654  0.502   -0.18   0.1906  0.4007  0.7266  0.9643  1.497   
16      3.6981  9.12    30.54   8.73    23.614  -40.35  99.99   0.021	0.08 	0.2415  0.6242  0.5845  0.4697  0.5638  0.465   0.5024  -0.18   0.1906  0.4007  0.7266  0.9643  1.497   
16      3.6962  9.12    30.47   8.73    23.625  -40.34  99.99   4.e-6	0.08 	0.2415  0.6242  0.5845  0.4697  0.5638  0.465   0.502   -0.18   0.1906  0.4007  0.7266  0.9643  1.497   
16      3.6941  9.12    30.36   8.74    23.628  -40.32  99.99   -0.03	0.08 	0.2415  0.6242  0.5845  0.4697  0.5638  0.465   0.502   -0.18   0.1908  0.4007  0.7266  0.9643  1.497   
16      3.6956  9.12    30.51   8.73    23.633  -40.35  99.99   0.012	0.08 	0.2415  0.6242  0.5845  0.4697  0.5638  0.465   0.502   -0.18   0.1906  0.401   0.7266  0.9643  1.497   
16      3.6989  9.12    30.25   8.74    23.591  -40.32  99.99   -0.07	0.08 	0.2415  0.6242  0.5845  0.4697  0.5638  0.465   0.502   -0.18   0.1906  0.4007  0.7272  0.9643  1.497   
16      3.6939  9.12    30.43   8.74    23.639  -40.34  99.99   -0.01	0.08 	0.2415  0.6242  0.5845  0.4697  0.5638  0.465   0.502   -0.18   0.1906  0.4007  0.7266  0.9651  1.497   
16      3.6965  9.12    30.22   8.72    23.611  -40.32  99.99   -0.08	0.08 	0.2415  0.6242  0.5845  0.4697  0.5638  0.465   0.502   -0.18   0.1906  0.4007  0.7266  0.9643  1.4982  
16-1                                                                          -3.e-4  0.4819  -5.029  -0.719  0.6253  -0.868  0.4999  1.e-4   -0.789  0.2917  -1.603  -0.281  -1.811  

16-2    3.6051  9.02    33.26   8.49    24.589  -40.85  99.99   0.839	0.08 	0.2415  0.6245  0.5821  0.4694  0.5641  0.4647  0.5022  -0.18   0.1905  0.4007  0.7256  0.9641  1.4948  
16-3    3.518   8.92    29.64   8.25    25.563  -41.31  99.99   -1.12	0.08 	0.2415  0.6247  0.5798  0.4691  0.5643  0.4644  0.5024  -0.18   0.1904  0.4008  0.7247  0.9639  1.4926  
17      3.518   8.92    29.63   8.25    25.562  -41.31  99.99   -3e-3	0.08 	0.2417  0.6247  0.5798  0.4691  0.5643  0.4644  0.5024  -0.18   0.1904  0.4008  0.7247  0.9639  1.4926  
17      3.4881  8.92    29.62   8.25    25.646  -41.02  99.99   -1e-3	0.08 	0.2415  0.6252  0.5798  0.4691  0.5643  0.4644  0.5024  -0.18   0.1904  0.4008  0.7247  0.9639  1.4926  
17      3.5326  8.94    30.41   8.3     25.389  -41.22  99.99   0.244	0.08 	0.2415  0.6247  0.5803  0.4691  0.5643  0.4644  0.5024  -0.18   0.1904  0.4008  0.7247  0.9639  1.4926  
17      3.5168  8.92    29.65   8.25    25.562  -41.29  99.99   3.e-3	0.08 	0.2415  0.6247  0.5798  0.4695  0.5643  0.4644  0.5024  -0.18   0.1904  0.4008  0.7247  0.9639  1.4926  
17      3.5245  8.92    29.97   8.24    25.52   -41.33  99.99   0.102	0.08 	0.2415  0.6247  0.5798  0.4691  0.5648  0.4644  0.5024  -0.18   0.1904  0.4008  0.7247  0.9639  1.4926  
17      3.5178  8.92    29.69   8.25    25.556  -41.29  99.99   0.016	0.08 	0.2415  0.6247  0.5798  0.4691  0.5643  0.4648  0.5024  -0.18   0.1904  0.4008  0.7247  0.9639  1.4926  
17      3.5197  8.92    29.76   8.25    25.552  -41.31  99.99   0.037	0.08 	0.2415  0.6247  0.5798  0.4691  0.5643  0.4644  0.5028  -0.18   0.1904  0.4008  0.7247  0.9639  1.4926  
17      3.5179  8.92    29.64   8.25    25.563  -41.31  99.99   7.e-6	0.08 	0.2415  0.6247  0.5798  0.4691  0.5643  0.4644  0.5024  -0.18   0.1904  0.4008  0.7247  0.9639  1.4926  
17      3.5162  8.92    29.66   8.25    25.565  -41.29  99.99   7.e-3	0.08 	0.2415  0.6247  0.5798  0.4691  0.5643  0.4644  0.5024  -0.18   0.1905  0.4008  0.7247  0.9639  1.4926  
17      3.5174  8.92    29.59   8.25    25.572  -41.31  99.99   -0.02	0.08 	0.2415  0.6247  0.5798  0.4691  0.5643  0.4644  0.5024  -0.18   0.1904  0.4012  0.7247  0.9639  1.4926  
17      3.5206  8.92    29.91   8.25    25.525  -41.28  99.99   0.084	0.08 	0.2415  0.6247  0.5798  0.4691  0.5643  0.4644  0.5024  -0.18   0.1904  0.4008  0.7253  0.9639  1.4926  
17      3.5159  8.92    29.53   8.25    25.577  -41.3   99.99   -0.03	0.08 	0.2415  0.6247  0.5798  0.4691  0.5643  0.4644  0.5024  -0.18   0.1904  0.4008  0.7247  0.9647  1.4926  
17      3.5184  8.92    29.84   8.24    25.546  -41.28  99.99   0.062	0.08 	0.2415  0.6247  0.5798  0.4691  0.5643  0.4644  0.5024  -0.18   0.1904  0.4008  0.7247  0.9639  1.4938  
17-1                                                                          -0.067  -0.031  5.2275  0.0705  2.1716  0.3329  0.792   1.5e-4  0.1391  -0.331  1.786   -0.724  1.3283  

17-2    3.62    9.03    35.51   8.46    24.448  -40.81  99.99   1.849	0.08 	0.2415  0.6247  0.5822  0.4691  0.5653  0.4645  0.5028  -0.18   0.1904  0.4007  0.7258  0.9634  1.4942  
17-3    3.7282  9.14    31.1    8.69    23.337  -40.23  99.99   -1.29	0.08 	0.2415  0.6247  0.5847  0.4692  0.5663  0.4647  0.5031  -0.18   0.1904  0.4006  0.7268  0.9628  1.4958  
18      3.7283  9.14    31.1    8.69    23.337  -40.23  99.99   -1e-5	0.08 	0.2417  0.6247  0.5847  0.4692  0.5663  0.4647  0.5031  -0.18   0.1904  0.4006  0.7268  0.9628  1.4958  
18      3.6959  9.14    31.16   8.69    23.414  -39.94  99.99   0.024	0.08 	0.2415  0.6252  0.5847  0.4692  0.5663  0.4647  0.5031  -0.18   0.1904  0.4006  0.7268  0.9628  1.4958  
18      3.7448  9.16    30.1    8.74    23.163  -40.12  99.99   -0.3 	0.08 	0.2415  0.6247  0.5851  0.4692  0.5663  0.4647  0.5031  -0.18   0.1904  0.4006  0.7268  0.9628  1.4958  
18      3.7268  9.14    30.99   8.69    23.338  -40.21  99.99   -0.03	0.08 	0.2415  0.6247  0.5847  0.4695  0.5663  0.4647  0.5031  -0.18   0.1904  0.4006  0.7268  0.9628  1.4958  
18      3.7356  9.15    31.03   8.69    23.293  -40.25  99.99   -0.02	0.08 	0.2415  0.6247  0.5847  0.4692  0.5668  0.4647  0.5031  -0.18   0.1904  0.4006  0.7268  0.9628  1.4958  
18      3.7279  9.14    30.96   8.69    23.333  -40.22  99.99   -0.04	0.08 	0.2415  0.6247  0.5847  0.4692  0.5663  0.465   0.5031  -0.18   0.1904  0.4006  0.7268  0.9628  1.4958  
18      3.7301  9.15    31.12   8.69    23.326  -40.24  99.99   1.e-2	0.08 	0.2415  0.6247  0.5847  0.4692  0.5663  0.4647  0.5035  -0.18   0.1904  0.4006  0.7268  0.9628  1.4958  
18      3.7282  9.14    31.1    8.69    23.338  -40.23  99.99   7.e-6	0.08 	0.2415  0.6247  0.5847  0.4692  0.5663  0.4647  0.5031  -0.18   0.1904  0.4006  0.7268  0.9628  1.4958  
18      3.7261  9.14    30.98   8.69    23.34   -40.21  99.99   -0.04	0.08 	0.2415  0.6247  0.5847  0.4692  0.5663  0.4647  0.5031  -0.18   0.1906  0.4006  0.7268  0.9628  1.4958  
18      3.7276  9.14    31.16   8.69    23.345  -40.24  99.99   0.019	0.08 	0.2415  0.6247  0.5847  0.4692  0.5663  0.4647  0.5031  -0.18   0.1904  0.4009  0.7268  0.9628  1.4958  
18      3.7309  9.14    30.76   8.69    23.304  -40.2   99.99   -0.1 	0.08 	0.2415  0.6247  0.5847  0.4692  0.5663  0.4647  0.5031  -0.18   0.1904  0.4006  0.7274  0.9628  1.4958  
18      3.7259  9.14    31.11   8.69    23.352  -40.23  99.99   3.e-3	0.08 	0.2415  0.6247  0.5847  0.4692  0.5663  0.4647  0.5031  -0.18   0.1904  0.4006  0.7268  0.9636  1.4958  
18      3.7284  9.14    30.77   8.68    23.324  -40.21  99.99   -0.1 	0.08 	0.2415  0.6247  0.5847  0.4692  0.5663  0.4647  0.5031  -0.18   0.1904  0.4006  0.7268  0.9628  1.497   
18-1                                                                          -2.e-4  0.4405  -5.65   -0.627  -0.355  -0.803  0.1781  1.3e-4  -0.682  0.346   -1.959  0.0642  -1.894  

18-2    3.6173  9.03    37.22   8.43    24.476  -40.82  99.99   1.858	0.08 	0.2415  0.6249  0.582   0.4689  0.5661  0.4644  0.5031  -0.18   0.1903  0.4007  0.7257  0.9628  1.4935  
18-3    3.5123  8.91    29.94   8.17    25.627  -41.33  99.99   -2.16	0.08 	0.2415  0.6251  0.5794  0.4687  0.566   0.4641  0.5032  -0.18   0.1902  0.4008  0.7245  0.9629  1.4913  
19      3.5123  8.91    29.94   8.17    25.626  -41.33  99.99   -1e-5	0.08 	0.2417  0.6251  0.5794  0.4687  0.566   0.4641  0.5032  -0.18   0.1902  0.4008  0.7245  0.9629  1.4913  
19      3.4824  8.91    29.91   8.17    25.71   -41.05  99.99   -5e-3	0.08 	0.2415  0.6256  0.5794  0.4687  0.566   0.4641  0.5032  -0.18   0.1902  0.4008  0.7245  0.9629  1.4913  
19      3.5269  8.93    30.86   8.21    25.452  -41.25  99.99   0.29 	0.08 	0.2415  0.6251  0.5799  0.4687  0.566   0.4641  0.5032  -0.18   0.1902  0.4008  0.7245  0.9629  1.4913  
19      3.5111  8.91    29.98   8.17    25.626  -41.32  99.99   0.013	0.08 	0.2415  0.6251  0.5794  0.4691  0.566   0.4641  0.5032  -0.18   0.1902  0.4008  0.7245  0.9629  1.4913  
19      3.519   8.91    30.27   8.15    25.583  -41.36  99.99   0.101	0.08 	0.2415  0.6251  0.5794  0.4687  0.5664  0.4641  0.5032  -0.18   0.1902  0.4008  0.7245  0.9629  1.4913  
19      3.5121  8.91    30.02   8.17    25.621  -41.32  99.99   0.025	0.08 	0.2415  0.6251  0.5794  0.4687  0.566   0.4644  0.5032  -0.18   0.1902  0.4008  0.7245  0.9629  1.4913  
19      3.514   8.91    30.05   8.16    25.615  -41.34  99.99   0.034	0.08 	0.2415  0.6251  0.5794  0.4687  0.566   0.4641  0.5036  -0.18   0.1902  0.4008  0.7245  0.9629  1.4913  
19      3.5122  8.91    29.94   8.17    25.627  -41.33  99.99   5.e-6	0.08 	0.2415  0.6251  0.5794  0.4687  0.566   0.4641  0.5032  -0.18   0.1902  0.4008  0.7245  0.9629  1.4913  
19      3.5105  8.91    29.99   8.17    25.629  -41.31  99.99   0.016	0.08 	0.2415  0.6251  0.5794  0.4687  0.566   0.4641  0.5032  -0.18   0.1904  0.4008  0.7245  0.9629  1.4913  
19      3.5117  8.91    29.89   8.17    25.636  -41.34  99.99   -0.02	0.08 	0.2415  0.6251  0.5794  0.4687  0.566   0.4641  0.5032  -0.18   0.1902  0.4012  0.7245  0.9629  1.4913  
19      3.5149  8.91    30.26   8.17    25.589  -41.31  99.99   0.099	0.08 	0.2415  0.6251  0.5794  0.4687  0.566   0.4641  0.5032  -0.18   0.1902  0.4008  0.7251  0.9629  1.4913  
19      3.5102  8.91    29.84   8.17    25.641  -41.33  99.99   -0.03	0.08 	0.2415  0.6251  0.5794  0.4687  0.566   0.4641  0.5032  -0.18   0.1902  0.4008  0.7245  0.9637  1.4913  
19      3.5127  8.91    30.2    8.16    25.61   -41.31  99.99   0.081	0.08 	0.2415  0.6251  0.5794  0.4687  0.566   0.4641  0.5032  -0.18   0.1902  0.4008  0.7245  0.9629  1.4925  
19-1                                                                          -2.e-4  -0.083  5.3263  0.2309  1.8576  0.4556  0.6207  9.e-5   0.2896  -0.283  1.8126  -0.563  1.4779  

19-2    3.6146  9.02    38.79   8.38    24.496  -40.82  99.99   2.769	0.08 	0.2415  0.6251  0.5819  0.4688  0.5668  0.4642  0.5035  -0.18   0.1903  0.4008  0.7256  0.9625  1.493   
19-3    3.7231  9.14    32.35   8.62    23.371  -40.23  99.99   -1.84	0.08 	0.2415  0.625   0.5843  0.4689  0.5677  0.4644  0.5037  -0.18   0.1903  0.4007  0.7266  0.962   1.4948  
20      3.7232  9.14    32.35   8.62    23.37   -40.23  99.99   -1e-5	0.08 	0.2417  0.625   0.5843  0.4689  0.5677  0.4644  0.5037  -0.18   0.1903  0.4007  0.7266  0.962   1.4948  
20      3.6909  9.14    32.42   8.62    23.447  -39.94  99.99   0.026	0.08 	0.2415  0.6255  0.5843  0.4689  0.5677  0.4644  0.5037  -0.18   0.1903  0.4007  0.7266  0.962   1.4948  
20      3.7398  9.16    31.13   8.67    23.195  -40.12  99.99   -0.37	0.08 	0.2415  0.625   0.5848  0.4689  0.5677  0.4644  0.5037  -0.18   0.1903  0.4007  0.7266  0.962   1.4948  
20      3.7218  9.14    32.23   8.63    23.371  -40.21  99.99   -0.04	0.08 	0.2415  0.625   0.5843  0.4692  0.5677  0.4644  0.5037  -0.18   0.1903  0.4007  0.7266  0.962   1.4948  
20      3.7307  9.14    32.17   8.61    23.325  -40.24  99.99   -0.06	0.08 	0.2415  0.625   0.5843  0.4689  0.5681  0.4644  0.5037  -0.18   0.1903  0.4007  0.7266  0.962   1.4948  
20      3.7228  9.14    32.19   8.63    23.366  -40.21  99.99   -0.05	0.08 	0.2415  0.625   0.5843  0.4689  0.5677  0.4648  0.5037  -0.18   0.1903  0.4007  0.7266  0.962   1.4948  
20      3.725   9.14    32.33   8.62    23.359  -40.23  99.99   -6e-3	0.08 	0.2415  0.625   0.5843  0.4689  0.5677  0.4644  0.5041  -0.18   0.1903  0.4007  0.7266  0.962   1.4948  
20      3.7231  9.14    32.35   8.62    23.371  -40.23  99.99   7.e-6	0.08 	0.2415  0.625   0.5843  0.4689  0.5677  0.4644  0.5037  -0.18   0.1903  0.4007  0.7266  0.962   1.4948  
20      3.7211  9.14    32.21   8.62    23.373  -40.21  99.99   -0.04	0.08 	0.2415  0.625   0.5843  0.4689  0.5677  0.4644  0.5037  -0.18   0.1905  0.4007  0.7266  0.962   1.4948  
20      3.7226  9.14    32.43   8.62    23.378  -40.23  99.99   0.024	0.08 	0.2415  0.625   0.5843  0.4689  0.5677  0.4644  0.5037  -0.18   0.1903  0.401   0.7266  0.962   1.4948  
20      3.7258  9.14    31.93   8.63    23.336  -40.2   99.99   -0.13	0.08 	0.2415  0.625   0.5843  0.4689  0.5677  0.4644  0.5037  -0.18   0.1903  0.4007  0.7272  0.962   1.4948  
20      3.7208  9.14    32.38   8.63    23.385  -40.22  99.99   9.e-3	0.08 	0.2415  0.625   0.5843  0.4689  0.5677  0.4644  0.5037  -0.18   0.1903  0.4007  0.7266  0.9628  1.4948  
20      3.7233  9.14    31.95   8.61    23.357  -40.2   99.99   -0.12	0.08 	0.2415  0.625   0.5843  0.4689  0.5677  0.4644  0.5037  -0.18   0.1903  0.4007  0.7266  0.962   1.496   
20-1                                                                          -2.e-4  0.3966  -5.499  -0.545  -0.84   -0.73   -0.096  1.e-4   -0.634  0.3665  -1.924  0.1424  -1.827  

20-2    3.6115  9.02    40.01   8.36    24.509  -40.8   99.99   2.306	0.08 	0.2415  0.6252  0.5818  0.4687  0.5673  0.4641  0.5037  -0.18   0.1902  0.4008  0.7255  0.9621  1.4926  
20-3    3.5059  8.91    30.02   8.13    25.658  -41.3   99.99   -2.9 	0.08 	0.2415  0.6254  0.5792  0.4685  0.5669  0.4638  0.5036  -0.18   0.1901  0.4009  0.7244  0.9622  1.4904  
21      3.506   8.91    30.01   8.13    25.658  -41.3   99.99   -3e-3	0.08 	0.2417  0.6254  0.5792  0.4685  0.5669  0.4638  0.5036  -0.18   0.1901  0.4009  0.7244  0.9622  1.4904  
21      3.4762  8.91    29.99   8.13    25.742  -41.01  99.99   -5e-3	0.08 	0.2415  0.6259  0.5792  0.4685  0.5669  0.4638  0.5036  -0.18   0.1901  0.4009  0.7244  0.9622  1.4904  
21      3.5206  8.93    31      8.17    25.482  -41.21  99.99   0.309	0.08 	0.2415  0.6254  0.5797  0.4685  0.5669  0.4638  0.5036  -0.18   0.1901  0.4009  0.7244  0.9622  1.4904  
21      3.5048  8.91    30.06   8.13    25.657  -41.28  99.99   0.013	0.08 	0.2415  0.6254  0.5792  0.4688  0.5669  0.4638  0.5036  -0.18   0.1901  0.4009  0.7244  0.9622  1.4904  
21      3.5127  8.91    30.33   8.11    25.613  -41.32  99.99   0.095	0.08 	0.2415  0.6254  0.5792  0.4685  0.5674  0.4638  0.5036  -0.18   0.1901  0.4009  0.7244  0.9622  1.4904  
21      3.5057  8.91    30.11   8.13    25.652  -41.28  99.99   0.028	0.08 	0.2415  0.6254  0.5792  0.4685  0.5669  0.4642  0.5036  -0.18   0.1901  0.4009  0.7244  0.9622  1.4904  
21      3.5077  8.91    30.11   8.12    25.647  -41.3   99.99   0.028	0.08 	0.2415  0.6254  0.5792  0.4685  0.5669  0.4638  0.504   -0.18   0.1901  0.4009  0.7244  0.9622  1.4904  
21      3.5059  8.91    30.02   8.13    25.659  -41.3   99.99   7.e-6	0.08 	0.2415  0.6254  0.5792  0.4685  0.5669  0.4638  0.5036  -0.18   0.1901  0.4009  0.7244  0.9622  1.4904  
21      3.5042  8.91    30.07   8.13    25.661  -41.28  99.99   0.016	0.08 	0.2415  0.6254  0.5792  0.4685  0.5669  0.4638  0.5036  -0.18   0.1903  0.4009  0.7244  0.9622  1.4904  
21      3.5054  8.91    29.96   8.13    25.667  -41.3   99.99   -0.02	0.08 	0.2415  0.6254  0.5792  0.4685  0.5669  0.4638  0.5036  -0.18   0.1901  0.4012  0.7244  0.9622  1.4904  
21      3.5086  8.91    30.36   8.13    25.62   -41.27  99.99   0.105	0.08 	0.2415  0.6254  0.5792  0.4685  0.5669  0.4638  0.5036  -0.18   0.1901  0.4009  0.725   0.9622  1.4904  
21      3.5039  8.91    29.93   8.13    25.673  -41.29  99.99   -0.03	0.08 	0.2415  0.6254  0.5792  0.4685  0.5669  0.4638  0.5036  -0.18   0.1901  0.4009  0.7244  0.963   1.4904  
21      3.5063  8.91    30.3    8.12    25.642  -41.27  99.99   0.087	0.08 	0.2415  0.6254  0.5792  0.4685  0.5669  0.4638  0.5036  -0.18   0.1901  0.4009  0.7244  0.9622  1.4916  
21-1                                                                          -0.055  -0.08   5.4759  0.223   1.6846  0.4952  0.4897  1.2e-4  0.2798  -0.328  1.8612  -0.489  1.5379  

21-2    3.6093  9.02    41.3    8.35    24.502  -40.75  99.99   3.521	0.08 	0.2415  0.6254  0.5817  0.4685  0.5677  0.464   0.5038  -0.18   0.1902  0.4008  0.7255  0.9619  1.4923  
21-3    3.7189  9.14    32.69   8.6     23.353  -40.14  99.99   -2.43	0.08 	0.2414  0.6254  0.5843  0.4686  0.5684  0.4642  0.504   -0.18   0.1902  0.4007  0.7265  0.9615  1.4941  
22      3.719   9.14    32.69   8.6     23.352  -40.14  99.99   -1e-5	0.08 	0.2416  0.6254  0.5843  0.4686  0.5684  0.4642  0.504   -0.18   0.1902  0.4007  0.7265  0.9615  1.4941  
22      3.6868  9.14    32.75   8.6     23.429  -39.85  99.99   0.023	0.08 	0.2414  0.6259  0.5843  0.4686  0.5684  0.4642  0.504   -0.18   0.1902  0.4007  0.7265  0.9615  1.4941  
22      3.7356  9.16    31.38   8.65    23.177  -40.03  99.99   -0.39	0.08 	0.2414  0.6254  0.5848  0.4686  0.5684  0.4642  0.504   -0.18   0.1902  0.4007  0.7265  0.9615  1.4941  
22      3.7176  9.14    32.57   8.6     23.353  -40.12  99.99   -0.04	0.08 	0.2414  0.6254  0.5843  0.469   0.5684  0.4642  0.504   -0.18   0.1902  0.4007  0.7265  0.9615  1.4941  
22      3.7266  9.14    32.43   8.58    23.306  -40.15  99.99   -0.08	0.08 	0.2414  0.6254  0.5843  0.4686  0.5689  0.4642  0.504   -0.18   0.1902  0.4007  0.7265  0.9615  1.4941  
22      3.7186  9.14    32.53   8.6     23.348  -40.12  99.99   -0.05	0.08 	0.2414  0.6254  0.5843  0.4686  0.5684  0.4646  0.504   -0.18   0.1902  0.4007  0.7265  0.9615  1.4941  
22      3.7209  9.14    32.64   8.59    23.341  -40.14  99.99   -0.02	0.08 	0.2414  0.6254  0.5843  0.4686  0.5684  0.4642  0.5044  -0.18   0.1902  0.4007  0.7265  0.9615  1.4941  
22      3.7189  9.14    32.69   8.6     23.353  -40.14  99.99   5.e-6	0.08 	0.2414  0.6254  0.5843  0.4686  0.5684  0.4642  0.504   -0.18   0.1902  0.4007  0.7265  0.9615  1.4941  
22      3.7169  9.14    32.55   8.6     23.355  -40.11  99.99   -0.04	0.08 	0.2414  0.6254  0.5843  0.4686  0.5684  0.4642  0.504   -0.18   0.1904  0.4007  0.7265  0.9615  1.4941  
22      3.7184  9.14    32.77   8.6     23.361  -40.14  99.99   0.024	0.08 	0.2414  0.6254  0.5843  0.4686  0.5684  0.4642  0.504   -0.18   0.1902  0.401   0.7265  0.9615  1.4941  
22      3.7215  9.14    32.23   8.6     23.318  -40.11  99.99   -0.14	0.08 	0.2414  0.6254  0.5843  0.4686  0.5684  0.4642  0.504   -0.18   0.1902  0.4007  0.7271  0.9615  1.4941  
22      3.7166  9.14    32.74   8.6     23.367  -40.13  99.99   0.016	0.08 	0.2414  0.6254  0.5843  0.4686  0.5684  0.4642  0.504   -0.18   0.1902  0.4007  0.7265  0.9623  1.4941  
22      3.7191  9.14    32.27   8.59    23.339  -40.11  99.99   -0.13	0.08 	0.2414  0.6254  0.5843  0.4686  0.5684  0.4642  0.504   -0.18   0.1902  0.4007  0.7265  0.9615  1.4953  
22-1                                                                          -2.e-4  0.3206  -5.398  -0.498  -1.101  -0.667  -0.213  6.2e-5  -0.579  0.3348  -1.924  0.2134  -1.752  

22-2    3.6087  9.03    42.49   8.35    24.484  -40.71  99.99   2.953	0.08 	0.2414  0.6255  0.5818  0.4684  0.5679  0.464   0.5039  -0.18   0.1901  0.4008  0.7254  0.9617  1.492   
22-3    3.5044  8.91    30.3    8.11    25.626  -41.22  99.99   -3.47	0.08 	0.2414  0.6257  0.5793  0.4683  0.5674  0.4637  0.5039  -0.18   0.19    0.4009  0.7243  0.9618  1.4899  
23      3.5044  8.91    30.29   8.11    25.625  -41.22  99.99   -3e-3	0.08 	0.2416  0.6257  0.5793  0.4683  0.5674  0.4637  0.5039  -0.18   0.19    0.4009  0.7243  0.9618  1.4899  
23      3.4746  8.91    30.26   8.11    25.709  -40.93  99.99   -8e-3	0.08 	0.2414  0.6262  0.5793  0.4683  0.5674  0.4637  0.5039  -0.18   0.19    0.4009  0.7243  0.9618  1.4899  
23      3.519   8.93    31.33   8.16    25.45   -41.13  99.99   0.324	0.08 	0.2414  0.6257  0.5797  0.4683  0.5674  0.4637  0.5039  -0.18   0.19    0.4009  0.7243  0.9618  1.4899  
23      3.5033  8.91    30.35   8.11    25.624  -41.2   99.99   0.016	0.08 	0.2414  0.6257  0.5793  0.4686  0.5674  0.4637  0.5039  -0.18   0.19    0.4009  0.7243  0.9618  1.4899  
23      3.5112  8.91    30.6    8.1     25.58   -41.24  99.99   0.092	0.08 	0.2414  0.6257  0.5793  0.4683  0.5679  0.4637  0.5039  -0.18   0.19    0.4009  0.7243  0.9618  1.4899  
23      3.5042  8.91    30.39   8.11    25.62   -41.21  99.99   0.028	0.08 	0.2414  0.6257  0.5793  0.4683  0.5674  0.4641  0.5039  -0.18   0.19    0.4009  0.7243  0.9618  1.4899  
23      3.5061  8.91    30.38   8.11    25.614  -41.22  99.99   0.024	0.08 	0.2414  0.6257  0.5793  0.4683  0.5674  0.4637  0.5043  -0.18   0.19    0.4009  0.7243  0.9618  1.4899  
23      3.5043  8.91    30.29   8.11    25.626  -41.22  99.99   -3e-3	0.08 	0.2414  0.6257  0.5793  0.4683  0.5674  0.4637  0.5039  -0.18   0.19    0.4009  0.7243  0.9618  1.4899  
23      3.5026  8.91    30.36   8.11    25.628  -41.2   99.99   0.019	0.08 	0.2414  0.6257  0.5793  0.4683  0.5674  0.4637  0.5039  -0.18   0.1902  0.4009  0.7243  0.9618  1.4899  
23      3.5038  8.91    30.24   8.11    25.635  -41.23  99.99   -0.02	0.08 	0.2414  0.6257  0.5793  0.4683  0.5674  0.4637  0.5039  -0.18   0.19    0.4012  0.7243  0.9618  1.4899  
23      3.507   8.91    30.65   8.12    25.587  -41.19  99.99   0.108	0.08 	0.2414  0.6257  0.5793  0.4683  0.5674  0.4637  0.5039  -0.18   0.19    0.4009  0.7249  0.9618  1.4899  
23      3.5023  8.91    30.21   8.12    25.64   -41.21  99.99   -0.03	0.08 	0.2414  0.6257  0.5793  0.4683  0.5674  0.4637  0.5039  -0.18   0.19    0.4009  0.7243  0.9626  1.4899  
23      3.5047  8.91    30.6    8.1     25.609  -41.2   99.99   0.093	0.08 	0.2414  0.6257  0.5793  0.4683  0.5674  0.4637  0.5039  -0.18   0.19    0.4009  0.7243  0.9618  1.4911  
23-1                                                                          -0.053  -0.13   5.5178  0.2667  1.5634  0.4751  0.4171  -0.053  0.3212  -0.315  1.8385  -0.469  1.5811  

23-2    3.609   9.03    43.65   8.35    24.462  -40.68  99.99   4.157	0.08 	0.2414  0.6256  0.5818  0.4684  0.5681  0.4639  0.504   -0.18   0.1901  0.4008  0.7254  0.9615  1.4918  
23-3    3.72    9.15    32.57   8.6     23.305  -40.06  99.99   -3.08	0.08 	0.2414  0.6256  0.5844  0.4685  0.5688  0.4641  0.5042  -0.18   0.1901  0.4007  0.7264  0.9611  1.4937  
24      3.7201  9.15    32.57   8.6     23.304  -40.06  99.99   -1e-5	0.08 	0.2416  0.6256  0.5844  0.4685  0.5688  0.4641  0.5042  -0.18   0.1901  0.4007  0.7264  0.9611  1.4937  
24      3.6879  9.14    32.62   8.59    23.381  -39.77  99.99   0.017	0.08 	0.2414  0.6261  0.5844  0.4685  0.5688  0.4641  0.5042  -0.18   0.1901  0.4007  0.7264  0.9611  1.4937  
24      3.7368  9.17    31.25   8.65    23.128  -39.95  99.99   -0.4 	0.08 	0.2414  0.6256  0.5849  0.4685  0.5688  0.4641  0.5042  -0.18   0.1901  0.4007  0.7264  0.9611  1.4937  
24      3.7187  9.15    32.46   8.6     23.305  -40.04  99.99   -0.03	0.08 	0.2414  0.6256  0.5844  0.4688  0.5688  0.4641  0.5042  -0.18   0.1901  0.4007  0.7264  0.9611  1.4937  
24      3.7277  9.15    32.28   8.59    23.258  -40.07  99.99   -0.09	0.08 	0.2414  0.6256  0.5844  0.4685  0.5693  0.4641  0.5042  -0.18   0.1901  0.4007  0.7264  0.9611  1.4937  
24      3.7197  9.15    32.42   8.6     23.3    -40.05  99.99   -0.05	0.08 	0.2414  0.6256  0.5844  0.4685  0.5688  0.4644  0.5042  -0.18   0.1901  0.4007  0.7264  0.9611  1.4937  
24      3.7219  9.15    32.51   8.59    23.293  -40.06  99.99   -0.02	0.08 	0.2414  0.6256  0.5844  0.4685  0.5688  0.4641  0.5046  -0.18   0.1901  0.4007  0.7264  0.9611  1.4937  
24      3.7199  9.15    32.57   8.6     23.305  -40.06  99.99   7.e-6	0.08 	0.2414  0.6256  0.5844  0.4685  0.5688  0.4641  0.5042  -0.18   0.1901  0.4007  0.7264  0.9611  1.4937  
24      3.7179  9.15    32.44   8.6     23.307  -40.04  99.99   -0.04	0.08 	0.2414  0.6256  0.5844  0.4685  0.5688  0.4641  0.5042  -0.18   0.1903  0.4007  0.7264  0.9611  1.4937  
24      3.7194  9.14    32.64   8.59    23.312  -40.07  99.99   0.018	0.08 	0.2414  0.6256  0.5844  0.4685  0.5688  0.4641  0.5042  -0.18   0.1901  0.401   0.7264  0.9611  1.4937  
24      3.7226  9.15    32.1    8.6     23.27   -40.03  99.99   -0.14	0.08 	0.2414  0.6256  0.5844  0.4685  0.5688  0.4641  0.5042  -0.18   0.1901  0.4007  0.727   0.9611  1.4937  
24      3.7177  9.15    32.63   8.6     23.319  -40.06  99.99   0.019	0.08 	0.2414  0.6256  0.5844  0.4685  0.5688  0.4641  0.5042  -0.18   0.1901  0.4007  0.7264  0.9619  1.4937  
24      3.7201  9.14    32.15   8.58    23.291  -40.04  99.99   -0.13	0.08 	0.2414  0.6256  0.5844  0.4685  0.5688  0.4641  0.5042  -0.18   0.1901  0.4007  0.7264  0.9611  1.4949  
24-1                                                                          -2.e-4  0.2276  -5.426  -0.455  -1.223  -0.623  -0.254  9.3e-5  -0.536  0.2418  -1.961  0.2545  -1.798  

24-2    3.6105  9.03    44.51   8.35    24.445  -40.67  99.99   3.603	0.08 	0.2414  0.6257  0.5818  0.4683  0.5683  0.4638  0.5041  -0.18   0.19    0.4008  0.7253  0.9613  1.4916  
24-3    3.5069  8.91    30.4    8.11    25.595  -41.2   99.99   -3.96	0.08 	0.2414  0.6258  0.5793  0.4681  0.5677  0.4636  0.504   -0.18   0.19    0.4009  0.7242  0.9615  1.4894  
25      3.507   8.91    30.39   8.11    25.594  -41.2   99.99   -3e-3	0.08 	0.2416  0.6258  0.5793  0.4681  0.5677  0.4636  0.504   -0.18   0.19    0.4009  0.7242  0.9615  1.4894  
25      3.4772  8.91    30.36   8.11    25.678  -40.92  99.99   -8e-3	0.08 	0.2414  0.6263  0.5793  0.4681  0.5677  0.4636  0.504   -0.18   0.19    0.4009  0.7242  0.9615  1.4894  
25      3.5217  8.93    31.46   8.15    25.418  -41.12  99.99   0.333	0.08 	0.2414  0.6258  0.5798  0.4681  0.5677  0.4636  0.504   -0.18   0.19    0.4009  0.7242  0.9615  1.4894  
25      3.5058  8.92    30.46   8.12    25.593  -41.19  99.99   0.022	0.08 	0.2414  0.6258  0.5793  0.4685  0.5677  0.4636  0.504   -0.18   0.19    0.4009  0.7242  0.9615  1.4894  
25      3.5138  8.92    30.7    8.1     25.549  -41.22  99.99   0.095	0.08 	0.2414  0.6258  0.5793  0.4681  0.5682  0.4636  0.504   -0.18   0.19    0.4009  0.7242  0.9615  1.4894  
25      3.5067  8.91    30.5    8.11    25.589  -41.19  99.99   0.031	0.08 	0.2414  0.6258  0.5793  0.4681  0.5677  0.464   0.504   -0.18   0.19    0.4009  0.7242  0.9615  1.4894  
25      3.5087  8.92    30.49   8.11    25.583  -41.21  99.99   0.031	0.08 	0.2414  0.6258  0.5793  0.4681  0.5677  0.4636  0.5044  -0.18   0.19    0.4009  0.7242  0.9615  1.4894  
25      3.5069  8.91    30.4    8.11    25.595  -41.2   99.99   7.e-6	0.08 	0.2414  0.6258  0.5793  0.4681  0.5677  0.4636  0.504   -0.18   0.19    0.4009  0.7242  0.9615  1.4894  
25      3.5051  8.91    30.46   8.11    25.597  -41.18  99.99   0.019	0.08 	0.2414  0.6258  0.5793  0.4681  0.5677  0.4636  0.504   -0.18   0.1901  0.4009  0.7242  0.9615  1.4894  
25      3.5064  8.91    30.33   8.11    25.604  -41.21  99.99   -0.02	0.08 	0.2414  0.6258  0.5793  0.4681  0.5677  0.4636  0.504   -0.18   0.19    0.4012  0.7242  0.9615  1.4894  
25      3.5095  8.92    30.77   8.12    25.556  -41.18  99.99   0.118	0.08 	0.2414  0.6258  0.5793  0.4681  0.5677  0.4636  0.504   -0.18   0.19    0.4009  0.7247  0.9615  1.4894  
25      3.5049  8.91    30.31   8.11    25.609  -41.2   99.99   -0.03	0.08 	0.2414  0.6258  0.5793  0.4681  0.5677  0.4636  0.504   -0.18   0.19    0.4009  0.7242  0.9623  1.4894  
25      3.5073  8.91    30.71   8.1     25.578  -41.18  99.99   0.096	0.08 	0.2414  0.6258  0.5793  0.4681  0.5677  0.4636  0.504   -0.18   0.19    0.4009  0.7242  0.9615  1.4906  
25-1                                                                          -0.05   -0.123  5.375   0.3624  1.5403  0.4998  0.5048  1.1e-4  0.3042  -0.348  1.9009  -0.444  1.5472  

25-2    3.6096  9.03    44.88   8.34    24.452  -40.67  99.99   4.503	0.08 	0.2414  0.6257  0.5818  0.4683  0.5684  0.4638  0.5042  -0.18   0.19    0.4007  0.7253  0.9612  1.4913  
25-3    3.7184  9.14    32.92   8.58    23.316  -40.06  99.99   -3.3 	0.08 	0.2414  0.6257  0.5843  0.4684  0.5691  0.464   0.5044  -0.18   0.1901  0.4006  0.7264  0.9608  1.4931  
26      3.7185  9.14    32.93   8.58    23.315  -40.06  99.99   3.e-3	0.08 	0.2416  0.6257  0.5843  0.4684  0.5691  0.464   0.5044  -0.18   0.1901  0.4006  0.7264  0.9608  1.4931  
26      3.6863  9.14    32.99   8.58    23.392  -39.77  99.99   0.026	0.08 	0.2414  0.6262  0.5843  0.4684  0.5691  0.464   0.5044  -0.18   0.1901  0.4006  0.7264  0.9608  1.4931  
26      3.7352  9.16    31.55   8.63    23.139  -39.95  99.99   -0.41	0.08 	0.2414  0.6257  0.5848  0.4684  0.5691  0.464   0.5044  -0.18   0.1901  0.4006  0.7264  0.9608  1.4931  
26      3.7171  9.15    32.82   8.59    23.315  -40.04  99.99   -0.03	0.08 	0.2414  0.6257  0.5843  0.4688  0.5691  0.464   0.5044  -0.18   0.1901  0.4006  0.7264  0.9608  1.4931  
26      3.7261  9.15    32.6    8.57    23.268  -40.07  99.99   -0.09	0.08 	0.2414  0.6257  0.5843  0.4684  0.5696  0.464   0.5044  -0.18   0.1901  0.4006  0.7264  0.9608  1.4931  
26      3.7181  9.15    32.78   8.59    23.311  -40.05  99.99   -0.04	0.08 	0.2414  0.6257  0.5843  0.4684  0.5691  0.4644  0.5044  -0.18   0.1901  0.4006  0.7264  0.9608  1.4931  
26      3.7203  9.15    32.86   8.58    23.304  -40.06  99.99   -0.01	0.08 	0.2414  0.6257  0.5843  0.4684  0.5691  0.464   0.5048  -0.18   0.1901  0.4006  0.7264  0.9608  1.4931  
26      3.7183  9.14    32.92   8.58    23.316  -40.06  99.99   6.e-6	0.08 	0.2414  0.6257  0.5843  0.4684  0.5691  0.464   0.5044  -0.18   0.1901  0.4006  0.7264  0.9608  1.4931  
26      3.7164  9.15    32.8    8.59    23.318  -40.04  99.99   -0.03	0.08 	0.2414  0.6257  0.5843  0.4684  0.5691  0.464   0.5044  -0.18   0.1902  0.4006  0.7264  0.9608  1.4931  
26      3.7178  9.14    33.01   8.58    23.323  -40.07  99.99   0.027	0.08 	0.2414  0.6257  0.5843  0.4684  0.5691  0.464   0.5044  -0.18   0.1901  0.401   0.7264  0.9608  1.4931  
26      3.721   9.15    32.44   8.59    23.281  -40.03  99.99   -0.14	0.08 	0.2414  0.6257  0.5843  0.4684  0.5691  0.464   0.5044  -0.18   0.1901  0.4006  0.7269  0.9608  1.4931  
26      3.7161  9.14    33      8.58    23.33   -40.06  99.99   0.025	0.08 	0.2414  0.6257  0.5843  0.4684  0.5691  0.464   0.5044  -0.18   0.1901  0.4006  0.7264  0.9616  1.4931  
26      3.7185  9.14    32.49   8.57    23.302  -40.04  99.99   -0.13	0.08 	0.2414  0.6257  0.5843  0.4684  0.5691  0.464   0.5044  -0.18   0.1901  0.4006  0.7264  0.9608  1.4943  
26-1                                                                          0.0404  0.3525  -5.495  -0.353  -1.265  -0.518  -0.198  7.6e-5  -0.433  0.3663  -1.904  0.3294  -1.745  

26-2    3.6032  9.03    44.88   8.33    24.48   -40.63  99.99   3.604	0.08 	0.2414  0.6258  0.5817  0.4683  0.5686  0.4638  0.5043  -0.18   0.19    0.4008  0.7253  0.9611  1.491   
26-3    3.4945  8.91    30.18   8.09    25.655  -41.13  99.99   -4.11	0.08 	0.2414  0.626   0.5792  0.4681  0.568   0.4636  0.5042  -0.18   0.1899  0.4009  0.7242  0.9613  1.4889  
27      3.4945  8.91    30.17   8.09    25.655  -41.13  99.99   -3e-3	0.08 	0.2416  0.626   0.5792  0.4681  0.568   0.4636  0.5042  -0.18   0.1899  0.4009  0.7242  0.9613  1.4889  
27      3.4649  8.91    30.14   8.09    25.739  -40.84  99.99   -8e-3	0.08 	0.2414  0.6265  0.5792  0.4681  0.568   0.4636  0.5042  -0.18   0.1899  0.4009  0.7242  0.9613  1.4889  
27      3.5092  8.93    31.22   8.14    25.478  -41.04  99.99   0.327	0.08 	0.2414  0.626   0.5797  0.4681  0.568   0.4636  0.5042  -0.18   0.1899  0.4009  0.7242  0.9613  1.4889  
27      3.4934  8.91    30.24   8.09    25.654  -41.11  99.99   0.019	0.08 	0.2414  0.626   0.5792  0.4685  0.568   0.4636  0.5042  -0.18   0.1899  0.4009  0.7242  0.9613  1.4889  
27      3.5014  8.91    30.46   8.08    25.609  -41.15  99.99   0.086	0.08 	0.2414  0.626   0.5792  0.4681  0.5684  0.4636  0.5042  -0.18   0.1899  0.4009  0.7242  0.9613  1.4889  
27      3.4943  8.91    30.28   8.09    25.65   -41.12  99.99   0.031	0.08 	0.2414  0.626   0.5792  0.4681  0.568   0.464   0.5042  -0.18   0.1899  0.4009  0.7242  0.9613  1.4889  
27      3.4962  8.91    30.25   8.09    25.644  -41.13  99.99   0.021	0.08 	0.2414  0.626   0.5792  0.4681  0.568   0.4636  0.5046  -0.18   0.1899  0.4009  0.7242  0.9613  1.4889  
27      3.4944  8.91    30.18   8.09    25.656  -41.13  99.99   6.e-6	0.08 	0.2414  0.626   0.5792  0.4681  0.568   0.4636  0.5042  -0.18   0.1899  0.4009  0.7242  0.9613  1.4889  
27      3.4928  8.91    30.25   8.09    25.658  -41.11  99.99   0.022	0.08 	0.2414  0.626   0.5792  0.4681  0.568   0.4636  0.5042  -0.18   0.1901  0.4009  0.7242  0.9613  1.4889  
27      3.4939  8.91    30.12   8.09    25.664  -41.14  99.99   -0.02	0.08 	0.2414  0.626   0.5792  0.4681  0.568   0.4636  0.5042  -0.18   0.1899  0.4012  0.7242  0.9613  1.4889  
27      3.4971  8.91    30.54   8.1     25.617  -41.1   99.99   0.111	0.08 	0.2414  0.626   0.5792  0.4681  0.568   0.4636  0.5042  -0.18   0.1899  0.4009  0.7247  0.9613  1.4889  
27      3.4924  8.91    30.1    8.1     25.67   -41.12  99.99   -0.02	0.08 	0.2414  0.626   0.5792  0.4681  0.568   0.4636  0.5042  -0.18   0.1899  0.4009  0.7242  0.9621  1.4889  
27      3.4948  8.91    30.49   8.08    25.639  -41.11  99.99   0.096	0.08 	0.2414  0.626   0.5792  0.4681  0.568   0.4636  0.5042  -0.18   0.1899  0.4009  0.7242  0.9613  1.4901  
27-1                                                                          -0.053  -0.13   5.5477  0.318   1.4519  0.5257  0.3629  9.6e-5  0.3723  -0.314  1.8836  -0.415  1.6271  

27-2    3.5986  9.03    45.34   8.33    24.484  -40.57  99.99   4.721	0.08 	0.2414  0.6259  0.5818  0.4682  0.5686  0.4638  0.5044  -0.18   0.19    0.4008  0.7252  0.961   1.4909  
27-3    3.709   9.15    32.87   8.58    23.321  -39.94  99.99   -3.43	0.08 	0.2414  0.6259  0.5843  0.4684  0.5693  0.464   0.5045  -0.18   0.19    0.4007  0.7263  0.9607  1.4928  
28      3.709   9.15    32.87   8.58    23.32   -39.94  99.99   -1e-5	0.08 	0.2416  0.6259  0.5843  0.4684  0.5693  0.464   0.5045  -0.18   0.19    0.4007  0.7263  0.9607  1.4928  
28      3.677   9.15    32.93   8.58    23.397  -39.65  99.99   0.023	0.08 	0.2414  0.6264  0.5843  0.4684  0.5693  0.464   0.5045  -0.18   0.19    0.4007  0.7263  0.9607  1.4928  
28      3.7257  9.17    31.5    8.63    23.144  -39.83  99.99   -0.41	0.08 	0.2414  0.6259  0.5848  0.4684  0.5693  0.464   0.5045  -0.18   0.19    0.4007  0.7263  0.9607  1.4928  
28      3.7077  9.15    32.76   8.58    23.321  -39.92  99.99   -0.03	0.08 	0.2414  0.6259  0.5843  0.4687  0.5693  0.464   0.5045  -0.18   0.19    0.4007  0.7263  0.9607  1.4928  
28      3.7167  9.15    32.52   8.57    23.273  -39.96  99.99   -0.11	0.08 	0.2414  0.6259  0.5843  0.4684  0.5698  0.464   0.5045  -0.18   0.19    0.4007  0.7263  0.9607  1.4928  
28      3.7087  9.15    32.72   8.58    23.316  -39.93  99.99   -0.05	0.08 	0.2414  0.6259  0.5843  0.4684  0.5693  0.4644  0.5045  -0.18   0.19    0.4007  0.7263  0.9607  1.4928  
28      3.7109  9.15    32.79   8.58    23.309  -39.95  99.99   -0.02	0.08 	0.2414  0.6259  0.5843  0.4684  0.5693  0.464   0.5049  -0.18   0.19    0.4007  0.7263  0.9607  1.4928  
28      3.7089  9.15    32.87   8.58    23.321  -39.94  99.99   5.e-6	0.08 	0.2414  0.6259  0.5843  0.4684  0.5693  0.464   0.5045  -0.18   0.19    0.4007  0.7263  0.9607  1.4928  
28      3.7069  9.15    32.74   8.58    23.324  -39.92  99.99   -0.04	0.08 	0.2414  0.6259  0.5843  0.4684  0.5693  0.464   0.5045  -0.18   0.1902  0.4007  0.7263  0.9607  1.4928  
28      3.7084  9.15    32.95   8.58    23.329  -39.95  99.99   0.024	0.08 	0.2414  0.6259  0.5843  0.4684  0.5693  0.464   0.5045  -0.18   0.19    0.401   0.7263  0.9607  1.4928  
28      3.7116  9.15    32.38   8.59    23.286  -39.91  99.99   -0.15	0.08 	0.2414  0.6259  0.5843  0.4684  0.5693  0.464   0.5045  -0.18   0.19    0.4007  0.7269  0.9607  1.4928  
28      3.7067  9.15    32.95   8.59    23.335  -39.94  99.99   0.025	0.08 	0.2414  0.6259  0.5843  0.4684  0.5693  0.464   0.5045  -0.18   0.19    0.4007  0.7263  0.9614  1.4928  
28      3.7091  9.15    32.45   8.57    23.307  -39.92  99.99   -0.13	0.08 	0.2414  0.6259  0.5843  0.4684  0.5693  0.464   0.5045  -0.18   0.19    0.4007  0.7263  0.9607  1.494   
28-1                                                                          -2.e-4  0.3002  -5.292  -0.427  -1.383  -0.585  -0.317  5.8e-5  -0.504  0.3137  -1.92   0.3171  -1.641  

28-2    3.598   9.03    46.66   8.34    24.453  -40.51  99.99   4.156	0.08 	0.2414  0.626   0.5819  0.4682  0.5687  0.4638  0.5044  -0.18   0.19    0.4008  0.7252  0.9609  1.4909  
28-3    3.4932  8.92    30.61   8.11    25.595  -41.01  99.99   -4.43	0.08 	0.2414  0.6262  0.5794  0.468   0.568   0.4636  0.5043  -0.18   0.1899  0.4009  0.7241  0.9612  1.4889  
29      3.4932  8.92    30.61   8.11    25.595  -41.01  99.99   -1e-5	0.08 	0.2416  0.6262  0.5794  0.468   0.568   0.4636  0.5043  -0.18   0.1899  0.4009  0.7241  0.9612  1.4889  
29      3.4635  8.92    30.57   8.11    25.678  -40.72  99.99   -8e-3	0.08 	0.2414  0.6267  0.5794  0.468   0.568   0.4636  0.5043  -0.18   0.1899  0.4009  0.7241  0.9612  1.4889  
29      3.5079  8.94    31.71   8.16    25.418  -40.92  99.99   0.344	0.08 	0.2414  0.6262  0.5799  0.468   0.568   0.4636  0.5043  -0.18   0.1899  0.4009  0.7241  0.9612  1.4889  
29      3.4921  8.92    30.68   8.11    25.594  -40.99  99.99   0.022	0.08 	0.2414  0.6262  0.5794  0.4684  0.568   0.4636  0.5043  -0.18   0.1899  0.4009  0.7241  0.9612  1.4889  
29      3.5     8.92    30.9    8.1     25.549  -41.03  99.99   0.088	0.08 	0.2414  0.6262  0.5794  0.468   0.5685  0.4636  0.5043  -0.18   0.1899  0.4009  0.7241  0.9612  1.4889  
29      3.493   8.92    30.72   8.11    25.589  -41     99.99   0.034	0.08 	0.2414  0.6262  0.5794  0.468   0.568   0.4639  0.5043  -0.18   0.1899  0.4009  0.7241  0.9612  1.4889  
29      3.4949  8.92    30.69   8.11    25.584  -41.01  99.99   0.024	0.08 	0.2414  0.6262  0.5794  0.468   0.568   0.4636  0.5047  -0.18   0.1899  0.4009  0.7241  0.9612  1.4889  
29      3.4931  8.92    30.61   8.11    25.595  -41.01  99.99   7.e-6	0.08 	0.2414  0.6262  0.5794  0.468   0.568   0.4636  0.5043  -0.18   0.1899  0.4009  0.7241  0.9612  1.4889  
29      3.4914  8.92    30.68   8.11    25.598  -40.99  99.99   0.022	0.08 	0.2414  0.6262  0.5794  0.468   0.568   0.4636  0.5043  -0.18   0.19    0.4009  0.7241  0.9612  1.4889  
29      3.4926  8.92    30.55   8.11    25.604  -41.02  99.99   -0.02	0.08 	0.2414  0.6262  0.5794  0.468   0.568   0.4636  0.5043  -0.18   0.1899  0.4012  0.7241  0.9612  1.4889  
29      3.4958  8.92    30.99   8.11    25.557  -40.98  99.99   0.117	0.08 	0.2414  0.6262  0.5794  0.468   0.568   0.4636  0.5043  -0.18   0.1899  0.4009  0.7247  0.9612  1.4889  
29      3.4911  8.92    30.53   8.11    25.61   -41     99.99   -0.02	0.08 	0.2414  0.6262  0.5794  0.468   0.568   0.4636  0.5043  -0.18   0.1899  0.4009  0.7241  0.9619  1.4889  
29      3.4935  8.92    30.94   8.1     25.579  -40.99  99.99   0.102	0.08 	0.2414  0.6262  0.5794  0.468   0.568   0.4636  0.5043  -0.18   0.1899  0.4009  0.7241  0.9612  1.4901  
29-1                                                                          -2.e-4  -0.123  5.5705  0.3521  1.4292  0.5494  0.3947  1.1e-4  0.3538  -0.298  1.8894  -0.394  1.6458  

29-2    3.5975  9.04    48.31   8.35    24.419  -40.44  99.99   5.489	0.08 	0.2414  0.6261  0.582   0.4682  0.5687  0.4638  0.5044  -0.18   0.1899  0.4008  0.7252  0.9609  1.4909  
29-3    3.7081  9.16    32.2    8.61    23.251  -39.8   99.99   -4.35	0.08 	0.2414  0.6261  0.5846  0.4683  0.5693  0.464   0.5046  -0.18   0.19    0.4007  0.7263  0.9606  1.4928  
30      3.7082  9.16    32.21   8.6     23.251  -39.8   99.99   3.e-3	0.08 	0.2416  0.6261  0.5846  0.4683  0.5693  0.464   0.5046  -0.18   0.19    0.4007  0.7263  0.9606  1.4928  
30      3.676   9.16    32.26   8.6     23.328  -39.51  99.99   0.023	0.08 	0.2414  0.6266  0.5846  0.4683  0.5693  0.464   0.5046  -0.18   0.19    0.4007  0.7263  0.9606  1.4928  
30      3.7249  9.18    30.92   8.66    23.074  -39.68  99.99   -0.39	0.08 	0.2414  0.6261  0.585   0.4683  0.5693  0.464   0.5046  -0.18   0.19    0.4007  0.7263  0.9606  1.4928  
30      3.7068  9.16    32.11   8.61    23.251  -39.78  99.99   -0.03	0.08 	0.2414  0.6261  0.5846  0.4687  0.5693  0.464   0.5046  -0.18   0.19    0.4007  0.7263  0.9606  1.4928  
30      3.7159  9.16    31.88   8.59    23.204  -39.81  99.99   -0.1 	0.08 	0.2414  0.6261  0.5846  0.4683  0.5698  0.464   0.5046  -0.18   0.19    0.4007  0.7263  0.9606  1.4928  
30      3.7078  9.16    32.07   8.61    23.247  -39.78  99.99   -0.04	0.08 	0.2414  0.6261  0.5846  0.4683  0.5693  0.4643  0.5046  -0.18   0.19    0.4007  0.7263  0.9606  1.4928  
30      3.7101  9.16    32.13   8.6     23.24   -39.8   99.99   -0.02	0.08 	0.2414  0.6261  0.5846  0.4683  0.5693  0.464   0.505   -0.18   0.19    0.4007  0.7263  0.9606  1.4928  
30      3.7081  9.16    32.2    8.61    23.252  -39.8   99.99   5.e-6	0.08 	0.2414  0.6261  0.5846  0.4683  0.5693  0.464   0.5046  -0.18   0.19    0.4007  0.7263  0.9606  1.4928  
30      3.7061  9.16    32.09   8.61    23.254  -39.78  99.99   -0.03	0.08 	0.2414  0.6261  0.5846  0.4683  0.5693  0.464   0.5046  -0.18   0.1901  0.4007  0.7263  0.9606  1.4928  
30      3.7076  9.16    32.28   8.6     23.259  -39.81  99.99   0.024	0.08 	0.2414  0.6261  0.5846  0.4683  0.5693  0.464   0.5046  -0.18   0.19    0.401   0.7263  0.9606  1.4928  
30      3.7107  9.16    31.75   8.61    23.217  -39.77  99.99   -0.14	0.08 	0.2414  0.6261  0.5846  0.4683  0.5693  0.464   0.5046  -0.18   0.19    0.4007  0.7269  0.9606  1.4928  
30      3.7059  9.16    32.28   8.61    23.266  -39.79  99.99   0.025	0.08 	0.2414  0.6261  0.5846  0.4683  0.5693  0.464   0.5046  -0.18   0.19    0.4007  0.7263  0.9613  1.4928  
30      3.7082  9.16    31.81   8.6     23.238  -39.77  99.99   -0.12	0.08 	0.2414  0.6261  0.5846  0.4683  0.5693  0.464   0.5046  -0.18   0.19    0.4007  0.7263  0.9606  1.494   
30-1                                                                          0.0421  0.3245  -5.342  -0.377  -1.369  -0.549  -0.3    6.3e-5  -0.46   0.3391  -1.907  0.3429  -1.648  

30-2    3.5953  9.04    49.95   8.36    24.395  -40.37  99.99   5.384	0.08 	0.2414  0.6262  0.5821  0.4682  0.5687  0.4638  0.5045  -0.18   0.1899  0.4008  0.7252  0.9608  1.4909  
30-3    3.4888  8.93    31.05   8.13    25.549  -40.87  99.99   -5.1 	0.08 	0.2414  0.6264  0.5796  0.468   0.5681  0.4636  0.5044  -0.18   0.1898  0.4009  0.7241  0.9611  1.4889  
31      3.4888  8.93    31.04   8.13    25.548  -40.87  99.99   -3e-3	0.08 	0.2416  0.6264  0.5796  0.468   0.5681  0.4636  0.5044  -0.18   0.1898  0.4009  0.7241  0.9611  1.4889  
31      3.4591  8.93    31      8.13    25.632  -40.58  99.99   -0.01	0.08 	0.2414  0.6269  0.5796  0.468   0.5681  0.4636  0.5044  -0.18   0.1898  0.4009  0.7241  0.9611  1.4889  
31      3.5035  8.95    32.21   8.17    25.371  -40.78  99.99   0.362	0.08 	0.2414  0.6264  0.5801  0.468   0.5681  0.4636  0.5044  -0.18   0.1898  0.4009  0.7241  0.9611  1.4889  
31      3.4877  8.93    31.11   8.13    25.547  -40.85  99.99   0.019	0.08 	0.2414  0.6264  0.5796  0.4684  0.5681  0.4636  0.5044  -0.18   0.1898  0.4009  0.7241  0.9611  1.4889  
31      3.4957  8.93    31.35   8.12    25.502  -40.89  99.99   0.091	0.08 	0.2414  0.6264  0.5796  0.468   0.5686  0.4636  0.5044  -0.18   0.1898  0.4009  0.7241  0.9611  1.4889  
31      3.4886  8.93    31.16   8.13    25.543  -40.85  99.99   0.034	0.08 	0.2414  0.6264  0.5796  0.468   0.5681  0.4639  0.5044  -0.18   0.1898  0.4009  0.7241  0.9611  1.4889  
31      3.4905  8.93    31.13   8.12    25.537  -40.87  99.99   0.024	0.08 	0.2414  0.6264  0.5796  0.468   0.5681  0.4636  0.5048  -0.18   0.1898  0.4009  0.7241  0.9611  1.4889  
31      3.4887  8.93    31.05   8.13    25.549  -40.87  99.99   6.e-6	0.08 	0.2414  0.6264  0.5796  0.468   0.5681  0.4636  0.5044  -0.18   0.1898  0.4009  0.7241  0.9611  1.4889  
31      3.487   8.93    31.12   8.13    25.551  -40.85  99.99   0.022	0.08 	0.2414  0.6264  0.5796  0.468   0.5681  0.4636  0.5044  -0.18   0.19    0.4009  0.7241  0.9611  1.4889  
31      3.4882  8.93    30.98   8.13    25.558  -40.87  99.99   -0.02	0.08 	0.2414  0.6264  0.5796  0.468   0.5681  0.4636  0.5044  -0.18   0.1898  0.4012  0.7241  0.9611  1.4889  
31      3.4914  8.93    31.45   8.13    25.511  -40.84  99.99   0.123	0.08 	0.2414  0.6264  0.5796  0.468   0.5681  0.4636  0.5044  -0.18   0.1898  0.4009  0.7247  0.9611  1.4889  
31      3.4867  8.93    30.96   8.13    25.563  -40.86  99.99   -0.03	0.08 	0.2414  0.6264  0.5796  0.468   0.5681  0.4636  0.5044  -0.18   0.1898  0.4009  0.7241  0.9619  1.4889  
31      3.4891  8.93    31.39   8.12    25.532  -40.84  99.99   0.104	0.08 	0.2414  0.6264  0.5796  0.468   0.5681  0.4636  0.5044  -0.18   0.1898  0.4009  0.7241  0.9611  1.4901  
31-1                                                                          -0.048  -0.164  5.5912  0.2879  1.4088  0.5233  0.3759  8.8e-5  0.337   -0.331  1.8947  -0.423  1.6151  

31-2    3.5948  9.05    51.84   8.37    24.365  -40.31  99.99   6.421	0.08 	0.2414  0.6263  0.5822  0.4681  0.5687  0.4637  0.5045  -0.18   0.1899  0.4008  0.7252  0.9608  1.4908  
31-3    3.7072  9.16    31.66   8.62    23.19   -39.67  99.99   -5.33	0.08 	0.2414  0.6262  0.5848  0.4682  0.5694  0.4639  0.5047  -0.18   0.19    0.4007  0.7263  0.9604  1.4927  
32      3.7073  9.16    31.66   8.62    23.19   -39.67  99.99   -1e-5	0.08 	0.2416  0.6262  0.5848  0.4682  0.5694  0.4639  0.5047  -0.18   0.19    0.4007  0.7263  0.9604  1.4927  
32      3.6752  9.16    31.71   8.61    23.266  -39.38  99.99   0.02 	0.08 	0.2414  0.6267  0.5848  0.4682  0.5694  0.4639  0.5047  -0.18   0.19    0.4007  0.7263  0.9604  1.4927  
32      3.7241  9.18    30.44   8.67    23.013  -39.55  99.99   -0.37	0.08 	0.2414  0.6262  0.5853  0.4682  0.5694  0.4639  0.5047  -0.18   0.19    0.4007  0.7263  0.9604  1.4927  
32      3.7059  9.17    31.58   8.63    23.19   -39.65  99.99   -0.02	0.08 	0.2414  0.6262  0.5848  0.4686  0.5694  0.4639  0.5047  -0.18   0.19    0.4007  0.7263  0.9604  1.4927  
32      3.7149  9.17    31.35   8.61    23.143  -39.68  99.99   -0.09	0.08 	0.2414  0.6262  0.5848  0.4682  0.5698  0.4639  0.5047  -0.18   0.19    0.4007  0.7263  0.9604  1.4927  
32      3.7069  9.17    31.54   8.63    23.186  -39.65  99.99   -0.03	0.08 	0.2414  0.6262  0.5848  0.4682  0.5694  0.4643  0.5047  -0.18   0.19    0.4007  0.7263  0.9604  1.4927  
32      3.7091  9.17    31.59   8.62    23.178  -39.67  99.99   -0.02	0.08 	0.2414  0.6262  0.5848  0.4682  0.5694  0.4639  0.5051  -0.18   0.19    0.4007  0.7263  0.9604  1.4927  
32      3.7071  9.16    31.66   8.62    23.19   -39.67  99.99   5.e-6	0.08 	0.2414  0.6262  0.5848  0.4682  0.5694  0.4639  0.5047  -0.18   0.19    0.4007  0.7263  0.9604  1.4927  
32      3.7051  9.17    31.56   8.63    23.193  -39.64  99.99   -0.03	0.08 	0.2414  0.6262  0.5848  0.4682  0.5694  0.4639  0.5047  -0.18   0.1901  0.4007  0.7263  0.9604  1.4927  
32      3.7066  9.16    31.73   8.61    23.198  -39.67  99.99   0.022	0.08 	0.2414  0.6262  0.5848  0.4682  0.5694  0.4639  0.5047  -0.18   0.19    0.401   0.7263  0.9604  1.4927  
32      3.7098  9.17    31.24   8.63    23.156  -39.64  99.99   -0.13	0.08 	0.2414  0.6262  0.5848  0.4682  0.5694  0.4639  0.5047  -0.18   0.19    0.4007  0.7269  0.9604  1.4927  
32      3.7049  9.17    31.74   8.63    23.204  -39.66  99.99   0.029	0.08 	0.2414  0.6262  0.5848  0.4682  0.5694  0.4639  0.5047  -0.18   0.19    0.4007  0.7263  0.9612  1.4927  
32      3.7073  9.16    31.29   8.61    23.177  -39.64  99.99   -0.11	0.08 	0.2414  0.6262  0.5848  0.4682  0.5694  0.4639  0.5047  -0.18   0.19    0.4007  0.7263  0.9604  1.4939  
32-1                                                                          -2.e-4  0.3057  -5.52   -0.308  -1.384  -0.494  -0.27   6.8e-5  -0.398  0.322   -1.875  0.4273  -1.696  

32-2    3.5917  9.05    52.41   8.37    24.366  -40.26  99.99   6.329	0.08 	0.2414  0.6264  0.5822  0.4681  0.5687  0.4638  0.5045  -0.18   0.1899  0.4008  0.7252  0.9608  1.4907  
32-3    3.4827  8.93    31.12   8.13    25.552  -40.79  99.99   -5.65	0.08 	0.2414  0.6265  0.5796  0.468   0.5681  0.4636  0.5044  -0.18   0.1898  0.4009  0.7241  0.9611  1.4887  
33      3.4828  8.93    31.11   8.13    25.551  -40.79  99.99   -3e-3	0.08 	0.2416  0.6265  0.5796  0.468   0.5681  0.4636  0.5044  -0.18   0.1898  0.4009  0.7241  0.9611  1.4887  
33      3.4531  8.93    31.08   8.13    25.635  -40.5   99.99   -8e-3	0.08 	0.2414  0.627   0.5796  0.468   0.5681  0.4636  0.5044  -0.18   0.1898  0.4009  0.7241  0.9611  1.4887  
33      3.4974  8.95    32.3    8.18    25.374  -40.7   99.99   0.368	0.08 	0.2414  0.6265  0.5801  0.468   0.5681  0.4636  0.5044  -0.18   0.1898  0.4009  0.7241  0.9611  1.4887  
33      3.4816  8.93    31.19   8.13    25.551  -40.77  99.99   0.022	0.08 	0.2414  0.6265  0.5796  0.4684  0.5681  0.4636  0.5044  -0.18   0.1898  0.4009  0.7241  0.9611  1.4887  
33      3.4896  8.93    31.43   8.12    25.505  -40.81  99.99   0.094	0.08 	0.2414  0.6265  0.5796  0.468   0.5686  0.4636  0.5044  -0.18   0.1898  0.4009  0.7241  0.9611  1.4887  
33      3.4825  8.93    31.23   8.13    25.546  -40.77  99.99   0.034	0.08 	0.2414  0.6265  0.5796  0.468   0.5681  0.4639  0.5044  -0.18   0.1898  0.4009  0.7241  0.9611  1.4887  
33      3.4845  8.93    31.2    8.13    25.54   -40.79  99.99   0.024	0.08 	0.2414  0.6265  0.5796  0.468   0.5681  0.4636  0.5048  -0.18   0.1898  0.4009  0.7241  0.9611  1.4887  
33      3.4827  8.93    31.12   8.13    25.552  -40.79  99.99   5.e-6	0.08 	0.2414  0.6265  0.5796  0.468   0.5681  0.4636  0.5044  -0.18   0.1898  0.4009  0.7241  0.9611  1.4887  
33      3.481   8.93    31.2    8.13    25.554  -40.76  99.99   0.025	0.08 	0.2414  0.6265  0.5796  0.468   0.5681  0.4636  0.5044  -0.18   0.19    0.4009  0.7241  0.9611  1.4887  
33      3.4822  8.93    31.05   8.13    25.561  -40.79  99.99   -0.02	0.08 	0.2414  0.6265  0.5796  0.468   0.5681  0.4636  0.5044  -0.18   0.1898  0.4012  0.7241  0.9611  1.4887  
33      3.4853  8.93    31.52   8.13    25.514  -40.76  99.99   0.123	0.08 	0.2414  0.6265  0.5796  0.468   0.5681  0.4636  0.5044  -0.18   0.1898  0.4009  0.7247  0.9611  1.4887  
33      3.4807  8.93    31.03   8.13    25.566  -40.78  99.99   -0.03	0.08 	0.2414  0.6265  0.5796  0.468   0.5681  0.4636  0.5044  -0.18   0.1898  0.4009  0.7241  0.9619  1.4887  
33      3.4831  8.93    31.47   8.12    25.535  -40.76  99.99   0.108	0.08 	0.2414  0.6265  0.5796  0.468   0.5681  0.4636  0.5044  -0.18   0.1898  0.4009  0.7241  0.9611  1.4899  
33-1                                                                          -0.047  -0.115  5.5843  0.3294  1.4301  0.5139  0.3691  7.4e-5  0.3777  -0.325  1.8607  -0.415  1.6328  

33-2    3.5868  9.05    52.98   8.37    24.373  -40.21  99.99   6.747	0.08 	0.2414  0.6265  0.5822  0.4681  0.5688  0.4638  0.5046  -0.18   0.1899  0.4008  0.7252  0.9608  1.4906  
33-3    3.6971  9.17    31.6    8.63    23.201  -39.55  99.99   -5.6 	0.08 	0.2414  0.6264  0.5848  0.4683  0.5694  0.464   0.5047  -0.18   0.1899  0.4007  0.7263  0.9605  1.4926  
34      3.6972  9.17    31.6    8.63    23.201  -39.55  99.99   -1e-5	0.08 	0.2416  0.6264  0.5848  0.4683  0.5694  0.464   0.5047  -0.18   0.1899  0.4007  0.7263  0.9605  1.4926  
34      3.6652  9.17    31.66   8.63    23.277  -39.26  99.99   0.023	0.08 	0.2414  0.6269  0.5848  0.4683  0.5694  0.464   0.5047  -0.18   0.1899  0.4007  0.7263  0.9605  1.4926  
34      3.7139  9.19    30.39   8.68    23.024  -39.44  99.99   -0.37	0.08 	0.2414  0.6264  0.5853  0.4683  0.5694  0.464   0.5047  -0.18   0.1899  0.4007  0.7263  0.9605  1.4926  
34      3.6958  9.17    31.52   8.63    23.202  -39.53  99.99   -0.02	0.08 	0.2414  0.6264  0.5848  0.4686  0.5694  0.464   0.5047  -0.18   0.1899  0.4007  0.7263  0.9605  1.4926  
34      3.7049  9.17    31.28   8.62    23.154  -39.57  99.99   -0.1 	0.08 	0.2414  0.6264  0.5848  0.4683  0.5699  0.464   0.5047  -0.18   0.1899  0.4007  0.7263  0.9605  1.4926  
34      3.6968  9.17    31.47   8.63    23.197  -39.54  99.99   -0.04	0.08 	0.2414  0.6264  0.5848  0.4683  0.5694  0.4643  0.5047  -0.18   0.1899  0.4007  0.7263  0.9605  1.4926  
34      3.6991  9.17    31.52   8.62    23.19   -39.56  99.99   -0.02	0.08 	0.2414  0.6264  0.5848  0.4683  0.5694  0.464   0.5051  -0.18   0.1899  0.4007  0.7263  0.9605  1.4926  
34      3.6971  9.17    31.6    8.63    23.202  -39.55  99.99   7.e-6	0.08 	0.2414  0.6264  0.5848  0.4683  0.5694  0.464   0.5047  -0.18   0.1899  0.4007  0.7263  0.9605  1.4926  
34      3.6951  9.17    31.49   8.63    23.204  -39.53  99.99   -0.03	0.08 	0.2414  0.6264  0.5848  0.4683  0.5694  0.464   0.5047  -0.18   0.1901  0.4007  0.7263  0.9605  1.4926  
34      3.6966  9.17    31.67   8.63    23.209  -39.56  99.99   0.022	0.08 	0.2414  0.6264  0.5848  0.4683  0.5694  0.464   0.5047  -0.18   0.1899  0.401   0.7263  0.9605  1.4926  
34      3.6997  9.17    31.18   8.63    23.167  -39.52  99.99   -0.13	0.08 	0.2414  0.6264  0.5848  0.4683  0.5694  0.464   0.5047  -0.18   0.1899  0.4007  0.7268  0.9605  1.4926  
34      3.6949  9.17    31.68   8.63    23.216  -39.55  99.99   0.025	0.08 	0.2414  0.6264  0.5848  0.4683  0.5694  0.464   0.5047  -0.18   0.1899  0.4007  0.7263  0.9612  1.4926  
34      3.6972  9.17    31.24   8.62    23.188  -39.53  99.99   -0.11	0.08 	0.2414  0.6264  0.5848  0.4683  0.5694  0.464   0.5047  -0.18   0.1899  0.4007  0.7263  0.9605  1.4938  
34-1                                                                          -2.e-4  0.3404  -5.305  -0.352  -1.439  -0.577  -0.36   9.8e-5  -0.484  0.3121  -1.871  0.3604  -1.599  

34-2    3.5841  9.05    54.67   8.38    24.344  -40.12  99.99   7.039	0.08 	0.2414  0.6266  0.5823  0.4681  0.5688  0.4637  0.5046  -0.18   0.1899  0.4008  0.7252  0.9607  1.4907  
34-3    3.4773  8.94    31.66   8.15    25.498  -40.62  99.99   -6.01	0.08 	0.2414  0.6268  0.5799  0.468   0.5681  0.4635  0.5044  -0.18   0.1898  0.4009  0.7241  0.961   1.4888  
35      3.4774  8.94    31.66   8.15    25.497  -40.62  99.99   -1e-5	0.08 	0.2416  0.6268  0.5799  0.468   0.5681  0.4635  0.5044  -0.18   0.1898  0.4009  0.7241  0.961   1.4888  
35      3.4477  8.94    31.62   8.15    25.581  -40.33  99.99   -8e-3	0.08 	0.2414  0.6273  0.5799  0.468   0.5681  0.4635  0.5044  -0.18   0.1898  0.4009  0.7241  0.961   1.4888  
35      3.4921  8.96    32.93   8.2     25.319  -40.53  99.99   0.394	0.08 	0.2414  0.6268  0.5803  0.468   0.5681  0.4635  0.5044  -0.18   0.1898  0.4009  0.7241  0.961   1.4888  
35      3.4762  8.94    31.74   8.15    25.497  -40.6   99.99   0.025	0.08 	0.2414  0.6268  0.5799  0.4684  0.5681  0.4635  0.5044  -0.18   0.1898  0.4009  0.7241  0.961   1.4888  
35      3.4842  8.94    31.99   8.14    25.451  -40.64  99.99   0.1  	0.08 	0.2414  0.6268  0.5799  0.468   0.5686  0.4635  0.5044  -0.18   0.1898  0.4009  0.7241  0.961   1.4888  
35      3.4771  8.94    31.78   8.15    25.492  -40.6   99.99   0.037	0.08 	0.2414  0.6268  0.5799  0.468   0.5681  0.4639  0.5044  -0.18   0.1898  0.4009  0.7241  0.961   1.4888  
35      3.479   8.94    31.75   8.15    25.486  -40.62  99.99   0.027	0.08 	0.2414  0.6268  0.5799  0.468   0.5681  0.4635  0.5049  -0.18   0.1898  0.4009  0.7241  0.961   1.4888  
35      3.4772  8.94    31.66   8.15    25.498  -40.62  99.99   6.e-6	0.08 	0.2414  0.6268  0.5799  0.468   0.5681  0.4635  0.5044  -0.18   0.1898  0.4009  0.7241  0.961   1.4888  
35      3.4755  8.94    31.75   8.15    25.5    -40.59  99.99   0.028	0.08 	0.2414  0.6268  0.5799  0.468   0.5681  0.4635  0.5044  -0.18   0.1899  0.4009  0.7241  0.961   1.4888  
35      3.4768  8.94    31.59   8.15    25.507  -40.62  99.99   -0.02	0.08 	0.2414  0.6268  0.5799  0.468   0.5681  0.4635  0.5044  -0.18   0.1898  0.4012  0.7241  0.961   1.4888  
35      3.4799  8.94    32.09   8.16    25.46   -40.59  99.99   0.131	0.08 	0.2414  0.6268  0.5799  0.468   0.5681  0.4635  0.5044  -0.18   0.1898  0.4009  0.7247  0.961   1.4888  
35      3.4753  8.94    31.57   8.16    25.512  -40.61  99.99   -0.03	0.08 	0.2414  0.6268  0.5799  0.468   0.5681  0.4635  0.5044  -0.18   0.1898  0.4009  0.7241  0.9618  1.4888  
35      3.4776  8.94    32.03   8.14    25.481  -40.59  99.99   0.113	0.08 	0.2414  0.6268  0.5799  0.468   0.5681  0.4635  0.5044  -0.18   0.1898  0.4009  0.7241  0.961   1.49    
35-1                                                                          -2.e-4  -0.107  5.6211  0.3521  1.4261  0.5247  0.3892  8.1e-5  0.3973  -0.305  1.8729  -0.389  1.6159  

35-2    3.5817  9.06    54.49   8.4     24.311  -40.03  99.99   7.016	0.08 	0.2414  0.6267  0.5825  0.4681  0.5688  0.4637  0.5046  -0.18   0.1899  0.4008  0.7252  0.9607  1.4907  
35-3    3.6924  9.18    30.92   8.65    23.132  -39.36  99.99   -6.11	0.08 	0.2414  0.6266  0.5851  0.4683  0.5694  0.4639  0.5048  -0.18   0.1899  0.4007  0.7263  0.9604  1.4926  
36      3.6925  9.18    30.92   8.65    23.132  -39.36  99.99   -1e-5	0.08 	0.2416  0.6266  0.5851  0.4683  0.5694  0.4639  0.5048  -0.18   0.1899  0.4007  0.7263  0.9604  1.4926  
36      3.6604  9.18    30.97   8.65    23.208  -39.06  99.99   0.021	0.08 	0.2414  0.6271  0.5851  0.4683  0.5694  0.4639  0.5048  -0.18   0.1899  0.4007  0.7263  0.9604  1.4926  
36      3.7092  9.2     29.79   8.7     22.955  -39.24  99.99   -0.34	0.08 	0.2414  0.6266  0.5856  0.4683  0.5694  0.4639  0.5048  -0.18   0.1899  0.4007  0.7263  0.9604  1.4926  
36      3.6911  9.18    30.84   8.66    23.133  -39.34  99.99   -0.02	0.08 	0.2414  0.6266  0.5851  0.4686  0.5694  0.4639  0.5048  -0.18   0.1899  0.4007  0.7263  0.9604  1.4926  
36      3.7002  9.18    30.62   8.64    23.085  -39.37  99.99   -0.09	0.08 	0.2414  0.6266  0.5851  0.4683  0.5699  0.4639  0.5048  -0.18   0.1899  0.4007  0.7263  0.9604  1.4926  
36      3.6921  9.18    30.8    8.66    23.128  -39.34  99.99   -0.04	0.08 	0.2414  0.6266  0.5851  0.4683  0.5694  0.4643  0.5048  -0.18   0.1899  0.4007  0.7263  0.9604  1.4926  
36      3.6944  9.18    30.85   8.65    23.121  -39.36  99.99   -0.02	0.08 	0.2414  0.6266  0.5851  0.4683  0.5694  0.4639  0.5052  -0.18   0.1899  0.4007  0.7263  0.9604  1.4926  
36      3.6924  9.18    30.92   8.65    23.133  -39.36  99.99   5.e-6	0.08 	0.2414  0.6266  0.5851  0.4683  0.5694  0.4639  0.5048  -0.18   0.1899  0.4007  0.7263  0.9604  1.4926  
36      3.6904  9.18    30.82   8.66    23.135  -39.33  99.99   -0.03	0.08 	0.2414  0.6266  0.5851  0.4683  0.5694  0.4639  0.5048  -0.18   0.1901  0.4007  0.7263  0.9604  1.4926  
36      3.6919  9.18    30.98   8.65    23.14   -39.36  99.99   0.019	0.08 	0.2414  0.6266  0.5851  0.4683  0.5694  0.4639  0.5048  -0.18   0.1899  0.401   0.7263  0.9604  1.4926  
36      3.695   9.18    30.53   8.66    23.098  -39.32  99.99   -0.12	0.08 	0.2414  0.6266  0.5851  0.4683  0.5694  0.4639  0.5048  -0.18   0.1899  0.4007  0.7268  0.9604  1.4926  
36      3.6902  9.18    30.99   8.66    23.147  -39.35  99.99   0.022	0.08 	0.2414  0.6266  0.5851  0.4683  0.5694  0.4639  0.5048  -0.18   0.1899  0.4007  0.7263  0.9612  1.4926  
36      3.6925  9.18    30.58   8.64    23.119  -39.33  99.99   -0.1 	0.08 	0.2414  0.6266  0.5851  0.4683  0.5694  0.4639  0.5048  -0.18   0.1899  0.4007  0.7263  0.9604  1.4938  
36-1                                                                          -2.e-4  0.3187  -5.333  -0.379  -1.455  -0.573  -0.34   7.e-5   -0.473  0.2883  -1.872  0.3404  -1.627  

36-2    3.5794  9.06    52.74   8.4     24.281  -39.94  99.99   6.691	0.08 	0.2414  0.6268  0.5826  0.4681  0.5687  0.4637  0.5046  -0.18   0.1898  0.4008  0.7252  0.9607  1.4907  
36-3    3.4728  8.95    32.24   8.18    25.439  -40.45  99.99   -5.43	0.08 	0.2414  0.627   0.5801  0.468   0.5681  0.4635  0.5045  -0.18   0.1898  0.4009  0.7241  0.9609  1.4887  
37      3.4729  8.95    32.24   8.18    25.439  -40.45  99.99   -1e-5	0.08 	0.2416  0.627   0.5801  0.468   0.5681  0.4635  0.5045  -0.18   0.1898  0.4009  0.7241  0.9609  1.4887  
37      3.4433  8.95    32.2    8.17    25.522  -40.16  99.99   -7e-3	0.08 	0.2414  0.6275  0.5801  0.468   0.5681  0.4635  0.5045  -0.18   0.1898  0.4009  0.7241  0.9609  1.4887  
37      3.4876  8.97    33.61   8.22    25.26   -40.36  99.99   0.423	0.08 	0.2414  0.627   0.5806  0.468   0.5681  0.4635  0.5045  -0.18   0.1898  0.4009  0.7241  0.9609  1.4887  
37      3.4717  8.95    32.32   8.18    25.438  -40.43  99.99   0.025	0.08 	0.2414  0.627   0.5801  0.4683  0.5681  0.4635  0.5045  -0.18   0.1898  0.4009  0.7241  0.9609  1.4887  
37      3.4797  8.95    32.6    8.16    25.392  -40.47  99.99   0.109	0.08 	0.2414  0.627   0.5801  0.468   0.5685  0.4635  0.5045  -0.18   0.1898  0.4009  0.7241  0.9609  1.4887  
37      3.4726  8.95    32.37   8.18    25.434  -40.44  99.99   0.04 	0.08 	0.2414  0.627   0.5801  0.468   0.5681  0.4639  0.5045  -0.18   0.1898  0.4009  0.7241  0.9609  1.4887  
37      3.4746  8.95    32.34   8.17    25.428  -40.46  99.99   0.03 	0.08 	0.2414  0.627   0.5801  0.468   0.5681  0.4635  0.5049  -0.18   0.1898  0.4009  0.7241  0.9609  1.4887  
37      3.4728  8.95    32.24   8.18    25.44   -40.45  99.99   6.e-6	0.08 	0.2414  0.627   0.5801  0.468   0.5681  0.4635  0.5045  -0.18   0.1898  0.4009  0.7241  0.9609  1.4887  
37      3.471   8.95    32.34   8.18    25.442  -40.43  99.99   0.031	0.08 	0.2414  0.627   0.5801  0.468   0.5681  0.4635  0.5045  -0.18   0.1899  0.4009  0.7241  0.9609  1.4887  
37      3.4723  8.95    32.17   8.17    25.448  -40.46  99.99   -0.02	0.08 	0.2414  0.627   0.5801  0.468   0.5681  0.4635  0.5045  -0.18   0.1898  0.4012  0.7241  0.9609  1.4887  
37      3.4754  8.95    32.71   8.18    25.401  -40.42  99.99   0.143	0.08 	0.2414  0.627   0.5801  0.468   0.5681  0.4635  0.5045  -0.18   0.1898  0.4009  0.7247  0.9609  1.4887  
37      3.4708  8.95    32.15   8.18    25.454  -40.45  99.99   -0.03	0.08 	0.2414  0.627   0.5801  0.468   0.5681  0.4635  0.5045  -0.18   0.1898  0.4009  0.7241  0.9617  1.4887  
37      3.4731  8.95    32.64   8.17    25.423  -40.43  99.99   0.122	0.08 	0.2414  0.627   0.5801  0.468   0.5681  0.4635  0.5045  -0.18   0.1898  0.4009  0.7241  0.9609  1.4899  
37-1                                                                          -2.e-4  -0.099  5.6236  0.3268  1.4454  0.5277  0.4018  7.6e-5  0.4093  -0.283  1.9008  -0.361  1.6217  

37-2    3.5773  9.07    50.48   8.42    24.249  -39.85  99.99   5.586	0.08 	0.2414  0.6269  0.5827  0.4681  0.5687  0.4637  0.5047  -0.18   0.1898  0.4008  0.7252  0.9607  1.4907  
37-3    3.6879  9.19    30.33   8.68    23.069  -39.17  99.99   -5.36	0.08 	0.2414  0.6269  0.5854  0.4682  0.5694  0.4639  0.5048  -0.18   0.1899  0.4007  0.7263  0.9604  1.4926  
38      3.688   9.19    30.34   8.68    23.068  -39.17  99.99   3.e-3	0.08 	0.2416  0.6269  0.5854  0.4682  0.5694  0.4639  0.5048  -0.18   0.1899  0.4007  0.7263  0.9604  1.4926  
38      3.656   9.19    30.38   8.68    23.145  -38.88  99.99   0.021	0.08 	0.2414  0.6274  0.5854  0.4682  0.5694  0.4639  0.5048  -0.18   0.1899  0.4007  0.7263  0.9604  1.4926  
38      3.7048  9.21    29.27   8.73    22.89   -39.05  99.99   -0.32	0.08 	0.2414  0.6269  0.5858  0.4682  0.5694  0.4639  0.5048  -0.18   0.1899  0.4007  0.7263  0.9604  1.4926  
38      3.6866  9.19    30.26   8.68    23.069  -39.15  99.99   -0.02	0.08 	0.2414  0.6269  0.5854  0.4686  0.5694  0.4639  0.5048  -0.18   0.1899  0.4007  0.7263  0.9604  1.4926  
38      3.6957  9.19    30.05   8.67    23.021  -39.18  99.99   -0.09	0.08 	0.2414  0.6269  0.5854  0.4682  0.5699  0.4639  0.5048  -0.18   0.1899  0.4007  0.7263  0.9604  1.4926  
38      3.6876  9.19    30.22   8.68    23.065  -39.16  99.99   -0.03	0.08 	0.2414  0.6269  0.5854  0.4682  0.5694  0.4643  0.5048  -0.18   0.1899  0.4007  0.7263  0.9604  1.4926  
38      3.6899  9.19    30.26   8.67    23.057  -39.18  99.99   -0.02	0.08 	0.2414  0.6269  0.5854  0.4682  0.5694  0.4639  0.5052  -0.18   0.1899  0.4007  0.7263  0.9604  1.4926  
38      3.6879  9.19    30.33   8.68    23.069  -39.17  99.99   7.e-6	0.08 	0.2414  0.6269  0.5854  0.4682  0.5694  0.4639  0.5048  -0.18   0.1899  0.4007  0.7263  0.9604  1.4926  
38      3.6859  9.19    30.24   8.68    23.072  -39.15  99.99   -0.03	0.08 	0.2414  0.6269  0.5854  0.4682  0.5694  0.4639  0.5048  -0.18   0.1901  0.4007  0.7263  0.9604  1.4926  
38      3.6874  9.19    30.4    8.68    23.076  -39.18  99.99   0.022	0.08 	0.2414  0.6269  0.5854  0.4682  0.5694  0.4639  0.5048  -0.18   0.1899  0.401   0.7263  0.9604  1.4926  
38      3.6905  9.19    29.97   8.68    23.035  -39.14  99.99   -0.11	0.08 	0.2414  0.6269  0.5854  0.4682  0.5694  0.4639  0.5048  -0.18   0.1899  0.4007  0.7269  0.9604  1.4926  
38      3.6857  9.19    30.4    8.68    23.083  -39.17  99.99   0.022	0.08 	0.2414  0.6269  0.5854  0.4682  0.5694  0.4639  0.5048  -0.18   0.1899  0.4007  0.7263  0.9612  1.4926  
38      3.688   9.19    30.02   8.67    23.056  -39.15  99.99   -0.1 	0.08 	0.2414  0.6269  0.5854  0.4682  0.5694  0.4639  0.5048  -0.18   0.1899  0.4007  0.7263  0.9604  1.4938  
38-1                                                                          0.0506  0.3382  -5.311  -0.352  -1.444  -0.558  -0.361  1.1e-4  -0.452  0.3572  -1.837  0.3617  -1.576  

38-2    3.5747  9.07    48.02   8.43    24.214  -39.75  99.99   5.444	0.08 	0.2414  0.627   0.5829  0.4681  0.5687  0.4637  0.5047  -0.18   0.1898  0.4008  0.7252  0.9607  1.4907  
38-3    3.4677  8.96    33.05   8.2     25.371  -40.26  99.99   -4.1 	0.08 	0.2414  0.6272  0.5804  0.4679  0.5681  0.4635  0.5045  -0.18   0.1898  0.4009  0.7242  0.9609  1.4888  
39      3.4678  8.96    33.04   8.2     25.37   -40.26  99.99   -3e-3	0.08 	0.2416  0.6272  0.5804  0.4679  0.5681  0.4635  0.5045  -0.18   0.1898  0.4009  0.7242  0.9609  1.4888  
39      3.4382  8.96    32.99   8.2     25.453  -39.97  99.99   -0.01	0.08 	0.2414  0.6277  0.5804  0.4679  0.5681  0.4635  0.5045  -0.18   0.1898  0.4009  0.7242  0.9609  1.4888  
39      3.4825  8.98    34.57   8.25    25.191  -40.17  99.99   0.465	0.08 	0.2414  0.6272  0.5809  0.4679  0.5681  0.4635  0.5045  -0.18   0.1898  0.4009  0.7242  0.9609  1.4888  
39      3.4666  8.96    33.13   8.2     25.369  -40.24  99.99   0.024	0.08 	0.2414  0.6272  0.5804  0.4683  0.5681  0.4635  0.5045  -0.18   0.1898  0.4009  0.7242  0.9609  1.4888  
39      3.4746  8.96    33.44   8.19    25.324  -40.28  99.99   0.117	0.08 	0.2414  0.6272  0.5804  0.4679  0.5685  0.4635  0.5045  -0.18   0.1898  0.4009  0.7242  0.9609  1.4888  
39      3.4675  8.96    33.19   8.2     25.365  -40.25  99.99   0.042	0.08 	0.2414  0.6272  0.5804  0.4679  0.5681  0.4638  0.5045  -0.18   0.1898  0.4009  0.7242  0.9609  1.4888  
39      3.4694  8.96    33.15   8.2     25.359  -40.27  99.99   0.03 	0.08 	0.2414  0.6272  0.5804  0.4679  0.5681  0.4635  0.5049  -0.18   0.1898  0.4009  0.7242  0.9609  1.4888  
39      3.4677  8.96    33.05   8.2     25.371  -40.26  99.99   4.e-6	0.08 	0.2414  0.6272  0.5804  0.4679  0.5681  0.4635  0.5045  -0.18   0.1898  0.4009  0.7242  0.9609  1.4888  
39      3.4659  8.96    33.15   8.2     25.373  -40.24  99.99   0.031	0.08 	0.2414  0.6272  0.5804  0.4679  0.5681  0.4635  0.5045  -0.18   0.1899  0.4009  0.7242  0.9609  1.4888  
39      3.4672  8.96    32.96   8.2     25.379  -40.27  99.99   -0.03	0.08 	0.2414  0.6272  0.5804  0.4679  0.5681  0.4635  0.5045  -0.18   0.1898  0.4012  0.7242  0.9609  1.4888  
39      3.4702  8.96    33.55   8.2     25.333  -40.23  99.99   0.151	0.08 	0.2414  0.6272  0.5804  0.4679  0.5681  0.4635  0.5045  -0.18   0.1898  0.4009  0.7247  0.9609  1.4888  
39      3.4657  8.96    32.94   8.2     25.385  -40.26  99.99   -0.03	0.08 	0.2414  0.6272  0.5804  0.4679  0.5681  0.4635  0.5045  -0.18   0.1898  0.4009  0.7242  0.9617  1.4888  
39      3.468   8.96    33.48   8.19    25.354  -40.24  99.99   0.13 	0.08 	0.2414  0.6272  0.5804  0.4679  0.5681  0.4635  0.5045  -0.18   0.1898  0.4009  0.7242  0.9609  1.49    
39-1                                                                          -0.037  -0.164  5.6666  0.2972  1.4247  0.5167  0.3653  4.6e-5  0.3722  -0.331  1.8389  -0.402  1.5851  

39-2    3.5747  9.08    45.95   8.45    24.169  -39.67  99.99   3.934	0.08 	0.2414  0.6271  0.583   0.4681  0.5687  0.4637  0.5047  -0.18   0.1898  0.4008  0.7252  0.9606  1.4907  
39-3    3.6882  9.2     29.66   8.71    22.978  -39     99.99   -4.47	0.08 	0.2414  0.627   0.5857  0.4682  0.5694  0.4639  0.5048  -0.18   0.1899  0.4007  0.7263  0.9603  1.4926  
40      3.6883  9.2     29.67   8.71    22.978  -39     99.99   3.e-3	0.08 	0.2416  0.627   0.5857  0.4682  0.5694  0.4639  0.5048  -0.18   0.1899  0.4007  0.7263  0.9603  1.4926  
40      3.6562  9.2     29.71   8.71    23.054  -38.71  99.99   0.021	0.08 	0.2414  0.6275  0.5857  0.4682  0.5694  0.4639  0.5048  -0.18   0.1899  0.4007  0.7263  0.9603  1.4926  
40      3.7051  9.22    28.67   8.76    22.8    -38.88  99.99   -0.3 	0.08 	0.2414  0.627   0.5861  0.4682  0.5694  0.4639  0.5048  -0.18   0.1899  0.4007  0.7263  0.9603  1.4926  
40      3.6869  9.2     29.6    8.71    22.978  -38.98  99.99   -0.02	0.08 	0.2414  0.627   0.5857  0.4685  0.5694  0.4639  0.5048  -0.18   0.1899  0.4007  0.7263  0.9603  1.4926  
40      3.696   9.2     29.4    8.7     22.93   -39.01  99.99   -0.08	0.08 	0.2414  0.627   0.5857  0.4682  0.5698  0.4639  0.5048  -0.18   0.1899  0.4007  0.7263  0.9603  1.4926  
40      3.6879  9.2     29.56   8.71    22.974  -38.99  99.99   -0.03	0.08 	0.2414  0.627   0.5857  0.4682  0.5694  0.4642  0.5048  -0.18   0.1899  0.4007  0.7263  0.9603  1.4926  
40      3.6902  9.2     29.6    8.7     22.966  -39     99.99   -0.02	0.08 	0.2414  0.627   0.5857  0.4682  0.5694  0.4639  0.5052  -0.18   0.1899  0.4007  0.7263  0.9603  1.4926  
40      3.6882  9.2     29.66   8.71    22.978  -39     99.99   5.e-6	0.08 	0.2414  0.627   0.5857  0.4682  0.5694  0.4639  0.5048  -0.18   0.1899  0.4007  0.7263  0.9603  1.4926  
40      3.6861  9.2     29.58   8.71    22.981  -38.98  99.99   -0.02	0.08 	0.2414  0.627   0.5857  0.4682  0.5694  0.4639  0.5048  -0.18   0.19    0.4007  0.7263  0.9603  1.4926  
40      3.6877  9.2     29.72   8.71    22.986  -39.01  99.99   0.019	0.08 	0.2414  0.627   0.5857  0.4682  0.5694  0.4639  0.5048  -0.18   0.1899  0.401   0.7263  0.9603  1.4926  
40      3.6907  9.2     29.32   8.71    22.944  -38.97  99.99   -0.11	0.08 	0.2414  0.627   0.5857  0.4682  0.5694  0.4639  0.5048  -0.18   0.1899  0.4007  0.7269  0.9603  1.4926  
40      3.686   9.2     29.73   8.71    22.992  -39     99.99   0.022	0.08 	0.2414  0.627   0.5857  0.4682  0.5694  0.4639  0.5048  -0.18   0.1899  0.4007  0.7263  0.9611  1.4926  
40      3.6883  9.2     29.37   8.7     22.965  -38.97  99.99   -0.09	0.08 	0.2414  0.627   0.5857  0.4682  0.5694  0.4639  0.5048  -0.18   0.1899  0.4007  0.7263  0.9603  1.4938  
40-1                                                                          0.0545  0.3633  -5.331  -0.324  -1.444  -0.546  -0.334  8.e-5   -0.432  0.3295  -1.866  0.3891  -1.586  

40-2    3.5734  9.09    44.36   8.47    24.13   -39.58  99.99   4.547	0.08 	0.2414  0.6272  0.5832  0.4681  0.5687  0.4637  0.5047  -0.18   0.1898  0.4008  0.7252  0.9606  1.4907  
40-3    3.4651  8.97    33.87   8.23    25.295  -40.09  99.99   -2.95	0.08 	0.2414  0.6274  0.5807  0.4679  0.5681  0.4634  0.5045  -0.18   0.1897  0.4009  0.7241  0.9609  1.4888  
41      3.4651  8.97    33.86   8.22    25.294  -40.09  99.99   -3e-3	0.08 	0.2416  0.6274  0.5807  0.4679  0.5681  0.4634  0.5045  -0.18   0.1897  0.4009  0.7241  0.9609  1.4888  
41      3.4355  8.97    33.81   8.22    25.377  -39.81  99.99   -0.01	0.08 	0.2414  0.6279  0.5807  0.4679  0.5681  0.4634  0.5045  -0.18   0.1897  0.4009  0.7241  0.9609  1.4888  
41      3.4799  8.99    35.56   8.27    25.115  -40     99.99   0.514	0.08 	0.2414  0.6274  0.5811  0.4679  0.5681  0.4634  0.5045  -0.18   0.1897  0.4009  0.7241  0.9609  1.4888  
41      3.4639  8.97    33.96   8.23    25.294  -40.08  99.99   0.027	0.08 	0.2414  0.6274  0.5807  0.4683  0.5681  0.4634  0.5045  -0.18   0.1897  0.4009  0.7241  0.9609  1.4888  
41      3.472   8.97    34.3    8.21    25.248  -40.11  99.99   0.128	0.08 	0.2414  0.6274  0.5807  0.4679  0.5685  0.4634  0.5045  -0.18   0.1897  0.4009  0.7241  0.9609  1.4888  
41      3.4649  8.97    34.02   8.23    25.289  -40.08  99.99   0.045	0.08 	0.2414  0.6274  0.5807  0.4679  0.5681  0.4638  0.5045  -0.18   0.1897  0.4009  0.7241  0.9609  1.4888  
41      3.4668  8.97    33.98   8.22    25.283  -40.1   99.99   0.033	0.08 	0.2414  0.6274  0.5807  0.4679  0.5681  0.4634  0.5049  -0.18   0.1897  0.4009  0.7241  0.9609  1.4888  
41      3.465   8.97    33.87   8.23    25.295  -40.09  99.99   5.e-6	0.08 	0.2414  0.6274  0.5807  0.4679  0.5681  0.4634  0.5045  -0.18   0.1897  0.4009  0.7241  0.9609  1.4888  
41      3.4633  8.97    33.98   8.23    25.297  -40.07  99.99   0.033	0.08 	0.2414  0.6274  0.5807  0.4679  0.5681  0.4634  0.5045  -0.18   0.1899  0.4009  0.7241  0.9609  1.4888  
41      3.4645  8.97    33.77   8.22    25.304  -40.1   99.99   -0.03	0.08 	0.2414  0.6274  0.5807  0.4679  0.5681  0.4634  0.5045  -0.18   0.1897  0.4012  0.7241  0.9609  1.4888  
41      3.4676  8.97    34.43   8.23    25.257  -40.07  99.99   0.168	0.08 	0.2414  0.6274  0.5807  0.4679  0.5681  0.4634  0.5045  -0.18   0.1897  0.4009  0.7247  0.9609  1.4888  
41      3.463   8.97    33.74   8.23    25.309  -40.09  99.99   -0.04	0.08 	0.2414  0.6274  0.5807  0.4679  0.5681  0.4634  0.5045  -0.18   0.1897  0.4009  0.7241  0.9617  1.4888  
41      3.4654  8.97    34.34   8.22    25.279  -40.07  99.99   0.141	0.08 	0.2414  0.6274  0.5807  0.4679  0.5681  0.4634  0.5045  -0.18   0.1897  0.4009  0.7241  0.9609  1.49    
41-1                                                                          -0.033  -0.147  5.6815  0.3016  1.4192  0.4997  0.3631  5.4e-5  0.3693  -0.332  1.8597  -0.429  1.564   

41-2    3.572   9.09    42.94   8.48    24.09   -39.49  99.99   2.757	0.08 	0.2414  0.6273  0.5833  0.468   0.5687  0.4636  0.5047  -0.18   0.1898  0.4008  0.7252  0.9606  1.4907  
41-3    3.6855  9.21    29.06   8.74    22.896  -38.8   99.99   -3.88	0.08 	0.2414  0.6273  0.586   0.4682  0.5694  0.4638  0.5048  -0.18   0.1899  0.4007  0.7263  0.9603  1.4926  
42      3.6856  9.21    29.07   8.74    22.896  -38.8   99.99   3.e-3	0.08 	0.2416  0.6273  0.586   0.4682  0.5694  0.4638  0.5048  -0.18   0.1899  0.4007  0.7263  0.9603  1.4926  
42      3.6535  9.21    29.1    8.74    22.971  -38.51  99.99   0.018	0.08 	0.2414  0.6278  0.586   0.4682  0.5694  0.4638  0.5048  -0.18   0.1899  0.4007  0.7263  0.9603  1.4926  
42      3.7025  9.23    28.12   8.79    22.718  -38.68  99.99   -0.29	0.08 	0.2414  0.6273  0.5864  0.4682  0.5694  0.4638  0.5048  -0.18   0.1899  0.4007  0.7263  0.9603  1.4926  
42      3.6842  9.21    29      8.74    22.897  -38.78  99.99   -0.02	0.08 	0.2414  0.6273  0.586   0.4685  0.5694  0.4638  0.5048  -0.18   0.1899  0.4007  0.7263  0.9603  1.4926  
42      3.6933  9.22    28.83   8.74    22.848  -38.81  99.99   -0.07	0.08 	0.2414  0.6273  0.586   0.4682  0.5698  0.4638  0.5048  -0.18   0.1899  0.4007  0.7263  0.9603  1.4926  
42      3.6852  9.21    28.97   8.74    22.892  -38.79  99.99   -0.03	0.08 	0.2414  0.6273  0.586   0.4682  0.5694  0.4642  0.5048  -0.18   0.1899  0.4007  0.7263  0.9603  1.4926  
42      3.6875  9.22    29.01   8.74    22.884  -38.81  99.99   -0.01	0.08 	0.2414  0.6273  0.586   0.4682  0.5694  0.4638  0.5052  -0.18   0.1899  0.4007  0.7263  0.9603  1.4926  
42      3.6855  9.21    29.06   8.74    22.896  -38.8   99.99   7.e-6	0.08 	0.2414  0.6273  0.586   0.4682  0.5694  0.4638  0.5048  -0.18   0.1899  0.4007  0.7263  0.9603  1.4926  
42      3.6834  9.21    28.98   8.74    22.899  -38.78  99.99   -0.02	0.08 	0.2414  0.6273  0.586   0.4682  0.5694  0.4638  0.5048  -0.18   0.19    0.4007  0.7263  0.9603  1.4926  
42      3.685   9.21    29.12   8.74    22.904  -38.81  99.99   0.019	0.08 	0.2414  0.6273  0.586   0.4682  0.5694  0.4638  0.5048  -0.18   0.1899  0.401   0.7263  0.9603  1.4926  
42      3.688   9.21    28.74   8.74    22.863  -38.77  99.99   -0.1 	0.08 	0.2414  0.6273  0.586   0.4682  0.5694  0.4638  0.5048  -0.18   0.1899  0.4007  0.7269  0.9603  1.4926  
42      3.6833  9.21    29.12   8.74    22.91   -38.8   99.99   0.019	0.08 	0.2414  0.6273  0.586   0.4682  0.5694  0.4638  0.5048  -0.18   0.1899  0.4007  0.7263  0.961   1.4926  
42      3.6856  9.21    28.79   8.73    22.883  -38.78  99.99   -0.08	0.08 	0.2414  0.6273  0.586   0.4682  0.5694  0.4638  0.5048  -0.18   0.1899  0.4007  0.7263  0.9603  1.4938  
42-1                                                                          0.059   0.3341  -5.482  -0.351  -1.317  -0.532  -0.232  1.3e-4  -0.468  0.3572  -1.904  0.3624  -1.6    

42-2    3.5702  9.1     42.31   8.49    24.069  -39.42  99.99   4.116	0.08 	0.2414  0.6274  0.5834  0.468   0.5688  0.4636  0.5047  -0.18   0.1898  0.4008  0.7252  0.9605  1.4906  
42-3    3.4614  8.98    34.4    8.24    25.254  -39.97  99.99   -2.27	0.08 	0.2414  0.6276  0.5808  0.4679  0.5682  0.4634  0.5047  -0.18   0.1897  0.4009  0.7241  0.9608  1.4887  
43      3.4615  8.98    34.39   8.24    25.253  -39.97  99.99   -3e-3	0.08 	0.2416  0.6276  0.5808  0.4679  0.5682  0.4634  0.5047  -0.18   0.1897  0.4009  0.7241  0.9608  1.4887  
43      3.4319  8.98    34.33   8.24    25.336  -39.68  99.99   -0.02	0.08 	0.2414  0.6281  0.5808  0.4679  0.5682  0.4634  0.5047  -0.18   0.1897  0.4009  0.7241  0.9608  1.4887  
43      3.4763  9       36.22   8.29    25.074  -39.88  99.99   0.551	0.08 	0.2414  0.6276  0.5813  0.4679  0.5682  0.4634  0.5047  -0.18   0.1897  0.4009  0.7241  0.9608  1.4887  
43      3.4603  8.98    34.5    8.24    25.253  -39.95  99.99   0.03 	0.08 	0.2414  0.6276  0.5808  0.4683  0.5682  0.4634  0.5047  -0.18   0.1897  0.4009  0.7241  0.9608  1.4887  
43      3.4684  8.98    34.85   8.23    25.207  -39.99  99.99   0.134	0.08 	0.2414  0.6276  0.5808  0.4679  0.5686  0.4634  0.5047  -0.18   0.1897  0.4009  0.7241  0.9608  1.4887  
43      3.4612  8.98    34.56   8.24    25.248  -39.96  99.99   0.048	0.08 	0.2414  0.6276  0.5808  0.4679  0.5682  0.4638  0.5047  -0.18   0.1897  0.4009  0.7241  0.9608  1.4887  
43      3.4632  8.98    34.52   8.24    25.242  -39.98  99.99   0.036	0.08 	0.2414  0.6276  0.5808  0.4679  0.5682  0.4634  0.5051  -0.18   0.1897  0.4009  0.7241  0.9608  1.4887  
43      3.4614  8.98    34.4    8.24    25.254  -39.97  99.99   4.e-6	0.08 	0.2414  0.6276  0.5808  0.4679  0.5682  0.4634  0.5047  -0.18   0.1897  0.4009  0.7241  0.9608  1.4887  
43      3.4596  8.98    34.52   8.24    25.256  -39.95  99.99   0.036	0.08 	0.2414  0.6276  0.5808  0.4679  0.5682  0.4634  0.5047  -0.18   0.1899  0.4009  0.7241  0.9608  1.4887  
43      3.4609  8.98    34.3    8.24    25.263  -39.98  99.99   -0.03	0.08 	0.2414  0.6276  0.5808  0.4679  0.5682  0.4634  0.5047  -0.18   0.1897  0.4013  0.7241  0.9608  1.4887  
43      3.464   8.98    34.99   8.24    25.216  -39.94  99.99   0.176	0.08 	0.2414  0.6276  0.5808  0.4679  0.5682  0.4634  0.5047  -0.18   0.1897  0.4009  0.7246  0.9608  1.4887  
43      3.4594  8.98    34.27   8.24    25.268  -39.97  99.99   -0.04	0.08 	0.2414  0.6276  0.5808  0.4679  0.5682  0.4634  0.5047  -0.18   0.1897  0.4009  0.7241  0.9616  1.4887  
43      3.4617  8.98    34.91   8.23    25.238  -39.95  99.99   0.153	0.08 	0.2414  0.6276  0.5808  0.4679  0.5682  0.4634  0.5047  -0.18   0.1897  0.4009  0.7241  0.9608  1.4899  
43-1                                                                          -0.031  -0.169  5.719   0.3132  1.3896  0.4985  0.3707  4.e-5   0.3766  -0.311  1.8328  -0.401  1.5875  

43-2    3.5693  9.1     41.57   8.49    24.041  -39.36  99.99   2.177	0.08 	0.2414  0.6275  0.5835  0.468   0.5688  0.4636  0.5048  -0.18   0.1898  0.4008  0.7251  0.9605  1.4906  
43-3    3.6839  9.22    28.7    8.76    22.84   -38.67  99.99   -3.64	0.08 	0.2414  0.6274  0.5862  0.4681  0.5694  0.4638  0.505   -0.18   0.1898  0.4007  0.7262  0.9602  1.4925  
44      3.684   9.22    28.7    8.76    22.84   -38.67  99.99   -1e-5	0.08 	0.2416  0.6274  0.5862  0.4681  0.5694  0.4638  0.505   -0.18   0.1898  0.4007  0.7262  0.9602  1.4925  
44      3.6519  9.22    28.74   8.76    22.915  -38.38  99.99   0.018	0.08 	0.2414  0.6279  0.5862  0.4681  0.5694  0.4638  0.505   -0.18   0.1898  0.4007  0.7262  0.9602  1.4925  
44      3.7009  9.24    27.8    8.81    22.661  -38.55  99.99   -0.28	0.08 	0.2414  0.6274  0.5866  0.4681  0.5694  0.4638  0.505   -0.18   0.1898  0.4007  0.7262  0.9602  1.4925  
44      3.6826  9.22    28.64   8.76    22.841  -38.65  99.99   -0.02	0.08 	0.2414  0.6274  0.5862  0.4685  0.5694  0.4638  0.505   -0.18   0.1898  0.4007  0.7262  0.9602  1.4925  
44      3.6918  9.22    28.46   8.74    22.792  -38.68  99.99   -0.08	0.08 	0.2414  0.6274  0.5862  0.4681  0.5699  0.4638  0.505   -0.18   0.1898  0.4007  0.7262  0.9602  1.4925  
44      3.6836  9.22    28.61   8.76    22.836  -38.66  99.99   -0.03	0.08 	0.2414  0.6274  0.5862  0.4681  0.5694  0.4642  0.505   -0.18   0.1898  0.4007  0.7262  0.9602  1.4925  
44      3.6859  9.22    28.64   8.75    22.828  -38.67  99.99   -0.02	0.08 	0.2414  0.6274  0.5862  0.4681  0.5694  0.4638  0.5054  -0.18   0.1898  0.4007  0.7262  0.9602  1.4925  
44      3.6839  9.22    28.7    8.76    22.84   -38.67  99.99   7.e-6	0.08 	0.2414  0.6274  0.5862  0.4681  0.5694  0.4638  0.505   -0.18   0.1898  0.4007  0.7262  0.9602  1.4925  
44      3.6818  9.22    28.62   8.76    22.843  -38.65  99.99   -0.02	0.08 	0.2414  0.6274  0.5862  0.4681  0.5694  0.4638  0.505   -0.18   0.19    0.4007  0.7262  0.9602  1.4925  
44      3.6834  9.22    28.75   8.76    22.848  -38.68  99.99   0.016	0.08 	0.2414  0.6274  0.5862  0.4681  0.5694  0.4638  0.505   -0.18   0.1898  0.4011  0.7262  0.9602  1.4925  
44      3.6864  9.22    28.39   8.76    22.807  -38.64  99.99   -0.1 	0.08 	0.2414  0.6274  0.5862  0.4681  0.5694  0.4638  0.505   -0.18   0.1898  0.4007  0.7268  0.9602  1.4925  
44      3.6817  9.22    28.76   8.76    22.854  -38.67  99.99   0.019	0.08 	0.2414  0.6274  0.5862  0.4681  0.5694  0.4638  0.505   -0.18   0.1898  0.4007  0.7262  0.961   1.4925  
44      3.684   9.22    28.44   8.75    22.828  -38.65  99.99   -0.08	0.08 	0.2414  0.6274  0.5862  0.4681  0.5694  0.4638  0.505   -0.18   0.1898  0.4007  0.7262  0.9602  1.4937  
44-1                                                                          -2.e-4  0.3394  -5.334  -0.357  -1.47   -0.541  -0.368  1.3e-4  -0.476  0.3029  -1.876  0.3685  -1.567  

44-2    3.5695  9.11    40.42   8.51    23.994  -39.28  99.99   3.648	0.08 	0.2414  0.6276  0.5837  0.468   0.5687  0.4636  0.5048  -0.18   0.1898  0.4008  0.7251  0.9605  1.4907  
44-3    3.4612  8.99    35.48   8.27    25.161  -39.81  99.99   -1.44	0.08 	0.2414  0.6278  0.5812  0.4679  0.5681  0.4634  0.5047  -0.18   0.1897  0.4009  0.724   0.9608  1.4888  
45      3.4613  8.99    35.47   8.27    25.161  -39.81  99.99   -3e-3	0.08 	0.2416  0.6278  0.5812  0.4679  0.5681  0.4634  0.5047  -0.18   0.1897  0.4009  0.724   0.9608  1.4888  
45      3.4317  8.99    35.41   8.27    25.243  -39.52  99.99   -0.02	0.08 	0.2414  0.6283  0.5812  0.4679  0.5681  0.4634  0.5047  -0.18   0.1897  0.4009  0.724   0.9608  1.4888  
45      3.4761  9.01    37.58   8.32    24.981  -39.71  99.99   0.63 	0.08 	0.2414  0.6278  0.5816  0.4679  0.5681  0.4634  0.5047  -0.18   0.1897  0.4009  0.724   0.9608  1.4888  
45      3.4601  8.99    35.59   8.27    25.16   -39.79  99.99   0.033	0.08 	0.2414  0.6278  0.5812  0.4682  0.5681  0.4634  0.5047  -0.18   0.1897  0.4009  0.724   0.9608  1.4888  
45      3.4682  8.99    36      8.26    25.114  -39.83  99.99   0.154	0.08 	0.2414  0.6278  0.5812  0.4679  0.5685  0.4634  0.5047  -0.18   0.1897  0.4009  0.724   0.9608  1.4888  
45      3.461   8.99    35.66   8.27    25.156  -39.8   99.99   0.054	0.08 	0.2414  0.6278  0.5812  0.4679  0.5681  0.4638  0.5047  -0.18   0.1897  0.4009  0.724   0.9608  1.4888  
45      3.463   8.99    35.62   8.27    25.15   -39.82  99.99   0.041	0.08 	0.2414  0.6278  0.5812  0.4679  0.5681  0.4634  0.5051  -0.18   0.1897  0.4009  0.724   0.9608  1.4888  
45      3.4612  8.99    35.48   8.27    25.162  -39.81  99.99   7.e-6	0.08 	0.2414  0.6278  0.5812  0.4679  0.5681  0.4634  0.5047  -0.18   0.1897  0.4009  0.724   0.9608  1.4888  
45      3.4594  8.99    35.61   8.27    25.164  -39.79  99.99   0.039	0.08 	0.2414  0.6278  0.5812  0.4679  0.5681  0.4634  0.5047  -0.18   0.1898  0.4009  0.724   0.9608  1.4888  
45      3.4607  8.99    35.37   8.27    25.17   -39.82  99.99   -0.03	0.08 	0.2414  0.6278  0.5812  0.4679  0.5681  0.4634  0.5047  -0.18   0.1897  0.4013  0.724   0.9608  1.4888  
45      3.4638  8.99    36.16   8.27    25.124  -39.78  99.99   0.202	0.08 	0.2414  0.6278  0.5812  0.4679  0.5681  0.4634  0.5047  -0.18   0.1897  0.4009  0.7246  0.9608  1.4888  
45      3.4592  8.99    35.33   8.27    25.176  -39.81  99.99   -0.04	0.08 	0.2414  0.6278  0.5812  0.4679  0.5681  0.4634  0.5047  -0.18   0.1897  0.4009  0.724   0.9615  1.4888  
45      3.4615  8.99    36.06   8.26    25.145  -39.79  99.99   0.172	0.08 	0.2414  0.6278  0.5812  0.4679  0.5681  0.4634  0.5047  -0.18   0.1897  0.4009  0.724   0.9608  1.49    
45-1                                                                          -0.027  -0.147  5.7631  0.3011  1.4055  0.4904  0.3786  6.3e-5  0.3566  -0.299  1.8476  -0.405  1.5786  

45-2    3.5697  9.11    39.26   8.52    23.94   -39.18  99.99   1.151	0.08 	0.2414  0.6277  0.5839  0.468   0.5687  0.4636  0.5048  -0.18   0.1897  0.4008  0.7251  0.9605  1.4907  
45-3    3.6849  9.24    28.05   8.8     22.731  -38.47  99.99   -3.21	0.08 	0.2414  0.6276  0.5865  0.4681  0.5694  0.4638  0.505   -0.18   0.1898  0.4007  0.7262  0.9601  1.4925  
46      3.5697  9.11    39.26   8.52    23.94   -39.18  99.99   -2e-6	0.016	0.2414  0.6277  0.5839  0.468   0.5687  0.4636  0.5048  -0.18   0.1897  0.4008  0.7251  0.9605  1.4907  
46      3.5636  9.11    39.29   8.52    23.956  -39.12  99.99   1.e-2	0.016	0.2414  0.6278  0.5839  0.468   0.5687  0.4636  0.5048  -0.18   0.1897  0.4008  0.7251  0.9605  1.4907  
46      3.5729  9.12    38.67   8.54    23.904  -39.16  99.99   -0.17	0.016	0.2414  0.6277  0.5839  0.468   0.5687  0.4636  0.5048  -0.18   0.1897  0.4008  0.7251  0.9605  1.4907  
46      3.5695  9.11    39.22   8.52    23.94   -39.18  99.99   -0.01	0.016	0.2414  0.6277  0.5839  0.468   0.5687  0.4636  0.5048  -0.18   0.1897  0.4008  0.7251  0.9605  1.4907  
46      3.5712  9.11    39.13   8.52    23.931  -39.18  99.99   -0.04	0.016	0.2414  0.6277  0.5839  0.468   0.5688  0.4636  0.5048  -0.18   0.1897  0.4008  0.7251  0.9605  1.4907  
46      3.5697  9.11    39.2    8.52    23.939  -39.18  99.99   -0.02	0.016	0.2414  0.6277  0.5839  0.468   0.5687  0.4636  0.5048  -0.18   0.1897  0.4008  0.7251  0.9605  1.4907  
46      3.5701  9.11    39.23   8.52    23.938  -39.18  99.99   -9e-3	0.016	0.2414  0.6277  0.5839  0.468   0.5687  0.4636  0.5049  -0.18   0.1897  0.4008  0.7251  0.9605  1.4907  
46      3.5697  9.11    39.26   8.52    23.94   -39.18  99.99   2.e-6	0.016	0.2414  0.6277  0.5839  0.468   0.5687  0.4636  0.5048  -0.18   0.1897  0.4008  0.7251  0.9605  1.4907  
46      3.5693  9.11    39.21   8.52    23.941  -39.18  99.99   -0.01	0.016	0.2414  0.6277  0.5839  0.468   0.5687  0.4636  0.5048  -0.18   0.1898  0.4008  0.7251  0.9605  1.4907  
46      3.5696  9.11    39.3    8.52    23.942  -39.18  99.99   0.012	0.016	0.2414  0.6277  0.5839  0.468   0.5687  0.4636  0.5048  -0.18   0.1897  0.4009  0.7251  0.9605  1.4907  
46      3.5702  9.11    39.06   8.52    23.933  -39.18  99.99   -0.06	0.016	0.2414  0.6277  0.5839  0.468   0.5687  0.4636  0.5048  -0.18   0.1897  0.4008  0.7252  0.9605  1.4907  
46      3.5693  9.11    39.29   8.52    23.943  -39.18  99.99   9.e-3	0.016	0.2414  0.6277  0.5839  0.468   0.5687  0.4636  0.5048  -0.18   0.1897  0.4008  0.7251  0.9606  1.4907  
46      3.5698  9.11    39.08   8.52    23.937  -39.18  99.99   -0.05	0.016	0.2414  0.6277  0.5839  0.468   0.5687  0.4636  0.5048  -0.18   0.1897  0.4008  0.7251  0.9605  1.4909  
46-1                                                                          -7.e-5  0.3161  -5.48   -0.377  -1.238  -0.568  -0.286  6.9e-5  -0.471  0.3791  -1.895  0.2862  -1.704  

46-2    3.5478  9.09    45.12   8.48    24.175  -39.3   99.99   1.691	0.016	0.2414  0.6277  0.5833  0.4679  0.5686  0.4635  0.5048  -0.18   0.1897  0.4009  0.7249  0.9605  1.4903  
46-3    3.5259  9.07    57.88   8.43    24.411  -39.42  99.99   3.537	0.016	0.2414  0.6278  0.5828  0.4679  0.5685  0.4635  0.5048  -0.18   0.1897  0.4009  0.7246  0.9605  1.4898  
46-4    3.5043  9.04    45.19   8.37    24.647  -39.53  99.99   -3.24	0.016	0.2414  0.6278  0.5823  0.4679  0.5684  0.4634  0.5047  -0.18   0.1897  0.4009  0.7244  0.9606  1.4894  
47      3.5043  9.04    45.19   8.37    24.647  -39.53  99.99   -2e-6	0.016	0.2414  0.6278  0.5823  0.4679  0.5684  0.4634  0.5047  -0.18   0.1897  0.4009  0.7244  0.9606  1.4894  
47      3.4983  9.04    45.15   8.37    24.663  -39.47  99.99   -0.01	0.016	0.2414  0.6279  0.5823  0.4679  0.5684  0.4634  0.5047  -0.18   0.1897  0.4009  0.7244  0.9606  1.4894  
47      3.5073  9.05    46.41   8.39    24.611  -39.51  99.99   0.342	0.016	0.2414  0.6278  0.5824  0.4679  0.5684  0.4634  0.5047  -0.18   0.1897  0.4009  0.7244  0.9606  1.4894  
47      3.504   9.04    45.25   8.38    24.647  -39.53  99.99   0.017	0.016	0.2414  0.6278  0.5823  0.468   0.5684  0.4634  0.5047  -0.18   0.1897  0.4009  0.7244  0.9606  1.4894  
47      3.5057  9.04    45.57   8.37    24.638  -39.54  99.99   0.105	0.016	0.2414  0.6278  0.5823  0.4679  0.5685  0.4634  0.5047  -0.18   0.1897  0.4009  0.7244  0.9606  1.4894  
47      3.5042  9.04    45.29   8.38    24.646  -39.53  99.99   0.028	0.016	0.2414  0.6278  0.5823  0.4679  0.5684  0.4635  0.5047  -0.18   0.1897  0.4009  0.7244  0.9606  1.4894  
47      3.5046  9.04    45.3    8.37    24.645  -39.53  99.99   0.03 	0.016	0.2414  0.6278  0.5823  0.4679  0.5684  0.4634  0.5048  -0.18   0.1897  0.4009  0.7244  0.9606  1.4894  
47      3.5043  9.04    45.19   8.37    24.647  -39.53  99.99   2.e-6	0.016	0.2414  0.6278  0.5823  0.4679  0.5684  0.4634  0.5047  -0.18   0.1897  0.4009  0.7244  0.9606  1.4894  
47      3.5039  9.04    45.27   8.38    24.648  -39.53  99.99   0.022	0.016	0.2414  0.6278  0.5823  0.4679  0.5684  0.4634  0.5047  -0.18   0.1897  0.4009  0.7244  0.9606  1.4894  
47      3.5042  9.04    45.13   8.37    24.649  -39.53  99.99   -0.02	0.016	0.2414  0.6278  0.5823  0.4679  0.5684  0.4634  0.5047  -0.18   0.1897  0.401   0.7244  0.9606  1.4894  
47      3.5048  9.04    45.59   8.38    24.64   -39.53  99.99   0.111	0.016	0.2414  0.6278  0.5823  0.4679  0.5684  0.4634  0.5047  -0.18   0.1897  0.4009  0.7245  0.9606  1.4894  
47      3.5039  9.04    45.09   8.38    24.65   -39.53  99.99   -0.03	0.016	0.2414  0.6278  0.5823  0.4679  0.5684  0.4634  0.5047  -0.18   0.1897  0.4009  0.7244  0.9607  1.4894  
47      3.5043  9.04    45.52   8.37    24.644  -39.53  99.99   0.092	0.016	0.2414  0.6278  0.5823  0.4679  0.5684  0.4634  0.5047  -0.18   0.1897  0.4009  0.7244  0.9606  1.4897  
47-1                                                                          -3.e-5  -0.164  5.546   0.2708  1.7075  0.4504  0.4944  3.2e-5  0.3613  -0.27   1.8     -0.449  1.4859  

47-2    3.526   9.07    59.06   8.43    24.407  -39.41  99.99   3.855	0.016	0.2414  0.6278  0.5828  0.4679  0.5685  0.4635  0.5048  -0.18   0.1897  0.4009  0.7246  0.9605  1.4898  
47-3    3.5479  9.09    45.08   8.48    24.168  -39.29  99.99   -3.53	0.016	0.2414  0.6278  0.5834  0.4679  0.5687  0.4635  0.5048  -0.18   0.1897  0.4009  0.7248  0.9604  1.4902  
48      3.5479  9.09    45.08   8.48    24.168  -39.29  99.99   -2e-6	0.016	0.2414  0.6278  0.5834  0.4679  0.5687  0.4635  0.5048  -0.18   0.1897  0.4009  0.7248  0.9604  1.4902  
48      3.5418  9.09    45.13   8.48    24.184  -39.23  99.99   0.015	0.016	0.2414  0.6279  0.5834  0.4679  0.5687  0.4635  0.5048  -0.18   0.1897  0.4009  0.7248  0.9604  1.4902  
48      3.551   9.09    43.97   8.48    24.132  -39.27  99.99   -0.31	0.016	0.2414  0.6278  0.5834  0.4679  0.5687  0.4635  0.5048  -0.18   0.1897  0.4009  0.7248  0.9604  1.4902  
48      3.5476  9.09    44.99   8.48    24.168  -39.29  99.99   -0.02	0.016	0.2414  0.6278  0.5834  0.468   0.5687  0.4635  0.5048  -0.18   0.1897  0.4009  0.7248  0.9604  1.4902  
48      3.5493  9.09    44.84   8.47    24.158  -39.29  99.99   -0.07	0.016	0.2414  0.6278  0.5834  0.4679  0.5688  0.4635  0.5048  -0.18   0.1897  0.4009  0.7248  0.9604  1.4902  
48      3.5478  9.09    44.95   8.48    24.167  -39.29  99.99   -0.04	0.016	0.2414  0.6278  0.5834  0.4679  0.5687  0.4636  0.5048  -0.18   0.1897  0.4009  0.7248  0.9604  1.4902  
48      3.5482  9.09    45.03   8.47    24.166  -39.29  99.99   -0.01	0.016	0.2414  0.6278  0.5834  0.4679  0.5687  0.4635  0.5049  -0.18   0.1897  0.4009  0.7248  0.9604  1.4902  
48      3.5479  9.09    45.08   8.48    24.168  -39.29  99.99   3.e-6	0.016	0.2414  0.6278  0.5834  0.4679  0.5687  0.4635  0.5048  -0.18   0.1897  0.4009  0.7248  0.9604  1.4902  
48      3.5475  9.09    44.97   8.48    24.168  -39.29  99.99   -0.03	0.016	0.2414  0.6278  0.5834  0.4679  0.5687  0.4635  0.5048  -0.18   0.1897  0.4009  0.7248  0.9604  1.4902  
48      3.5478  9.09    45.15   8.48    24.17   -39.29  99.99   0.019	0.016	0.2414  0.6278  0.5834  0.4679  0.5687  0.4635  0.5048  -0.18   0.1897  0.4009  0.7248  0.9604  1.4902  
48      3.5484  9.09    44.69   8.48    24.161  -39.28  99.99   -0.11	0.016	0.2414  0.6278  0.5834  0.4679  0.5687  0.4635  0.5048  -0.18   0.1897  0.4009  0.725   0.9604  1.4902  
48      3.5474  9.09    45.14   8.48    24.171  -39.29  99.99   0.017	0.016	0.2414  0.6278  0.5834  0.4679  0.5687  0.4635  0.5048  -0.18   0.1897  0.4009  0.7248  0.9606  1.4902  
48      3.5479  9.09    44.73   8.47    24.165  -39.29  99.99   -0.1 	0.016	0.2414  0.6278  0.5834  0.4679  0.5687  0.4635  0.5048  -0.18   0.1897  0.4009  0.7248  0.9604  1.4904  
48-1                                                                          -4.e-5  0.2619  -5.441  -0.44   -1.179  -0.636  -0.246  5.6e-5  -0.537  0.3429  -1.91   0.2948  -1.713  

48-2    3.5266  9.07    60.6    8.43    24.401  -39.41  99.99   4.304	0.016	0.2414  0.6278  0.5828  0.4679  0.5686  0.4635  0.5048  -0.18   0.1897  0.4009  0.7246  0.9605  1.4897  
48-3    3.5056  9.04    45.57   8.37    24.634  -39.53  99.99   -3.77	0.016	0.2414  0.6278  0.5823  0.4679  0.5685  0.4634  0.5048  -0.18   0.1897  0.4009  0.7244  0.9605  1.4893  
49      3.5056  9.04    45.56   8.37    24.634  -39.53  99.99   -3e-3	0.016	0.2414  0.6278  0.5823  0.4679  0.5685  0.4634  0.5048  -0.18   0.1897  0.4009  0.7244  0.9605  1.4893  
49      3.4996  9.04    45.52   8.37    24.651  -39.47  99.99   -0.01	0.016	0.2414  0.6279  0.5823  0.4679  0.5685  0.4634  0.5048  -0.18   0.1897  0.4009  0.7244  0.9605  1.4893  
49      3.5086  9.05    46.85   8.39    24.599  -39.51  99.99   0.357	0.016	0.2414  0.6278  0.5824  0.4679  0.5685  0.4634  0.5048  -0.18   0.1897  0.4009  0.7244  0.9605  1.4893  
49      3.5054  9.04    45.63   8.37    24.634  -39.52  99.99   0.017	0.016	0.2414  0.6278  0.5823  0.4679  0.5685  0.4634  0.5048  -0.18   0.1897  0.4009  0.7244  0.9605  1.4893  
49      3.507   9.04    45.94   8.37    24.625  -39.53  99.99   0.102	0.016	0.2414  0.6278  0.5823  0.4679  0.5686  0.4634  0.5048  -0.18   0.1897  0.4009  0.7244  0.9605  1.4893  
49      3.5056  9.04    45.68   8.37    24.633  -39.53  99.99   0.03 	0.016	0.2414  0.6278  0.5823  0.4679  0.5685  0.4635  0.5048  -0.18   0.1897  0.4009  0.7244  0.9605  1.4893  
49      3.506   9.04    45.67   8.37    24.632  -39.53  99.99   0.028	0.016	0.2414  0.6278  0.5823  0.4679  0.5685  0.4634  0.5049  -0.18   0.1897  0.4009  0.7244  0.9605  1.4893  
49      3.5056  9.04    45.57   8.37    24.635  -39.53  99.99   2.e-6	0.016	0.2414  0.6278  0.5823  0.4679  0.5685  0.4634  0.5048  -0.18   0.1897  0.4009  0.7244  0.9605  1.4893  
49      3.5052  9.04    45.65   8.37    24.635  -39.52  99.99   0.022	0.016	0.2414  0.6278  0.5823  0.4679  0.5685  0.4634  0.5048  -0.18   0.1897  0.4009  0.7244  0.9605  1.4893  
49      3.5055  9.04    45.5    8.37    24.636  -39.53  99.99   -0.02	0.016	0.2414  0.6278  0.5823  0.4679  0.5685  0.4634  0.5048  -0.18   0.1897  0.401   0.7244  0.9605  1.4893  
49      3.5061  9.04    45.99   8.37    24.627  -39.52  99.99   0.116	0.016	0.2414  0.6278  0.5823  0.4679  0.5685  0.4634  0.5048  -0.18   0.1897  0.4009  0.7245  0.9605  1.4893  
49      3.5052  9.04    45.47   8.37    24.637  -39.53  99.99   -0.03	0.016	0.2414  0.6278  0.5823  0.4679  0.5685  0.4634  0.5048  -0.18   0.1897  0.4009  0.7244  0.9607  1.4893  
49      3.5056  9.04    45.92   8.37    24.631  -39.52  99.99   0.097	0.016	0.2414  0.6278  0.5823  0.4679  0.5685  0.4634  0.5048  -0.18   0.1897  0.4009  0.7244  0.9605  1.4896  
49-1                                                                          -0.043  -0.201  5.5842  0.26    1.5961  0.4757  0.4314  3.1e-5  0.3468  -0.302  1.8146  -0.431  1.5131  

49-2    3.5275  9.07    61.9    8.43    24.393  -39.41  99.99   4.525	0.016	0.2414  0.6278  0.5829  0.4679  0.5686  0.4635  0.5048  -0.18   0.1897  0.4009  0.7246  0.9605  1.4897  
49-3    3.5496  9.09    44.85   8.47    24.153  -39.29  99.99   -4.23	0.016	0.2414  0.6278  0.5834  0.4679  0.5688  0.4635  0.5048  -0.18   0.1897  0.4009  0.7248  0.9604  1.4901  
50      3.5496  9.09    44.86   8.47    24.153  -39.29  99.99   3.e-3	0.016	0.2414  0.6278  0.5834  0.4679  0.5688  0.4635  0.5048  -0.18   0.1897  0.4009  0.7248  0.9604  1.4901  
50      3.5435  9.09    44.9    8.47    24.169  -39.23  99.99   0.015	0.016	0.2414  0.6279  0.5834  0.4679  0.5688  0.4635  0.5048  -0.18   0.1897  0.4009  0.7248  0.9604  1.4901  
50      3.5527  9.1     43.78   8.49    24.117  -39.27  99.99   -0.29	0.016	0.2414  0.6278  0.5835  0.4679  0.5688  0.4635  0.5048  -0.18   0.1897  0.4009  0.7248  0.9604  1.4901  
50      3.5493  9.09    44.77   8.48    24.153  -39.28  99.99   -0.02	0.016	0.2414  0.6278  0.5834  0.468   0.5688  0.4635  0.5048  -0.18   0.1897  0.4009  0.7248  0.9604  1.4901  
50      3.551   9.09    44.6    8.47    24.144  -39.29  99.99   -0.07	0.016	0.2414  0.6278  0.5834  0.4679  0.5689  0.4635  0.5048  -0.18   0.1897  0.4009  0.7248  0.9604  1.4901  
50      3.5495  9.09    44.73   8.48    24.152  -39.29  99.99   -0.03	0.016	0.2414  0.6278  0.5834  0.4679  0.5688  0.4636  0.5048  -0.18   0.1897  0.4009  0.7248  0.9604  1.4901  
50      3.55    9.09    44.8    8.47    24.151  -39.29  99.99   -0.01	0.016	0.2414  0.6278  0.5834  0.4679  0.5688  0.4635  0.5049  -0.18   0.1897  0.4009  0.7248  0.9604  1.4901  
50      3.5496  9.09    44.85   8.47    24.153  -39.29  99.99   0    	0.016	0.2414  0.6278  0.5834  0.4679  0.5688  0.4635  0.5048  -0.18   0.1897  0.4009  0.7248  0.9604  1.4901  
50      3.5492  9.09    44.76   8.48    24.154  -39.28  99.99   -0.02	0.016	0.2414  0.6278  0.5834  0.4679  0.5688  0.4635  0.5048  -0.18   0.1897  0.4009  0.7248  0.9604  1.4901  
50      3.5495  9.09    44.92   8.47    24.155  -39.29  99.99   0.019	0.016	0.2414  0.6278  0.5834  0.4679  0.5688  0.4635  0.5048  -0.18   0.1897  0.4009  0.7248  0.9604  1.4901  
50      3.5501  9.09    44.47   8.48    24.146  -39.28  99.99   -0.11	0.016	0.2414  0.6278  0.5834  0.4679  0.5688  0.4635  0.5048  -0.18   0.1897  0.4009  0.7249  0.9604  1.4901  
50      3.5492  9.09    44.92   8.48    24.156  -39.29  99.99   0.02 	0.016	0.2414  0.6278  0.5834  0.4679  0.5688  0.4635  0.5048  -0.18   0.1897  0.4009  0.7248  0.9606  1.4901  
50      3.5496  9.09    44.51   8.47    24.15   -39.28  99.99   -0.09	0.016	0.2414  0.6278  0.5834  0.4679  0.5688  0.4635  0.5048  -0.18   0.1897  0.4009  0.7248  0.9604  1.4903  
50-1                                                                          0.0505  0.2704  -5.347  -0.403  -1.267  -0.606  -0.254  0       -0.454  0.3539  -1.921  0.3548  -1.718  

50-2    3.5443  9.09    47.14   8.47    24.211  -39.32  99.99   0.638	4.e-3	0.2414  0.6278  0.5833  0.4679  0.5687  0.4635  0.5048  -0.18   0.1897  0.4009  0.7248  0.9604  1.49    

Run     SWR     Gain    F/B     F/R     R-a     X-a     Eff.    %Res.   %Stp  Lr      Ld      L1      L2      L3      L4      L5      xr      x1      x2      x3      x4      x5      

51-0    3.5443  9.09    47.14   8.47    24.211  -39.32  99.99   0    	0    	0.2414  0.6278  0.5833  0.4679  0.5687  0.4635  0.5048  -0.18   0.1897  0.4009  0.7248  0.9604  1.49    
51      3.5444  9.09    47.17   8.47    24.21   -39.32  99.99   0.014	0.1  	0.2416  0.6278  0.5833  0.4679  0.5687  0.4635  0.5048  -0.18   0.1897  0.4009  0.7248  0.9604  1.49    
51      3.5062  9.09    47.56   8.47    24.31   -38.95  99.99   0.207	0.1  	0.2414  0.6284  0.5833  0.4679  0.5687  0.4635  0.5048  -0.18   0.1897  0.4009  0.7248  0.9604  1.49    
51      3.564   9.11    40.78   8.52    23.985  -39.18  99.99   -3.04	0.1  	0.2414  0.6278  0.5838  0.4679  0.5687  0.4635  0.5048  -0.18   0.1897  0.4009  0.7248  0.9604  1.49    
51      3.5428  9.09    46.46   8.47    24.21   -39.3   99.99   -0.33	0.1  	0.2414  0.6278  0.5833  0.4684  0.5687  0.4635  0.5048  -0.18   0.1897  0.4009  0.7248  0.9604  1.49    
51      3.5534  9.09    45.02   8.45    24.151  -39.34  99.99   -1.02	0.1  	0.2414  0.6278  0.5833  0.4679  0.5693  0.4635  0.5048  -0.18   0.1897  0.4009  0.7248  0.9604  1.49    
51      3.544   9.09    46.19   8.47    24.204  -39.3   99.99   -0.45	0.1  	0.2414  0.6278  0.5833  0.4679  0.5687  0.4639  0.5048  -0.18   0.1897  0.4009  0.7248  0.9604  1.49    
51      3.5466  9.09    46.65   8.46    24.196  -39.32  99.99   -0.24	0.1  	0.2414  0.6278  0.5833  0.4679  0.5687  0.4635  0.5053  -0.18   0.1897  0.4009  0.7248  0.9604  1.49    
51      3.5442  9.09    47.13   8.47    24.211  -39.32  99.99   -5e-3	0.1  	0.2414  0.6278  0.5833  0.4679  0.5687  0.4635  0.5048  -0.18   0.1897  0.4009  0.7248  0.9604  1.49    
51      3.5419  9.09    46.34   8.47    24.214  -39.29  99.99   -0.38	0.1  	0.2414  0.6278  0.5833  0.4679  0.5687  0.4635  0.5048  -0.18   0.1899  0.4009  0.7248  0.9604  1.49    
51      3.5437  9.09    47.69   8.47    24.221  -39.33  99.99   0.264	0.1  	0.2414  0.6278  0.5833  0.4679  0.5687  0.4635  0.5048  -0.18   0.1897  0.4013  0.7248  0.9604  1.49    
51      3.5475  9.09    44.43   8.47    24.166  -39.28  99.99   -1.3 	0.1  	0.2414  0.6278  0.5833  0.4679  0.5687  0.4635  0.5048  -0.18   0.1897  0.4009  0.7255  0.9604  1.49    
51      3.5417  9.09    47.57   8.47    24.229  -39.31  99.99   0.206	0.1  	0.2414  0.6278  0.5833  0.4679  0.5687  0.4635  0.5048  -0.18   0.1897  0.4009  0.7248  0.9614  1.49    
51      3.5446  9.09    44.69   8.46    24.192  -39.29  99.99   -1.17	0.1  	0.2414  0.6278  0.5833  0.4679  0.5687  0.4635  0.5048  -0.18   0.1897  0.4009  0.7248  0.9604  1.4914  
51-1                                                                          0.0216  0.3126  -4.579  -0.491  -1.534  -0.686  -0.355  -7.e-3  -0.577  0.3974  -1.958  0.3112  -1.77   

51-2    3.4074  8.94    30.47   8.18    25.726  -39.98  99.99   -8.06	0.116	0.2414  0.628   0.5802  0.4676  0.5677  0.4631  0.5046  -0.18   0.1896  0.4011  0.7231  0.9608  1.4869  
52      3.5443  9.09    47.14   8.47    24.21   -39.32  99.99   -4e-6	0.023	0.2415  0.6278  0.5833  0.4679  0.5687  0.4635  0.5048  -0.18   0.1897  0.4009  0.7248  0.9604  1.49    
52      3.5354  9.09    47.23   8.47    24.234  -39.23  99.99   0.045	0.023	0.2414  0.6279  0.5833  0.4679  0.5687  0.4635  0.5048  -0.18   0.1897  0.4009  0.7248  0.9604  1.49    
52      3.5488  9.09    45.21   8.48    24.159  -39.29  99.99   -0.93	0.023	0.2414  0.6278  0.5834  0.4679  0.5687  0.4635  0.5048  -0.18   0.1897  0.4009  0.7248  0.9604  1.49    
52      3.5439  9.09    46.98   8.47    24.211  -39.31  99.99   -0.08	0.023	0.2414  0.6278  0.5833  0.468   0.5687  0.4635  0.5048  -0.18   0.1897  0.4009  0.7248  0.9604  1.49    
52      3.5464  9.09    46.67   8.46    24.197  -39.32  99.99   -0.23	0.023	0.2414  0.6278  0.5833  0.4679  0.5689  0.4635  0.5048  -0.18   0.1897  0.4009  0.7248  0.9604  1.49    
52      3.5442  9.09    46.91   8.47    24.209  -39.31  99.99   -0.11	0.023	0.2414  0.6278  0.5833  0.4679  0.5687  0.4636  0.5048  -0.18   0.1897  0.4009  0.7248  0.9604  1.49    
52      3.5448  9.09    47.03   8.47    24.207  -39.32  99.99   -0.05	0.023	0.2414  0.6278  0.5833  0.4679  0.5687  0.4635  0.505   -0.18   0.1897  0.4009  0.7248  0.9604  1.49    
52      3.5443  9.09    47.14   8.47    24.211  -39.32  99.99   2.e-6	0.023	0.2414  0.6278  0.5833  0.4679  0.5687  0.4635  0.5048  -0.18   0.1897  0.4009  0.7248  0.9604  1.49    
52      3.5437  9.09    46.95   8.47    24.211  -39.31  99.99   -0.09	0.023	0.2414  0.6278  0.5833  0.4679  0.5687  0.4635  0.5048  -0.18   0.1897  0.4009  0.7248  0.9604  1.49    
52      3.5441  9.09    47.26   8.47    24.213  -39.32  99.99   0.057	0.023	0.2414  0.6278  0.5833  0.4679  0.5687  0.4635  0.5048  -0.18   0.1897  0.401   0.7248  0.9604  1.49    
52      3.545   9.09    46.43   8.47    24.2    -39.31  99.99   -0.34	0.023	0.2414  0.6278  0.5833  0.4679  0.5687  0.4635  0.5048  -0.18   0.1897  0.4009  0.7249  0.9604  1.49    
52      3.5437  9.09    47.24   8.47    24.215  -39.32  99.99   0.048	0.023	0.2414  0.6278  0.5833  0.4679  0.5687  0.4635  0.5048  -0.18   0.1897  0.4009  0.7248  0.9606  1.49    
52      3.5443  9.09    46.51   8.47    24.206  -39.31  99.99   -0.3 	0.023	0.2414  0.6278  0.5833  0.4679  0.5687  0.4635  0.5048  -0.18   0.1897  0.4009  0.7248  0.9604  1.4903  
52-1                                                                          -2.e-5  0.2547  -5.291  -0.438  -1.289  -0.63   -0.302  1.2e-5  -0.52   0.3289  -1.946  0.2745  -1.726  

52-2    3.514   9.05    49.5    8.39    24.543  -39.49  99.99   1.109	0.023	0.2414  0.6278  0.5825  0.4678  0.5686  0.4634  0.5048  -0.18   0.1897  0.4009  0.7244  0.9605  1.4894  
52-3    3.4843  9.02    39.28   8.33    24.877  -39.65  99.99   -4.83	0.023	0.2414  0.6278  0.5818  0.4678  0.5684  0.4633  0.5048  -0.18   0.1897  0.4009  0.7241  0.9605  1.4888  
53      3.514   9.05    49.5    8.39    24.543  -39.49  99.99   0    	5.e-3	0.2414  0.6278  0.5825  0.4678  0.5686  0.4634  0.5048  -0.18   0.1897  0.4009  0.7244  0.9605  1.4894  
53      3.5123  9.05    49.48   8.39    24.548  -39.47  99.99   -9e-3	5.e-3	0.2414  0.6278  0.5825  0.4678  0.5686  0.4634  0.5048  -0.18   0.1897  0.4009  0.7244  0.9605  1.4894  
53      3.5149  9.05    50.05   8.39    24.533  -39.48  99.99   0.259	5.e-3	0.2414  0.6278  0.5826  0.4678  0.5686  0.4634  0.5048  -0.18   0.1897  0.4009  0.7244  0.9605  1.4894  
53      3.5139  9.05    49.53   8.39    24.543  -39.48  99.99   0.014	5.e-3	0.2414  0.6278  0.5825  0.4679  0.5686  0.4634  0.5048  -0.18   0.1897  0.4009  0.7244  0.9605  1.4894  
53      3.5144  9.05    49.67   8.39    24.541  -39.49  99.99   0.08 	5.e-3	0.2414  0.6278  0.5825  0.4678  0.5686  0.4634  0.5048  -0.18   0.1897  0.4009  0.7244  0.9605  1.4894  
53      3.514   9.05    49.55   8.39    24.543  -39.48  99.99   0.024	5.e-3	0.2414  0.6278  0.5825  0.4678  0.5686  0.4634  0.5048  -0.18   0.1897  0.4009  0.7244  0.9605  1.4894  
53      3.5141  9.05    49.55   8.39    24.543  -39.49  99.99   0.024	5.e-3	0.2414  0.6278  0.5825  0.4678  0.5686  0.4634  0.5048  -0.18   0.1897  0.4009  0.7244  0.9605  1.4894  
53      3.514   9.05    49.5    8.39    24.543  -39.49  99.99   0    	5.e-3	0.2414  0.6278  0.5825  0.4678  0.5686  0.4634  0.5048  -0.18   0.1897  0.4009  0.7244  0.9605  1.4894  
53      3.5139  9.05    49.54   8.39    24.543  -39.48  99.99   0.019	5.e-3	0.2414  0.6278  0.5825  0.4678  0.5686  0.4634  0.5048  -0.18   0.1897  0.4009  0.7244  0.9605  1.4894  
53      3.514   9.05    49.47   8.39    24.544  -39.49  99.99   -0.01	5.e-3	0.2414  0.6278  0.5825  0.4678  0.5686  0.4634  0.5048  -0.18   0.1897  0.4009  0.7244  0.9605  1.4894  
53      3.5141  9.05    49.69   8.39    24.541  -39.48  99.99   0.09 	5.e-3	0.2414  0.6278  0.5825  0.4678  0.5686  0.4634  0.5048  -0.18   0.1897  0.4009  0.7245  0.9605  1.4894  
53      3.5139  9.05    49.45   8.39    24.544  -39.49  99.99   -0.02	5.e-3	0.2414  0.6278  0.5825  0.4678  0.5686  0.4634  0.5048  -0.18   0.1897  0.4009  0.7244  0.9605  1.4894  
53      3.514   9.05    49.66   8.39    24.542  -39.48  99.99   0.075	5.e-3	0.2414  0.6278  0.5825  0.4678  0.5686  0.4634  0.5048  -0.18   0.1897  0.4009  0.7244  0.9605  1.4894  
53-1                                                                          0       -0.189  5.3373  0.2915  1.6493  0.4855  0.4851  0       0.3887  -0.291  1.8443  -0.485  1.5535  

53-2    3.5155  9.05    50.53   8.39    24.526  -39.48  99.99   0.485	1.e-3	0.2414  0.6278  0.5826  0.4678  0.5686  0.4634  0.5048  -0.18   0.1897  0.4009  0.7245  0.9605  1.4894  

Run     SWR     Gain    F/B     F/R     R-a     X-a     Eff.    %Res.   %Stp  Lr      Ld      L1      L2      L3      L4      L5      xr      x1      x2      x3      x4      x5      

54-0    3.5155  9.05    50.53   8.39    24.526  -39.48  99.99   0    	0    	0.2414  0.6278  0.5826  0.4678  0.5686  0.4634  0.5048  -0.18   0.1897  0.4009  0.7245  0.9605  1.4894  
54      3.5156  9.05    50.47   8.39    24.526  -39.48  99.99   -0.03	0.1  	0.2416  0.6278  0.5826  0.4678  0.5686  0.4634  0.5048  -0.18   0.1897  0.4009  0.7245  0.9605  1.4894  
54      3.4779  9.05    50.06   8.39    24.627  -39.12  99.99   -0.21	0.1  	0.2414  0.6284  0.5826  0.4678  0.5686  0.4634  0.5048  -0.18   0.1897  0.4009  0.7245  0.9605  1.4894  
54      3.5349  9.08    54.13   8.46    24.301  -39.35  99.99   1.708	0.1  	0.2414  0.6278  0.5832  0.4678  0.5686  0.4634  0.5048  -0.18   0.1897  0.4009  0.7245  0.9605  1.4894  
54      3.5141  9.06    51.13   8.41    24.526  -39.45  99.99   0.29 	0.1  	0.2414  0.6278  0.5826  0.4683  0.5686  0.4634  0.5048  -0.18   0.1897  0.4009  0.7245  0.9605  1.4894  
54      3.5245  9.06    54.65   8.39    24.467  -39.5   99.99   1.935	0.1  	0.2414  0.6278  0.5826  0.4678  0.5691  0.4634  0.5048  -0.18   0.1897  0.4009  0.7245  0.9605  1.4894  
54      3.5153  9.06    51.71   8.41    24.52   -39.46  99.99   0.562	0.1  	0.2414  0.6278  0.5826  0.4678  0.5686  0.4639  0.5048  -0.18   0.1897  0.4009  0.7245  0.9605  1.4894  
54      3.5178  9.06    51.69   8.4     24.512  -39.48  99.99   0.552	0.1  	0.2414  0.6278  0.5826  0.4678  0.5686  0.4634  0.5053  -0.18   0.1897  0.4009  0.7245  0.9605  1.4894  
54      3.5155  9.05    50.53   8.39    24.527  -39.48  99.99   1.e-5	0.1  	0.2414  0.6278  0.5826  0.4678  0.5686  0.4634  0.5048  -0.18   0.1897  0.4009  0.7245  0.9605  1.4894  
54      3.5132  9.06    51.35   8.41    24.53   -39.45  99.99   0.394	0.1  	0.2414  0.6278  0.5826  0.4678  0.5686  0.4634  0.5048  -0.18   0.1899  0.4009  0.7245  0.9605  1.4894  
54      3.5149  9.05    49.8    8.39    24.537  -39.49  99.99   -0.34	0.1  	0.2414  0.6278  0.5826  0.4678  0.5686  0.4634  0.5048  -0.18   0.1897  0.4013  0.7245  0.9605  1.4894  
54      3.5187  9.06    56.68   8.41    24.481  -39.44  99.99   2.887	0.1  	0.2414  0.6278  0.5826  0.4678  0.5686  0.4634  0.5048  -0.18   0.1897  0.4009  0.7252  0.9605  1.4894  
54      3.5129  9.06    49.37   8.41    24.544  -39.47  99.99   -0.53	0.1  	0.2414  0.6278  0.5826  0.4678  0.5686  0.4634  0.5048  -0.18   0.1897  0.4009  0.7245  0.9614  1.4894  
54      3.5159  9.05    54.89   8.38    24.507  -39.45  99.99   2.041	0.1  	0.2414  0.6278  0.5826  0.4678  0.5686  0.4634  0.5048  -0.18   0.1897  0.4009  0.7245  0.9605  1.4909  
54-1                                                                          -0.032  -0.238  1.9337  0.3289  2.1914  0.636   0.6246  1.1e-5  0.4458  -0.387  3.269   -0.604  2.3107  

54-2    3.5847  9.11    36.05   8.47    23.826  -39.18  99.99   -6.74	0.087	0.2414  0.6277  0.5836  0.468   0.5697  0.4637  0.5051  -0.18   0.1898  0.4008  0.7265  0.96    1.4924  

Run     SWR     Gain    F/B     F/R     R-a     X-a     Eff.    %Res.   %Stp  Lr      Ld      L1      L2      L3      L4      L5      xr      x1      x2      x3      x4      x5      

55-0    3.5847  9.11    36.05   8.47    23.826  -39.18  99.99   0    	0    	0.2414  0.6277  0.5836  0.468   0.5697  0.4637  0.5051  -0.18   0.1898  0.4008  0.7265  0.96    1.4924  
55      3.5848  9.11    36.06   8.47    23.826  -39.18  99.99   7.e-4	0.1  	0.2416  0.6277  0.5836  0.468   0.5697  0.4637  0.5051  -0.18   0.1898  0.4008  0.7265  0.96    1.4924  
55      3.5461  9.11    36.15   8.47    23.924  -38.82  99.99   0.027	0.1  	0.2414  0.6283  0.5836  0.468   0.5697  0.4637  0.5051  -0.18   0.1898  0.4008  0.7265  0.96    1.4924  
55      3.6047  9.14    33.75   8.54    23.602  -39.04  99.99   -0.15	0.1  	0.2414  0.6277  0.5841  0.468   0.5697  0.4637  0.5051  -0.18   0.1898  0.4008  0.7265  0.96    1.4924  
55      3.5831  9.11    35.89   8.47    23.826  -39.16  99.99   -0.01	0.1  	0.2414  0.6277  0.5836  0.4684  0.5697  0.4637  0.5051  -0.18   0.1898  0.4008  0.7265  0.96    1.4924  
55      3.594   9.12    35.32   8.47    23.766  -39.2   99.99   -0.05	0.1  	0.2414  0.6277  0.5836  0.468   0.5702  0.4637  0.5051  -0.18   0.1898  0.4008  0.7265  0.96    1.4924  
55      3.5843  9.11    35.8    8.47    23.82   -39.16  99.99   -0.02	0.1  	0.2414  0.6277  0.5836  0.468   0.5697  0.4641  0.5051  -0.18   0.1898  0.4008  0.7265  0.96    1.4924  
55      3.587   9.11    35.85   8.47    23.811  -39.19  99.99   -0.02	0.1  	0.2414  0.6277  0.5836  0.468   0.5697  0.4637  0.5056  -0.18   0.1898  0.4008  0.7265  0.96    1.4924  
55      3.5846  9.11    36.05   8.47    23.826  -39.18  99.99   2.e-5	0.1  	0.2414  0.6277  0.5836  0.468   0.5697  0.4637  0.5051  -0.18   0.1898  0.4008  0.7265  0.96    1.4924  
55      3.5823  9.11    35.85   8.47    23.829  -39.15  99.99   -0.01	0.1  	0.2414  0.6277  0.5836  0.468   0.5697  0.4637  0.5051  -0.18   0.1899  0.4008  0.7265  0.96    1.4924  
55      3.584   9.11    36.2    8.47    23.836  -39.19  99.99   0.011	0.1  	0.2414  0.6277  0.5836  0.468   0.5697  0.4637  0.5051  -0.18   0.1898  0.4012  0.7265  0.96    1.4924  
55      3.5878  9.11    35.2    8.48    23.782  -39.14  99.99   -0.06	0.1  	0.2414  0.6277  0.5836  0.468   0.5697  0.4637  0.5051  -0.18   0.1898  0.4008  0.7272  0.96    1.4924  
55      3.582   9.11    36.24   8.47    23.844  -39.18  99.99   0.015	0.1  	0.2414  0.6277  0.5836  0.468   0.5697  0.4637  0.5051  -0.18   0.1898  0.4008  0.7265  0.9609  1.4924  
55      3.5848  9.11    35.33   8.46    23.809  -39.15  99.99   -0.05	0.1  	0.2414  0.6277  0.5836  0.468   0.5697  0.4637  0.5051  -0.18   0.1898  0.4008  0.7265  0.96    1.4939  
55-1                                                                          0.0207  0.8178  -4.577  -0.331  -1.486  -0.549  -0.48   6.1e-4  -0.406  0.3424  -1.932  0.4621  -1.598  

55-2    1.8817  6.82    6.73    4.53    51.869  -32.68  99.99   -3.39	2.302	0.2415  0.6395  0.5221  0.4644  0.5502  0.4578  0.4995  -0.18   0.188   0.4039  0.6942  0.9702  1.4375  
56      3.5848  9.11    36.06   8.47    23.826  -39.18  99.99   7.e-4	0.1  	0.2416  0.6277  0.5836  0.468   0.5697  0.4637  0.5051  -0.18   0.1898  0.4008  0.7265  0.96    1.4924  
56      3.5461  9.11    36.15   8.47    23.924  -38.82  99.99   0.027	0.1  	0.2414  0.6283  0.5836  0.468   0.5697  0.4637  0.5051  -0.18   0.1898  0.4008  0.7265  0.96    1.4924  
56      3.6047  9.14    33.75   8.54    23.602  -39.04  99.99   -0.15	0.1  	0.2414  0.6277  0.5841  0.468   0.5697  0.4637  0.5051  -0.18   0.1898  0.4008  0.7265  0.96    1.4924  
56      3.5831  9.11    35.89   8.47    23.826  -39.16  99.99   -0.01	0.1  	0.2414  0.6277  0.5836  0.4684  0.5697  0.4637  0.5051  -0.18   0.1898  0.4008  0.7265  0.96    1.4924  
56      3.594   9.12    35.32   8.47    23.766  -39.2   99.99   -0.05	0.1  	0.2414  0.6277  0.5836  0.468   0.5702  0.4637  0.5051  -0.18   0.1898  0.4008  0.7265  0.96    1.4924  
56      3.5843  9.11    35.8    8.47    23.82   -39.16  99.99   -0.02	0.1  	0.2414  0.6277  0.5836  0.468   0.5697  0.4641  0.5051  -0.18   0.1898  0.4008  0.7265  0.96    1.4924  
56      3.587   9.11    35.85   8.47    23.811  -39.19  99.99   -0.02	0.1  	0.2414  0.6277  0.5836  0.468   0.5697  0.4637  0.5056  -0.18   0.1898  0.4008  0.7265  0.96    1.4924  
56      3.5846  9.11    36.05   8.47    23.826  -39.18  99.99   2.e-5	0.1  	0.2414  0.6277  0.5836  0.468   0.5697  0.4637  0.5051  -0.18   0.1898  0.4008  0.7265  0.96    1.4924  
56      3.5823  9.11    35.85   8.47    23.829  -39.15  99.99   -0.01	0.1  	0.2414  0.6277  0.5836  0.468   0.5697  0.4637  0.5051  -0.18   0.1899  0.4008  0.7265  0.96    1.4924  
56      3.584   9.11    36.2    8.47    23.836  -39.19  99.99   0.011	0.1  	0.2414  0.6277  0.5836  0.468   0.5697  0.4637  0.5051  -0.18   0.1898  0.4012  0.7265  0.96    1.4924  
56      3.5878  9.11    35.2    8.48    23.782  -39.14  99.99   -0.06	0.1  	0.2414  0.6277  0.5836  0.468   0.5697  0.4637  0.5051  -0.18   0.1898  0.4008  0.7272  0.96    1.4924  
56      3.582   9.11    36.24   8.47    23.844  -39.18  99.99   0.015	0.1  	0.2414  0.6277  0.5836  0.468   0.5697  0.4637  0.5051  -0.18   0.1898  0.4008  0.7265  0.9609  1.4924  
56      3.5848  9.11    35.33   8.46    23.809  -39.15  99.99   -0.05	0.1  	0.2414  0.6277  0.5836  0.468   0.5697  0.4637  0.5051  -0.18   0.1898  0.4008  0.7265  0.96    1.4939  
56-1                                                                          0.0207  0.8178  -4.577  -0.331  -1.486  -0.549  -0.48   6.1e-4  -0.406  0.3424  -1.932  0.4621  -1.598  

56-2    3.0123  8.54    19.04   7.4     30.124  -40.37  99.99   -1.49	0.46 	0.2414  0.63    0.5713  0.4673  0.5658  0.4625  0.504   -0.18   0.1894  0.4014  0.7201  0.962   1.4814  
57      3.5847  9.11    36.06   8.47    23.826  -39.18  99.99   7.e-4	0.092	0.2416  0.6277  0.5836  0.468   0.5697  0.4637  0.5051  -0.18   0.1898  0.4008  0.7265  0.96    1.4924  
57      3.5491  9.11    36.15   8.47    23.916  -38.85  99.99   0.026	0.092	0.2414  0.6283  0.5836  0.468   0.5697  0.4637  0.5051  -0.18   0.1898  0.4008  0.7265  0.96    1.4924  
57      3.6031  9.13    33.9    8.52    23.62   -39.05  99.99   -0.15	0.092	0.2414  0.6277  0.5841  0.468   0.5697  0.4637  0.5051  -0.18   0.1898  0.4008  0.7265  0.96    1.4924  
57      3.5832  9.11    35.9    8.47    23.826  -39.16  99.99   -0.01	0.092	0.2414  0.6277  0.5836  0.4684  0.5697  0.4637  0.5051  -0.18   0.1898  0.4008  0.7265  0.96    1.4924  
57      3.5933  9.11    35.37   8.46    23.77   -39.2   99.99   -0.05	0.092	0.2414  0.6277  0.5836  0.468   0.5702  0.4637  0.5051  -0.18   0.1898  0.4008  0.7265  0.96    1.4924  
57      3.5843  9.11    35.82   8.47    23.821  -39.17  99.99   -0.02	0.092	0.2414  0.6277  0.5836  0.468   0.5697  0.4641  0.5051  -0.18   0.1898  0.4008  0.7265  0.96    1.4924  
57      3.5868  9.11    35.87   8.47    23.813  -39.19  99.99   -0.01	0.092	0.2414  0.6277  0.5836  0.468   0.5697  0.4637  0.5055  -0.18   0.1898  0.4008  0.7265  0.96    1.4924  
57      3.5846  9.11    36.05   8.47    23.826  -39.18  99.99   2.e-5	0.092	0.2414  0.6277  0.5836  0.468   0.5697  0.4637  0.5051  -0.18   0.1898  0.4008  0.7265  0.96    1.4924  
57      3.5824  9.11    35.87   8.47    23.829  -39.15  99.99   -0.01	0.092	0.2414  0.6277  0.5836  0.468   0.5697  0.4637  0.5051  -0.18   0.1899  0.4008  0.7265  0.96    1.4924  
57      3.5841  9.11    36.19   8.47    23.835  -39.19  99.99   0.011	0.092	0.2414  0.6277  0.5836  0.468   0.5697  0.4637  0.5051  -0.18   0.1898  0.4011  0.7265  0.96    1.4924  
57      3.5875  9.11    35.26   8.48    23.786  -39.14  99.99   -0.06	0.092	0.2414  0.6277  0.5836  0.468   0.5697  0.4637  0.5051  -0.18   0.1898  0.4008  0.7272  0.96    1.4924  
57      3.5822  9.11    36.22   8.47    23.842  -39.18  99.99   0.014	0.092	0.2414  0.6277  0.5836  0.468   0.5697  0.4637  0.5051  -0.18   0.1898  0.4008  0.7265  0.9609  1.4924  
57      3.5848  9.11    35.38   8.46    23.81   -39.15  99.99   -0.05	0.092	0.2414  0.6277  0.5836  0.468   0.5697  0.4637  0.5051  -0.18   0.1898  0.4008  0.7265  0.96    1.4938  
57-1                                                                          0.0217  0.7982  -4.655  -0.321  -1.698  -0.523  -0.448  6.4e-4  -0.377  0.3307  -1.858  0.4292  -1.539  

57-2    3.4538  8.99    38.51   8.23    25.079  -39.56  99.99   0.139	0.092	0.2414  0.6281  0.5811  0.4678  0.5688  0.4634  0.5049  -0.18   0.1897  0.4009  0.7253  0.9603  1.4903  
57-3    3.331   8.88    28.32   8.02    26.347  -39.87  99.99   -0.78	0.092	0.2414  0.6286  0.5786  0.4677  0.5679  0.4632  0.5047  -0.18   0.1896  0.401   0.724   0.9607  1.4882  
58      3.4538  8.99    38.51   8.23    25.079  -39.56  99.99   -6e-6	0.018	0.2414  0.6281  0.5811  0.4678  0.5688  0.4634  0.5049  -0.18   0.1897  0.4009  0.7253  0.9603  1.4903  
58      3.447   8.99    38.48   8.23    25.098  -39.49  99.99   1.e-3	0.018	0.2414  0.6283  0.5811  0.4678  0.5688  0.4634  0.5049  -0.18   0.1897  0.4009  0.7253  0.9603  1.4903  
58      3.4572  9       39.15   8.25    25.038  -39.54  99.99   0.054	0.018	0.2414  0.6281  0.5812  0.4678  0.5688  0.4634  0.5049  -0.18   0.1897  0.4009  0.7253  0.9603  1.4903  
58      3.4535  8.99    38.55   8.23    25.079  -39.56  99.99   3.e-3	0.018	0.2414  0.6281  0.5811  0.4679  0.5688  0.4634  0.5049  -0.18   0.1897  0.4009  0.7253  0.9603  1.4903  
58      3.4554  8.99    38.66   8.23    25.068  -39.56  99.99   0.01 	0.018	0.2414  0.6281  0.5811  0.4678  0.5689  0.4634  0.5049  -0.18   0.1897  0.4009  0.7253  0.9603  1.4903  
58      3.4537  8.99    38.57   8.23    25.078  -39.56  99.99   4.e-3	0.018	0.2414  0.6281  0.5811  0.4678  0.5688  0.4635  0.5049  -0.18   0.1897  0.4009  0.7253  0.9603  1.4903  
58      3.4542  8.99    38.55   8.23    25.077  -39.56  99.99   3.e-3	0.018	0.2414  0.6281  0.5811  0.4678  0.5688  0.4634  0.505   -0.18   0.1897  0.4009  0.7253  0.9603  1.4903  
58      3.4538  8.99    38.51   8.23    25.079  -39.56  99.99   6.e-6	0.018	0.2414  0.6281  0.5811  0.4678  0.5688  0.4634  0.5049  -0.18   0.1897  0.4009  0.7253  0.9603  1.4903  
58      3.4534  8.99    38.56   8.23    25.08   -39.56  99.99   4.e-3	0.018	0.2414  0.6281  0.5811  0.4678  0.5688  0.4634  0.5049  -0.18   0.1897  0.4009  0.7253  0.9603  1.4903  
58      3.4537  8.99    38.47   8.23    25.081  -39.56  99.99   -3e-3	0.018	0.2414  0.6281  0.5811  0.4678  0.5688  0.4634  0.5049  -0.18   0.1897  0.401   0.7253  0.9603  1.4903  
58      3.4544  8.99    38.73   8.24    25.071  -39.55  99.99   0.016	0.018	0.2414  0.6281  0.5811  0.4678  0.5688  0.4634  0.5049  -0.18   0.1897  0.4009  0.7254  0.9603  1.4903  
58      3.4533  8.99    38.47   8.24    25.083  -39.56  99.99   -3e-3	0.018	0.2414  0.6281  0.5811  0.4678  0.5688  0.4634  0.5049  -0.18   0.1897  0.4009  0.7253  0.9605  1.4903  
58      3.4539  8.99    38.7    8.23    25.076  -39.56  99.99   0.014	0.018	0.2414  0.6281  0.5811  0.4678  0.5688  0.4634  0.5049  -0.18   0.1897  0.4009  0.7253  0.9603  1.4905  
58-1                                                                          -7.e-4  0.1534  6.1369  0.3459  1.1453  0.4988  0.3065  7.e-4   0.4373  -0.323  1.7835  -0.302  1.5655  

58-2    3.4767  9.02    45.37   8.3     24.792  -39.39  99.99   0.515	0.018	0.2414  0.6282  0.5817  0.4679  0.5689  0.4635  0.5049  -0.18   0.1897  0.4009  0.7255  0.9603  1.4907  
58-3    3.5001  9.05    58.52   8.36    24.505  -39.22  99.99   0.926	0.018	0.2414  0.6282  0.5824  0.4679  0.569   0.4635  0.5049  -0.18   0.1897  0.4009  0.7258  0.9602  1.4911  
58-4    3.5237  9.08    42.15   8.43    24.218  -39.04  99.99   -1.02	0.018	0.2414  0.6282  0.583   0.4679  0.5691  0.4636  0.505   -0.18   0.1897  0.4008  0.726   0.9602  1.4916  
59      3.5237  9.08    42.15   8.43    24.218  -39.04  99.99   -7e-6	0.018	0.2414  0.6282  0.583   0.4679  0.5691  0.4636  0.505   -0.18   0.1897  0.4008  0.726   0.9602  1.4916  
59      3.5167  9.08    42.19   8.43    24.236  -38.97  99.99   6.e-3	0.018	0.2414  0.6283  0.583   0.4679  0.5691  0.4636  0.505   -0.18   0.1897  0.4008  0.726   0.9602  1.4916  
59      3.5273  9.09    41.23   8.44    24.176  -39.01  99.99   -0.06	0.018	0.2414  0.6282  0.5831  0.4679  0.5691  0.4636  0.505   -0.18   0.1897  0.4008  0.726   0.9602  1.4916  
59      3.5234  9.08    42.09   8.43    24.218  -39.03  99.99   -4e-3	0.018	0.2414  0.6282  0.583   0.468   0.5691  0.4636  0.505   -0.18   0.1897  0.4008  0.726   0.9602  1.4916  
59      3.5254  9.08    41.89   8.42    24.207  -39.04  99.99   -0.02	0.018	0.2414  0.6282  0.583   0.4679  0.5692  0.4636  0.505   -0.18   0.1897  0.4008  0.726   0.9602  1.4916  
59      3.5236  9.08    42.05   8.43    24.217  -39.03  99.99   -7e-3	0.018	0.2414  0.6282  0.583   0.4679  0.5691  0.4637  0.505   -0.18   0.1897  0.4008  0.726   0.9602  1.4916  
59      3.5241  9.08    42.08   8.43    24.215  -39.04  99.99   -5e-3	0.018	0.2414  0.6282  0.583   0.4679  0.5691  0.4636  0.5051  -0.18   0.1897  0.4008  0.726   0.9602  1.4916  
59      3.5237  9.08    42.15   8.43    24.218  -39.04  99.99   7.e-6	0.018	0.2414  0.6282  0.583   0.4679  0.5691  0.4636  0.505   -0.18   0.1897  0.4008  0.726   0.9602  1.4916  
59      3.5233  9.08    42.07   8.43    24.218  -39.03  99.99   -5e-3	0.018	0.2414  0.6282  0.583   0.4679  0.5691  0.4636  0.505   -0.18   0.1898  0.4008  0.726   0.9602  1.4916  
59      3.5236  9.08    42.21   8.43    24.22   -39.04  99.99   4.e-3	0.018	0.2414  0.6282  0.583   0.4679  0.5691  0.4636  0.505   -0.18   0.1897  0.4009  0.726   0.9602  1.4916  
59      3.5243  9.08    41.82   8.43    24.21   -39.03  99.99   -0.02	0.018	0.2414  0.6282  0.583   0.4679  0.5691  0.4636  0.505   -0.18   0.1897  0.4008  0.7261  0.9602  1.4916  
59      3.5232  9.08    42.21   8.43    24.221  -39.04  99.99   5.e-3	0.018	0.2414  0.6282  0.583   0.4679  0.5691  0.4636  0.505   -0.18   0.1897  0.4008  0.726   0.9604  1.4916  
59      3.5237  9.08    41.87   8.42    24.215  -39.03  99.99   -0.02	0.018	0.2414  0.6282  0.583   0.4679  0.5691  0.4636  0.505   -0.18   0.1897  0.4008  0.726   0.9602  1.4918  
59-1                                                                          -5.e-4  0.533   -4.765  -0.339  -1.589  -0.582  -0.427  5.4e-4  -0.449  0.3558  -1.952  0.3711  -1.637  

59-2    3.4992  9.06    53.4    8.38    24.468  -39.14  99.99   0.791	0.018	0.2414  0.6283  0.5825  0.4679  0.569   0.4635  0.5049  -0.18   0.1897  0.4009  0.7257  0.9603  1.4911  
59-3    3.4749  9.03    49.14   8.33    24.719  -39.24  99.99   -0.29	0.018	0.2414  0.6283  0.582   0.4679  0.5688  0.4635  0.5049  -0.18   0.1897  0.4009  0.7255  0.9603  1.4907  
60      3.4749  9.03    49.13   8.33    24.719  -39.24  99.99   -7e-4	0.018	0.2414  0.6283  0.582   0.4679  0.5688  0.4635  0.5049  -0.18   0.1897  0.4009  0.7255  0.9603  1.4907  
60      3.4681  9.03    49.06   8.33    24.738  -39.17  99.99   -2e-3	0.018	0.2414  0.6284  0.582   0.4679  0.5688  0.4635  0.5049  -0.18   0.1897  0.4009  0.7255  0.9603  1.4907  
60      3.4784  9.04    51.58   8.34    24.678  -39.21  99.99   0.172	0.018	0.2414  0.6283  0.5821  0.4679  0.5688  0.4635  0.5049  -0.18   0.1897  0.4009  0.7255  0.9603  1.4907  
60      3.4747  9.04    49.29   8.34    24.719  -39.23  99.99   0.02 	0.018	0.2414  0.6283  0.582   0.468   0.5688  0.4635  0.5049  -0.18   0.1897  0.4009  0.7255  0.9603  1.4907  
60      3.4766  9.04    49.73   8.33    24.708  -39.24  99.99   0.048	0.018	0.2414  0.6283  0.582   0.4679  0.5689  0.4635  0.5049  -0.18   0.1897  0.4009  0.7255  0.9603  1.4907  
60      3.4749  9.04    49.36   8.34    24.718  -39.23  99.99   0.024	0.018	0.2414  0.6283  0.582   0.4679  0.5688  0.4636  0.5049  -0.18   0.1897  0.4009  0.7255  0.9603  1.4907  
60      3.4753  9.04    49.3    8.34    24.716  -39.24  99.99   0.02 	0.018	0.2414  0.6283  0.582   0.4679  0.5688  0.4635  0.505   -0.18   0.1897  0.4009  0.7255  0.9603  1.4907  
60      3.4749  9.03    49.14   8.33    24.719  -39.24  99.99   6.e-6	0.018	0.2414  0.6283  0.582   0.4679  0.5688  0.4635  0.5049  -0.18   0.1897  0.4009  0.7255  0.9603  1.4907  
60      3.4745  9.04    49.31   8.34    24.72   -39.23  99.99   0.021	0.018	0.2414  0.6283  0.582   0.4679  0.5688  0.4635  0.5049  -0.18   0.1897  0.4009  0.7255  0.9603  1.4907  
60      3.4748  9.03    49.02   8.33    24.721  -39.24  99.99   -8e-3	0.018	0.2414  0.6283  0.582   0.4679  0.5688  0.4635  0.5049  -0.18   0.1897  0.401   0.7255  0.9603  1.4907  
60      3.4755  9.04    49.92   8.34    24.711  -39.23  99.99   0.062	0.018	0.2414  0.6283  0.582   0.4679  0.5688  0.4635  0.5049  -0.18   0.1897  0.4009  0.7256  0.9603  1.4907  
60      3.4745  9.04    49      8.34    24.722  -39.24  99.99   5.e-5	0.018	0.2414  0.6283  0.582   0.4679  0.5688  0.4635  0.5049  -0.18   0.1897  0.4009  0.7255  0.9605  1.4907  
60      3.475   9.03    49.79   8.33    24.716  -39.23  99.99   0.044	0.018	0.2414  0.6283  0.582   0.4679  0.5688  0.4635  0.5049  -0.18   0.1897  0.4009  0.7255  0.9603  1.4909  
60-1                                                                          -0.021  -0.057  5.317   0.6027  1.4897  0.7453  0.6128  2.e-4   0.647   -0.248  1.9028  1.4e-3  1.3542  

60-2    3.4972  9.06    52.01   8.39    24.458  -39.09  99.99   0.21 	0.018	0.2414  0.6283  0.5826  0.4679  0.569   0.4635  0.5049  -0.18   0.1897  0.4009  0.7257  0.9603  1.491   
60-3    3.52    9.09    41.35   8.45    24.196  -38.95  99.99   -0.69	0.018	0.2414  0.6283  0.5831  0.468   0.5691  0.4636  0.505   -0.18   0.1897  0.4008  0.726   0.9603  1.4914  
61      3.4973  9.06    52.01   8.39    24.458  -39.09  99.99   -6e-6	4.e-3	0.2414  0.6283  0.5826  0.4679  0.569   0.4635  0.5049  -0.18   0.1897  0.4009  0.7257  0.9603  1.491   
61      3.4959  9.06    52.04   8.39    24.461  -39.08  99.99   3.e-3	4.e-3	0.2414  0.6283  0.5826  0.4679  0.569   0.4635  0.5049  -0.18   0.1897  0.4009  0.7257  0.9603  1.491   
61      3.498   9.06    51.42   8.39    24.449  -39.09  99.99   -0.04	4.e-3	0.2414  0.6283  0.5826  0.4679  0.569   0.4635  0.5049  -0.18   0.1897  0.4009  0.7257  0.9603  1.491   
61      3.4972  9.06    51.97   8.39    24.458  -39.09  99.99   -3e-3	4.e-3	0.2414  0.6283  0.5826  0.4679  0.569   0.4635  0.5049  -0.18   0.1897  0.4009  0.7257  0.9603  1.491   
61      3.4976  9.06    51.86   8.39    24.455  -39.09  99.99   -0.01	4.e-3	0.2414  0.6283  0.5826  0.4679  0.569   0.4635  0.5049  -0.18   0.1897  0.4009  0.7257  0.9603  1.491   
61      3.4973  9.06    51.95   8.39    24.457  -39.09  99.99   -4e-3	4.e-3	0.2414  0.6283  0.5826  0.4679  0.569   0.4636  0.5049  -0.18   0.1897  0.4009  0.7257  0.9603  1.491   
61      3.4973  9.06    51.98   8.39    24.457  -39.09  99.99   -2e-3	4.e-3	0.2414  0.6283  0.5826  0.4679  0.569   0.4635  0.505   -0.18   0.1897  0.4009  0.7257  0.9603  1.491   
61      3.4972  9.06    52.01   8.39    24.458  -39.09  99.99   0    	4.e-3	0.2414  0.6283  0.5826  0.4679  0.569   0.4635  0.5049  -0.18   0.1897  0.4009  0.7257  0.9603  1.491   
61      3.4972  9.06    51.96   8.39    24.458  -39.09  99.99   -3e-3	4.e-3	0.2414  0.6283  0.5826  0.4679  0.569   0.4635  0.5049  -0.18   0.1897  0.4009  0.7257  0.9603  1.491   
61      3.4972  9.06    52.04   8.39    24.458  -39.09  99.99   2.e-3	4.e-3	0.2414  0.6283  0.5826  0.4679  0.569   0.4635  0.5049  -0.18   0.1897  0.4009  0.7257  0.9603  1.491   
61      3.4974  9.06    51.81   8.39    24.456  -39.09  99.99   -0.01	4.e-3	0.2414  0.6283  0.5826  0.4679  0.569   0.4635  0.5049  -0.18   0.1897  0.4009  0.7257  0.9603  1.491   
61      3.4972  9.06    52.05   8.39    24.458  -39.09  99.99   3.e-3	4.e-3	0.2414  0.6283  0.5826  0.4679  0.569   0.4635  0.5049  -0.18   0.1897  0.4009  0.7257  0.9604  1.491   
61      3.4973  9.06    51.83   8.39    24.457  -39.09  99.99   -0.01	4.e-3	0.2414  0.6283  0.5826  0.4679  0.569   0.4635  0.5049  -0.18   0.1897  0.4009  0.7257  0.9603  1.4911  
61-1                                                                          -9.e-4  0.3699  -5.452  -0.363  -1.397  -0.549  -0.281  0       -0.452  0.2753  -1.839  0.372   -1.648  

61-2    3.4923  9.06    57.79   8.38    24.512  -39.12  99.99   0.385	4.e-3	0.2414  0.6283  0.5825  0.4679  0.5689  0.4635  0.5049  -0.18   0.1897  0.4009  0.7257  0.9603  1.4909  

Run     SWR     Gain    F/B     F/R     R-a     X-a     Eff.    %Res.   %Stp  Lr      Ld      L1      L2      L3      L4      L5      xr      x1      x2      x3      x4      x5      

62-0    3.4923  9.06    57.79   8.38    24.512  -39.12  99.99   0    	0    	0.2414  0.6283  0.5825  0.4679  0.5689  0.4635  0.5049  -0.18   0.1897  0.4009  0.7257  0.9603  1.4909  
62      3.4924  9.06    57.91   8.38    24.511  -39.12  99.99   8.e-3	0.1  	0.2416  0.6283  0.5825  0.4679  0.5689  0.4635  0.5049  -0.18   0.1897  0.4009  0.7257  0.9603  1.4909  
62      3.4548  9.06    59.24   8.38    24.612  -38.76  99.99   0.112	0.1  	0.2414  0.6289  0.5825  0.4679  0.5689  0.4635  0.5049  -0.18   0.1897  0.4009  0.7257  0.9603  1.4909  
62      3.5114  9.08    44.46   8.44    24.287  -38.99  99.99   -0.85	0.1  	0.2414  0.6283  0.583   0.4679  0.5689  0.4635  0.5049  -0.18   0.1897  0.4009  0.7257  0.9603  1.4909  
62      3.4908  9.06    55.66   8.38    24.511  -39.1   99.99   -0.14	0.1  	0.2414  0.6283  0.5825  0.4684  0.5689  0.4635  0.5049  -0.18   0.1897  0.4009  0.7257  0.9603  1.4909  
62      3.5012  9.06    51.07   8.36    24.452  -39.14  99.99   -0.43	0.1  	0.2414  0.6283  0.5825  0.4679  0.5695  0.4635  0.5049  -0.18   0.1897  0.4009  0.7257  0.9603  1.4909  
62      3.492   9.06    54.93   8.38    24.506  -39.1   99.99   -0.18	0.1  	0.2414  0.6283  0.5825  0.4679  0.5689  0.464   0.5049  -0.18   0.1897  0.4009  0.7257  0.9603  1.4909  
62      3.4946  9.06    55.55   8.38    24.497  -39.12  99.99   -0.14	0.1  	0.2414  0.6283  0.5825  0.4679  0.5689  0.4635  0.5054  -0.18   0.1897  0.4009  0.7257  0.9603  1.4909  
62      3.4922  9.06    57.79   8.38    24.512  -39.12  99.99   2.e-5	0.1  	0.2414  0.6283  0.5825  0.4679  0.5689  0.4635  0.5049  -0.18   0.1897  0.4009  0.7257  0.9603  1.4909  
62      3.49    9.06    55.38   8.38    24.515  -39.09  99.99   -0.15	0.1  	0.2414  0.6283  0.5825  0.4679  0.5689  0.4635  0.5049  -0.18   0.1899  0.4009  0.7257  0.9603  1.4909  
62      3.4917  9.06    59.87   8.38    24.522  -39.13  99.99   0.133	0.1  	0.2414  0.6283  0.5825  0.4679  0.5689  0.4635  0.5049  -0.18   0.1897  0.4013  0.7257  0.9603  1.4909  
62      3.4954  9.06    50.74   8.38    24.466  -39.08  99.99   -0.45	0.1  	0.2414  0.6283  0.5825  0.4679  0.5689  0.4635  0.5049  -0.18   0.1897  0.4009  0.7264  0.9603  1.4909  
62      3.4897  9.06    58.99   8.38    24.53   -39.11  99.99   0.078	0.1  	0.2414  0.6283  0.5825  0.4679  0.5689  0.4635  0.5049  -0.18   0.1897  0.4009  0.7257  0.9613  1.4909  
62      3.4925  9.06    51.33   8.37    24.493  -39.09  99.99   -0.41	0.1  	0.2414  0.6283  0.5825  0.4679  0.5689  0.4635  0.5049  -0.18   0.1897  0.4009  0.7257  0.9603  1.4924  
62-1                                                                          0.032   0.4702  -3.578  -0.568  -1.822  -0.766  -0.606  8.1e-5  -0.641  0.5592  -1.897  0.3274  -1.733  

62-2    3.1687  8.72    22.16   7.81    28.159  -40.16  99.99   -2.26	0.323	0.2414  0.6293  0.5757  0.4671  0.5656  0.4624  0.5039  -0.18   0.1893  0.4016  0.7212  0.9614  1.4826  
63      3.4923  9.06    57.87   8.38    24.511  -39.12  99.99   5.e-3	0.065	0.2416  0.6283  0.5825  0.4679  0.5689  0.4635  0.5049  -0.18   0.1897  0.4009  0.7257  0.9603  1.4909  
63      3.468   9.06    58.71   8.38    24.577  -38.88  99.99   0.071	0.065	0.2414  0.6287  0.5825  0.4679  0.5689  0.4635  0.5049  -0.18   0.1897  0.4009  0.7257  0.9603  1.4909  
63      3.5046  9.07    47.29   8.41    24.366  -39.03  99.99   -0.67	0.065	0.2414  0.6283  0.5828  0.4679  0.5689  0.4635  0.5049  -0.18   0.1897  0.4009  0.7257  0.9603  1.4909  
63      3.4913  9.06    56.39   8.38    24.511  -39.1   99.99   -0.09	0.065	0.2414  0.6283  0.5825  0.4682  0.5689  0.4635  0.5049  -0.18   0.1897  0.4009  0.7257  0.9603  1.4909  
63      3.4981  9.06    53.11   8.37    24.473  -39.13  99.99   -0.3 	0.065	0.2414  0.6283  0.5825  0.4679  0.5693  0.4635  0.5049  -0.18   0.1897  0.4009  0.7257  0.9603  1.4909  
63      3.4921  9.06    55.86   8.38    24.508  -39.11  99.99   -0.12	0.065	0.2414  0.6283  0.5825  0.4679  0.5689  0.4638  0.5049  -0.18   0.1897  0.4009  0.7257  0.9603  1.4909  
63      3.4938  9.06    56.41   8.38    24.502  -39.12  99.99   -0.09	0.065	0.2414  0.6283  0.5825  0.4679  0.5689  0.4635  0.5053  -0.18   0.1897  0.4009  0.7257  0.9603  1.4909  
63      3.4923  9.06    57.79   8.38    24.512  -39.12  99.99   1.e-5	0.065	0.2414  0.6283  0.5825  0.4679  0.5689  0.4635  0.5049  -0.18   0.1897  0.4009  0.7257  0.9603  1.4909  
63      3.4908  9.06    56.19   8.38    24.514  -39.1   99.99   -0.1 	0.065	0.2414  0.6283  0.5825  0.4679  0.5689  0.4635  0.5049  -0.18   0.1898  0.4009  0.7257  0.9603  1.4909  
63      3.4919  9.06    59.08   8.38    24.519  -39.12  99.99   0.082	0.065	0.2414  0.6283  0.5825  0.4679  0.5689  0.4635  0.5049  -0.18   0.1897  0.4011  0.7257  0.9603  1.4909  
63      3.4943  9.06    52.64   8.38    24.482  -39.09  99.99   -0.33	0.065	0.2414  0.6283  0.5825  0.4679  0.5689  0.4635  0.5049  -0.18   0.1897  0.4009  0.7261  0.9603  1.4909  
63      3.4906  9.06    58.75   8.38    24.523  -39.11  99.99   0.062	0.065	0.2414  0.6283  0.5825  0.4679  0.5689  0.4635  0.5049  -0.18   0.1897  0.4009  0.7257  0.961   1.4909  
63      3.4924  9.06    53.12   8.37    24.5    -39.1   99.99   -0.3 	0.065	0.2414  0.6283  0.5825  0.4679  0.5689  0.4635  0.5049  -0.18   0.1897  0.4009  0.7257  0.9603  1.4919  
63-1                                                                          0.0296  0.4164  -3.926  -0.519  -1.763  -0.719  -0.519  7.5e-5  -0.592  0.4823  -1.927  0.3631  -1.742  

63-2    3.4206  8.98    35.84   8.24    25.276  -39.41  99.99   -1.4 	0.065	0.2414  0.6285  0.581   0.4678  0.5683  0.4633  0.5048  -0.18   0.1896  0.401   0.7248  0.9606  1.4893  

Run     SWR     Gain    F/B     F/R     R-a     X-a     Eff.    %Res.   %Stp  Lr      Ld      L1      L2      L3      L4      L5      xr      x1      x2      x3      x4      x5      

64-0    3.4206  8.98    35.84   8.24    25.276  -39.41  99.99   0    	0    	0.2414  0.6285  0.581   0.4678  0.5683  0.4633  0.5048  -0.18   0.1896  0.401   0.7248  0.9606  1.4893  
64      3.4207  8.98    35.83   8.24    25.275  -39.41  99.99   -8e-4	0.1  	0.2416  0.6285  0.581   0.4678  0.5683  0.4633  0.5048  -0.18   0.1896  0.401   0.7248  0.9606  1.4893  
64      3.3842  8.98    35.74   8.24    25.379  -39.05  99.99   0.011	0.1  	0.2414  0.6291  0.581   0.4678  0.5683  0.4633  0.5048  -0.18   0.1896  0.401   0.7248  0.9606  1.4893  
64      3.439   9.01    38.72   8.3     25.049  -39.29  99.99   0.207	0.1  	0.2414  0.6285  0.5816  0.4678  0.5683  0.4633  0.5048  -0.18   0.1896  0.401   0.7248  0.9606  1.4893  
64      3.4192  8.99    36      8.25    25.274  -39.39  99.99   0.014	0.1  	0.2414  0.6285  0.581   0.4682  0.5683  0.4633  0.5048  -0.18   0.1896  0.401   0.7248  0.9606  1.4893  
64      3.4292  8.99    36.5    8.23    25.216  -39.44  99.99   0.045	0.1  	0.2414  0.6285  0.581   0.4678  0.5688  0.4633  0.5048  -0.18   0.1896  0.401   0.7248  0.9606  1.4893  
64      3.4203  8.99    36.1    8.25    25.269  -39.4   99.99   0.02 	0.1  	0.2414  0.6285  0.581   0.4678  0.5683  0.4638  0.5048  -0.18   0.1896  0.401   0.7248  0.9606  1.4893  
64      3.4228  8.99    36.01   8.24    25.261  -39.42  99.99   0.012	0.1  	0.2414  0.6285  0.581   0.4678  0.5683  0.4633  0.5053  -0.18   0.1896  0.401   0.7248  0.9606  1.4893  
64      3.4206  8.98    35.84   8.24    25.276  -39.41  99.99   2.e-5	0.1  	0.2414  0.6285  0.581   0.4678  0.5683  0.4633  0.5048  -0.18   0.1896  0.401   0.7248  0.9606  1.4893  
64      3.4184  8.99    36.03   8.25    25.279  -39.39  99.99   0.016	0.1  	0.2414  0.6285  0.581   0.4678  0.5683  0.4633  0.5048  -0.18   0.1898  0.401   0.7248  0.9606  1.4893  
64      3.42    8.98    35.69   8.24    25.286  -39.42  99.99   -0.01	0.1  	0.2414  0.6285  0.581   0.4678  0.5683  0.4633  0.5048  -0.18   0.1896  0.4014  0.7248  0.9606  1.4893  
64      3.4237  8.99    36.75   8.25    25.229  -39.38  99.99   0.067	0.1  	0.2414  0.6285  0.581   0.4678  0.5683  0.4633  0.5048  -0.18   0.1896  0.401   0.7255  0.9606  1.4893  
64      3.4181  8.98    35.66   8.24    25.294  -39.41  99.99   -0.01	0.1  	0.2414  0.6285  0.581   0.4678  0.5683  0.4633  0.5048  -0.18   0.1896  0.401   0.7248  0.9615  1.4893  
64      3.421   8.98    36.61   8.23    25.256  -39.39  99.99   0.057	0.1  	0.2414  0.6285  0.581   0.4678  0.5683  0.4633  0.5048  -0.18   0.1896  0.401   0.7248  0.9606  1.4907  
64-1                                                                          -0.022  0.3134  5.6788  0.371   1.2473  0.5584  0.3405  6.6e-4  0.4437  -0.296  1.8344  -0.331  1.5627  

64-2    3.2805  5.35    -2.37   -2.37   15.273  -2.151  99.99   -3.09	2.112	0.2413  0.6326  0.6507  0.4714  0.5832  0.4688  0.5084  -0.18   0.1914  0.3985  0.7528  0.9538  1.5384  
65      3.4207  8.98    35.83   8.24    25.275  -39.41  99.99   -8e-4	0.1  	0.2416  0.6285  0.581   0.4678  0.5683  0.4633  0.5048  -0.18   0.1896  0.401   0.7248  0.9606  1.4893  
65      3.3842  8.98    35.74   8.24    25.379  -39.05  99.99   0.011	0.1  	0.2414  0.6291  0.581   0.4678  0.5683  0.4633  0.5048  -0.18   0.1896  0.401   0.7248  0.9606  1.4893  
65      3.439   9.01    38.72   8.3     25.049  -39.29  99.99   0.207	0.1  	0.2414  0.6285  0.5816  0.4678  0.5683  0.4633  0.5048  -0.18   0.1896  0.401   0.7248  0.9606  1.4893  
65      3.4192  8.99    36      8.25    25.274  -39.39  99.99   0.014	0.1  	0.2414  0.6285  0.581   0.4682  0.5683  0.4633  0.5048  -0.18   0.1896  0.401   0.7248  0.9606  1.4893  
65      3.4292  8.99    36.5    8.23    25.216  -39.44  99.99   0.045	0.1  	0.2414  0.6285  0.581   0.4678  0.5688  0.4633  0.5048  -0.18   0.1896  0.401   0.7248  0.9606  1.4893  
65      3.4203  8.99    36.1    8.25    25.269  -39.4   99.99   0.02 	0.1  	0.2414  0.6285  0.581   0.4678  0.5683  0.4638  0.5048  -0.18   0.1896  0.401   0.7248  0.9606  1.4893  
65      3.4228  8.99    36.01   8.24    25.261  -39.42  99.99   0.012	0.1  	0.2414  0.6285  0.581   0.4678  0.5683  0.4633  0.5053  -0.18   0.1896  0.401   0.7248  0.9606  1.4893  
65      3.4206  8.98    35.84   8.24    25.276  -39.41  99.99   2.e-5	0.1  	0.2414  0.6285  0.581   0.4678  0.5683  0.4633  0.5048  -0.18   0.1896  0.401   0.7248  0.9606  1.4893  
65      3.4184  8.99    36.03   8.25    25.279  -39.39  99.99   0.016	0.1  	0.2414  0.6285  0.581   0.4678  0.5683  0.4633  0.5048  -0.18   0.1898  0.401   0.7248  0.9606  1.4893  
65      3.42    8.98    35.69   8.24    25.286  -39.42  99.99   -0.01	0.1  	0.2414  0.6285  0.581   0.4678  0.5683  0.4633  0.5048  -0.18   0.1896  0.4014  0.7248  0.9606  1.4893  
65      3.4237  8.99    36.75   8.25    25.229  -39.38  99.99   0.067	0.1  	0.2414  0.6285  0.581   0.4678  0.5683  0.4633  0.5048  -0.18   0.1896  0.401   0.7255  0.9606  1.4893  
65      3.4181  8.98    35.66   8.24    25.294  -39.41  99.99   -0.01	0.1  	0.2414  0.6285  0.581   0.4678  0.5683  0.4633  0.5048  -0.18   0.1896  0.401   0.7248  0.9615  1.4893  
65      3.421   8.98    36.61   8.23    25.256  -39.39  99.99   0.057	0.1  	0.2414  0.6285  0.581   0.4678  0.5683  0.4633  0.5048  -0.18   0.1896  0.401   0.7248  0.9606  1.4907  
65-1                                                                          -0.022  0.3134  5.6788  0.371   1.2473  0.5584  0.3405  6.6e-4  0.4437  -0.296  1.8344  -0.331  1.5627  

65-2    3.9426  9.6     17.15   9.63    19.375  -34.49  99.99   -1.6 	0.422	0.2414  0.6293  0.5949  0.4685  0.5713  0.4644  0.5055  -0.18   0.19    0.4005  0.7304  0.9592  1.4991  
66      3.4207  8.98    35.83   8.24    25.275  -39.41  99.99   -8e-4	0.084	0.2416  0.6285  0.581   0.4678  0.5683  0.4633  0.5048  -0.18   0.1896  0.401   0.7248  0.9606  1.4893  
66      3.3898  8.98    35.75   8.24    25.363  -39.11  99.99   9.e-3	0.084	0.2414  0.629   0.581   0.4678  0.5683  0.4633  0.5048  -0.18   0.1896  0.401   0.7248  0.9606  1.4893  
66      3.4361  9       38.19   8.29    25.085  -39.31  99.99   0.168	0.084	0.2414  0.6285  0.5815  0.4678  0.5683  0.4633  0.5048  -0.18   0.1896  0.401   0.7248  0.9606  1.4893  
66      3.4194  8.99    35.98   8.25    25.275  -39.4   99.99   0.012	0.084	0.2414  0.6285  0.581   0.4682  0.5683  0.4633  0.5048  -0.18   0.1896  0.401   0.7248  0.9606  1.4893  
66      3.4278  8.99    36.4    8.24    25.225  -39.43  99.99   0.039	0.084	0.2414  0.6285  0.581   0.4678  0.5688  0.4633  0.5048  -0.18   0.1896  0.401   0.7248  0.9606  1.4893  
66      3.4204  8.99    36.06   8.25    25.27   -39.4   99.99   0.017	0.084	0.2414  0.6285  0.581   0.4678  0.5683  0.4637  0.5048  -0.18   0.1896  0.401   0.7248  0.9606  1.4893  
66      3.4224  8.99    35.99   8.24    25.263  -39.42  99.99   0.011	0.084	0.2414  0.6285  0.581   0.4678  0.5683  0.4633  0.5052  -0.18   0.1896  0.401   0.7248  0.9606  1.4893  
66      3.4206  8.98    35.84   8.24    25.276  -39.41  99.99   2.e-5	0.084	0.2414  0.6285  0.581   0.4678  0.5683  0.4633  0.5048  -0.18   0.1896  0.401   0.7248  0.9606  1.4893  
66      3.4187  8.99    36      8.25    25.278  -39.39  99.99   0.014	0.084	0.2414  0.6285  0.581   0.4678  0.5683  0.4633  0.5048  -0.18   0.1898  0.401   0.7248  0.9606  1.4893  
66      3.4201  8.98    35.71   8.24    25.285  -39.42  99.99   -9e-3	0.084	0.2414  0.6285  0.581   0.4678  0.5683  0.4633  0.5048  -0.18   0.1896  0.4013  0.7248  0.9606  1.4893  
66      3.4232  8.99    36.6    8.25    25.236  -39.38  99.99   0.056	0.084	0.2414  0.6285  0.581   0.4678  0.5683  0.4633  0.5048  -0.18   0.1896  0.401   0.7254  0.9606  1.4893  
66      3.4185  8.98    35.69   8.24    25.291  -39.41  99.99   -0.01	0.084	0.2414  0.6285  0.581   0.4678  0.5683  0.4633  0.5048  -0.18   0.1896  0.401   0.7248  0.9614  1.4893  
66      3.4209  8.98    36.49   8.23    25.259  -39.39  99.99   0.048	0.084	0.2414  0.6285  0.581   0.4678  0.5683  0.4633  0.5048  -0.18   0.1896  0.401   0.7248  0.9606  1.4905  
66-1                                                                          -0.026  0.3048  5.5417  0.3929  1.276   0.5719  0.3658  6.e-4   0.4534  -0.309  1.8439  -0.331  1.5838  

66-2    3.5136  9.11    38.46   8.51    24.071  -38.63  99.99   0.158	0.084	0.2414  0.6287  0.5837  0.4679  0.5689  0.4635  0.5049  -0.18   0.1897  0.4009  0.7259  0.9603  1.4912  
66-3    3.6123  9.23    27.69   8.78    22.876  -37.75  99.99   -0.82	0.084	0.2414  0.6288  0.5864  0.4681  0.5695  0.4638  0.5051  -0.18   0.1898  0.4008  0.727   0.96    1.4932  
67      3.5137  9.11    38.46   8.51    24.071  -38.63  99.99   -7e-6	0.017	0.2414  0.6287  0.5837  0.4679  0.5689  0.4635  0.5049  -0.18   0.1897  0.4009  0.7259  0.9603  1.4912  
67      3.5072  9.11    38.48   8.5     24.087  -38.56  99.99   5.e-3	0.017	0.2414  0.6288  0.5837  0.4679  0.5689  0.4635  0.5049  -0.18   0.1897  0.4009  0.7259  0.9603  1.4912  
67      3.5169  9.11    37.89   8.51    24.033  -38.6   99.99   -0.04	0.017	0.2414  0.6287  0.5838  0.4679  0.5689  0.4635  0.5049  -0.18   0.1897  0.4009  0.7259  0.9603  1.4912  
67      3.5134  9.11    38.42   8.51    24.071  -38.62  99.99   -3e-3	0.017	0.2414  0.6287  0.5837  0.468   0.5689  0.4635  0.5049  -0.18   0.1897  0.4009  0.7259  0.9603  1.4912  
67      3.5152  9.11    38.31   8.5     24.06   -38.63  99.99   -0.01	0.017	0.2414  0.6287  0.5837  0.4679  0.569   0.4635  0.5049  -0.18   0.1897  0.4009  0.7259  0.9603  1.4912  
67      3.5136  9.11    38.4    8.51    24.07   -38.62  99.99   -4e-3	0.017	0.2414  0.6287  0.5837  0.4679  0.5689  0.4636  0.5049  -0.18   0.1897  0.4009  0.7259  0.9603  1.4912  
67      3.514   9.11    38.42   8.5     24.068  -38.63  99.99   -3e-3	0.017	0.2414  0.6287  0.5837  0.4679  0.5689  0.4635  0.505   -0.18   0.1897  0.4009  0.7259  0.9603  1.4912  
67      3.5136  9.11    38.46   8.51    24.071  -38.63  99.99   0    	0.017	0.2414  0.6287  0.5837  0.4679  0.5689  0.4635  0.5049  -0.18   0.1897  0.4009  0.7259  0.9603  1.4912  
67      3.5132  9.11    38.41   8.51    24.071  -38.62  99.99   -3e-3	0.017	0.2414  0.6287  0.5837  0.4679  0.5689  0.4635  0.5049  -0.18   0.1898  0.4009  0.7259  0.9603  1.4912  
67      3.5135  9.11    38.49   8.5     24.072  -38.63  99.99   2.e-3	0.017	0.2414  0.6287  0.5837  0.4679  0.5689  0.4635  0.5049  -0.18   0.1897  0.401   0.7259  0.9603  1.4912  
67      3.5142  9.11    38.26   8.51    24.063  -38.62  99.99   -0.01	0.017	0.2414  0.6287  0.5837  0.4679  0.5689  0.4635  0.5049  -0.18   0.1897  0.4009  0.726   0.9603  1.4912  
67      3.5132  9.11    38.49   8.51    24.074  -38.62  99.99   2.e-3	0.017	0.2414  0.6287  0.5837  0.4679  0.5689  0.4635  0.5049  -0.18   0.1897  0.4009  0.7259  0.9605  1.4912  
67      3.5137  9.11    38.28   8.5     24.068  -38.62  99.99   -0.01	0.017	0.2414  0.6287  0.5837  0.4679  0.5689  0.4635  0.5049  -0.18   0.1897  0.4009  0.7259  0.9603  1.4915  
67-1                                                                          -8.e-4  0.5849  -5.299  -0.341  -1.438  -0.532  -0.382  0       -0.421  0.2747  -1.82   0.2959  -1.611  

67-2    3.4894  9.08    43.89   8.45    24.319  -38.73  99.99   0.405	0.017	0.2414  0.6287  0.5832  0.4679  0.5688  0.4635  0.5049  -0.18   0.1897  0.4009  0.7257  0.9603  1.4908  
67-3    3.4655  9.06    59.51   8.4     24.567  -38.83  99.99   1.104	0.017	0.2414  0.6288  0.5827  0.4679  0.5686  0.4635  0.5049  -0.18   0.1897  0.4009  0.7254  0.9604  1.4904  
67-4    3.4419  9.04    46.52   8.36    24.817  -38.93  99.99   -0.81	0.017	0.2414  0.6288  0.5821  0.4678  0.5685  0.4634  0.5048  -0.18   0.1897  0.4009  0.7252  0.9604  1.49    
68      3.4419  9.04    46.52   8.36    24.816  -38.93  99.99   -1e-5	0.017	0.2414  0.6288  0.5821  0.4678  0.5685  0.4634  0.5048  -0.18   0.1897  0.4009  0.7252  0.9604  1.49    
68      3.4356  9.04    46.47   8.36    24.834  -38.87  99.99   -2e-4	0.017	0.2414  0.6289  0.5821  0.4678  0.5685  0.4634  0.5048  -0.18   0.1897  0.4009  0.7252  0.9604  1.49    
68      3.445   9.04    48.06   8.36    24.778  -38.91  99.99   0.104	0.017	0.2414  0.6288  0.5822  0.4678  0.5685  0.4634  0.5048  -0.18   0.1897  0.4009  0.7252  0.9604  1.49    
68      3.4416  9.04    46.6    8.36    24.816  -38.92  99.99   6.e-3	0.017	0.2414  0.6288  0.5821  0.4679  0.5685  0.4634  0.5048  -0.18   0.1897  0.4009  0.7252  0.9604  1.49    
68      3.4433  9.04    46.95   8.35    24.807  -38.93  99.99   0.029	0.017	0.2414  0.6288  0.5821  0.4678  0.5686  0.4634  0.5048  -0.18   0.1897  0.4009  0.7252  0.9604  1.49    
68      3.4418  9.04    46.65   8.36    24.815  -38.93  99.99   9.e-3	0.017	0.2414  0.6288  0.5821  0.4678  0.5685  0.4635  0.5048  -0.18   0.1897  0.4009  0.7252  0.9604  1.49    
68      3.4422  9.04    46.64   8.36    24.814  -38.93  99.99   8.e-3	0.017	0.2414  0.6288  0.5821  0.4678  0.5685  0.4634  0.5049  -0.18   0.1897  0.4009  0.7252  0.9604  1.49    
68      3.4418  9.04    46.52   8.36    24.817  -38.93  99.99   6.e-6	0.017	0.2414  0.6288  0.5821  0.4678  0.5685  0.4634  0.5048  -0.18   0.1897  0.4009  0.7252  0.9604  1.49    
68      3.4415  9.04    46.62   8.36    24.817  -38.92  99.99   7.e-3	0.017	0.2414  0.6288  0.5821  0.4678  0.5685  0.4634  0.5048  -0.18   0.1897  0.4009  0.7252  0.9604  1.49    
68      3.4417  9.04    46.44   8.36    24.818  -38.93  99.99   -5e-3	0.017	0.2414  0.6288  0.5821  0.4678  0.5685  0.4634  0.5048  -0.18   0.1897  0.401   0.7252  0.9604  1.49    
68      3.4424  9.04    47.03   8.36    24.809  -38.92  99.99   0.035	0.017	0.2414  0.6288  0.5821  0.4678  0.5685  0.4634  0.5048  -0.18   0.1897  0.4009  0.7253  0.9604  1.49    
68      3.4414  9.04    46.41   8.36    24.82   -38.93  99.99   -7e-3	0.017	0.2414  0.6288  0.5821  0.4678  0.5685  0.4634  0.5048  -0.18   0.1897  0.4009  0.7252  0.9606  1.49    
68      3.4419  9.04    46.94   8.35    24.813  -38.92  99.99   0.029	0.017	0.2414  0.6288  0.5821  0.4678  0.5685  0.4634  0.5048  -0.18   0.1897  0.4009  0.7252  0.9604  1.4903  
68-1                                                                          -5.e-4  -0.012  5.6599  0.3056  1.5639  0.4865  0.4377  3.4e-4  0.3841  -0.296  1.8893  -0.398  1.5665  

68-2    3.4633  9.06    57.93   8.4     24.561  -38.79  99.99   0.775	0.017	0.2414  0.6288  0.5827  0.4679  0.5686  0.4635  0.5049  -0.18   0.1897  0.4009  0.7255  0.9604  1.4904  
68-3    3.485   9.09    43.13   8.46    24.307  -38.64  99.99   -0.95	0.017	0.2414  0.6288  0.5832  0.4679  0.5688  0.4635  0.5049  -0.18   0.1897  0.4009  0.7257  0.9603  1.4908  
69      3.4851  9.09    43.14   8.46    24.306  -38.64  99.99   7.e-4	0.017	0.2414  0.6288  0.5832  0.4679  0.5688  0.4635  0.5049  -0.18   0.1897  0.4009  0.7257  0.9603  1.4908  
69      3.4787  9.09    43.18   8.46    24.323  -38.58  99.99   7.e-3	0.017	0.2414  0.6289  0.5832  0.4679  0.5688  0.4635  0.5049  -0.18   0.1897  0.4009  0.7257  0.9603  1.4908  
69      3.4883  9.09    42.19   8.47    24.268  -38.62  99.99   -0.07	0.017	0.2414  0.6288  0.5833  0.4679  0.5688  0.4635  0.5049  -0.18   0.1897  0.4009  0.7257  0.9603  1.4908  
69      3.4848  9.09    43.06   8.46    24.307  -38.64  99.99   -5e-3	0.017	0.2414  0.6288  0.5832  0.468   0.5688  0.4635  0.5049  -0.18   0.1897  0.4009  0.7257  0.9603  1.4908  
69      3.4865  9.09    42.9    8.46    24.296  -38.65  99.99   -0.02	0.017	0.2414  0.6288  0.5832  0.4679  0.5689  0.4635  0.5049  -0.18   0.1897  0.4009  0.7257  0.9603  1.4908  
69      3.485   9.09    43.03   8.46    24.306  -38.64  99.99   -7e-3	0.017	0.2414  0.6288  0.5832  0.4679  0.5688  0.4636  0.5049  -0.18   0.1897  0.4009  0.7257  0.9603  1.4908  
69      3.4854  9.09    43.08   8.46    24.304  -38.65  99.99   -4e-3	0.017	0.2414  0.6288  0.5832  0.4679  0.5688  0.4635  0.505   -0.18   0.1897  0.4009  0.7257  0.9603  1.4908  
69      3.485   9.09    43.13   8.46    24.307  -38.64  99.99   6.e-6	0.017	0.2414  0.6288  0.5832  0.4679  0.5688  0.4635  0.5049  -0.18   0.1897  0.4009  0.7257  0.9603  1.4908  
69      3.4846  9.09    43.05   8.46    24.307  -38.64  99.99   -5e-3	0.017	0.2414  0.6288  0.5832  0.4679  0.5688  0.4635  0.5049  -0.18   0.1897  0.4009  0.7257  0.9603  1.4908  
69      3.4849  9.09    43.19   8.46    24.308  -38.65  99.99   4.e-3	0.017	0.2414  0.6288  0.5832  0.4679  0.5688  0.4635  0.5049  -0.18   0.1897  0.401   0.7257  0.9603  1.4908  
69      3.4855  9.09    42.8    8.46    24.299  -38.64  99.99   -0.02	0.017	0.2414  0.6288  0.5832  0.4679  0.5688  0.4635  0.5049  -0.18   0.1897  0.4009  0.7258  0.9603  1.4908  
69      3.4846  9.09    43.19   8.46    24.31   -38.64  99.99   4.e-3	0.017	0.2414  0.6288  0.5832  0.4679  0.5688  0.4635  0.5049  -0.18   0.1897  0.4009  0.7257  0.9605  1.4908  
69      3.4851  9.09    42.84   8.46    24.303  -38.64  99.99   -0.02	0.017	0.2414  0.6288  0.5832  0.4679  0.5688  0.4635  0.5049  -0.18   0.1897  0.4009  0.7257  0.9603  1.4911  
69-1                                                                          0.0546  0.5329  -5.316  -0.375  -1.33   -0.549  -0.291  5.1e-4  -0.425  0.3356  -1.841  0.349   -1.601  

69-2    3.4616  9.06    56.4    8.41    24.554  -38.75  99.99   0.943	0.017	0.2414  0.6289  0.5827  0.4679  0.5686  0.4634  0.5049  -0.18   0.1897  0.4009  0.7255  0.9604  1.4904  
69-3    3.4384  9.04    47.72   8.36    24.803  -38.85  99.99   -0.55	0.017	0.2414  0.6289  0.5822  0.4678  0.5685  0.4634  0.5048  -0.18   0.1897  0.4009  0.7252  0.9604  1.49    
70      3.4384  9.04    47.72   8.36    24.802  -38.85  99.99   -6e-6	0.017	0.2414  0.6289  0.5822  0.4678  0.5685  0.4634  0.5048  -0.18   0.1897  0.4009  0.7252  0.9604  1.49    
70      3.4322  9.04    47.66   8.36    24.82   -38.79  99.99   -9e-4	0.017	0.2414  0.6291  0.5822  0.4678  0.5685  0.4634  0.5048  -0.18   0.1897  0.4009  0.7252  0.9604  1.49    
70      3.4415  9.04    49.52   8.36    24.764  -38.83  99.99   0.121	0.017	0.2414  0.6289  0.5823  0.4678  0.5685  0.4634  0.5048  -0.18   0.1897  0.4009  0.7252  0.9604  1.49    
70      3.4382  9.04    47.81   8.36    24.802  -38.85  99.99   6.e-3	0.017	0.2414  0.6289  0.5822  0.4679  0.5685  0.4634  0.5048  -0.18   0.1897  0.4009  0.7252  0.9604  1.49    
70      3.4399  9.04    48.21   8.36    24.792  -38.86  99.99   0.033	0.017	0.2414  0.6289  0.5822  0.4678  0.5686  0.4634  0.5048  -0.18   0.1897  0.4009  0.7252  0.9604  1.49    
70      3.4384  9.04    47.88   8.36    24.801  -38.85  99.99   0.011	0.017	0.2414  0.6289  0.5822  0.4678  0.5685  0.4635  0.5048  -0.18   0.1897  0.4009  0.7252  0.9604  1.49    
70      3.4388  9.04    47.86   8.36    24.8    -38.85  99.99   9.e-3	0.017	0.2414  0.6289  0.5822  0.4678  0.5685  0.4634  0.5049  -0.18   0.1897  0.4009  0.7252  0.9604  1.49    
70      3.4384  9.04    47.72   8.36    24.803  -38.85  99.99   0    	0.017	0.2414  0.6289  0.5822  0.4678  0.5685  0.4634  0.5048  -0.18   0.1897  0.4009  0.7252  0.9604  1.49    
70      3.438   9.04    47.84   8.36    24.803  -38.85  99.99   8.e-3	0.017	0.2414  0.6289  0.5822  0.4678  0.5685  0.4634  0.5048  -0.18   0.1897  0.4009  0.7252  0.9604  1.49    
70      3.4383  9.04    47.63   8.36    24.804  -38.85  99.99   -6e-3	0.017	0.2414  0.6289  0.5822  0.4678  0.5685  0.4634  0.5048  -0.18   0.1897  0.401   0.7252  0.9604  1.49    
70      3.4389  9.04    48.31   8.36    24.795  -38.85  99.99   0.04 	0.017	0.2414  0.6289  0.5822  0.4678  0.5685  0.4634  0.5048  -0.18   0.1897  0.4009  0.7254  0.9604  1.49    
70      3.438   9.04    47.59   8.36    24.806  -38.85  99.99   -9e-3	0.017	0.2414  0.6289  0.5822  0.4678  0.5685  0.4634  0.5048  -0.18   0.1897  0.4009  0.7252  0.9606  1.49    
70      3.4385  9.04    48.21   8.36    24.799  -38.85  99.99   0.033	0.017	0.2414  0.6289  0.5822  0.4678  0.5685  0.4634  0.5048  -0.18   0.1897  0.4009  0.7252  0.9604  1.4903  
70-1                                                                          -3.e-4  -0.041  5.671   0.2931  1.5289  0.5119  0.4379  0       0.3924  -0.285  1.871   -0.405  1.5631  

70-2    3.4438  9.05    51.44   8.38    24.739  -38.82  99.99   0.252	4.e-3	0.2414  0.6289  0.5823  0.4678  0.5686  0.4634  0.5049  -0.18   0.1897  0.4009  0.7253  0.9604  1.4901  

Run     SWR     Gain    F/B     F/R     R-a     X-a     Eff.    %Res.   %Stp  Lr      Ld      L1      L2      L3      L4      L5      xr      x1      x2      x3      x4      x5      

71-0    3.4438  9.05    51.44   8.38    24.739  -38.82  99.99   0    	0    	0.2414  0.6289  0.5823  0.4678  0.5686  0.4634  0.5049  -0.18   0.1897  0.4009  0.7253  0.9604  1.4901  
71      3.4438  9.05    51.37   8.38    24.738  -38.82  99.99   -2e-3	0.1  	0.2416  0.6289  0.5823  0.4678  0.5686  0.4634  0.5049  -0.18   0.1897  0.4009  0.7253  0.9604  1.4901  
71      3.4069  9.05    50.9    8.37    24.84   -38.46  99.99   1.e-3	0.1  	0.2414  0.6296  0.5823  0.4678  0.5686  0.4634  0.5049  -0.18   0.1897  0.4009  0.7253  0.9604  1.4901  
71      3.4625  9.07    53.32   8.43    24.512  -38.69  99.99   0.054	0.1  	0.2414  0.6289  0.5829  0.4678  0.5686  0.4634  0.5049  -0.18   0.1897  0.4009  0.7253  0.9604  1.4901  
71      3.4423  9.05    52.12   8.38    24.738  -38.8   99.99   0.023	0.1  	0.2414  0.6289  0.5823  0.4683  0.5686  0.4634  0.5049  -0.18   0.1897  0.4009  0.7253  0.9604  1.4901  
71      3.4525  9.05    55.66   8.36    24.679  -38.84  99.99   0.136	0.1  	0.2414  0.6289  0.5823  0.4678  0.5691  0.4634  0.5049  -0.18   0.1897  0.4009  0.7253  0.9604  1.4901  
71      3.4435  9.05    52.77   8.38    24.732  -38.8   99.99   0.044	0.1  	0.2414  0.6289  0.5823  0.4678  0.5686  0.4639  0.5049  -0.18   0.1897  0.4009  0.7253  0.9604  1.4901  
71      3.446   9.05    52.66   8.37    24.724  -38.82  99.99   0.039	0.1  	0.2414  0.6289  0.5823  0.4678  0.5686  0.4634  0.5054  -0.18   0.1897  0.4009  0.7253  0.9604  1.4901  
71      3.4437  9.05    51.44   8.38    24.739  -38.82  99.99   2.e-5	0.1  	0.2414  0.6289  0.5823  0.4678  0.5686  0.4634  0.5049  -0.18   0.1897  0.4009  0.7253  0.9604  1.4901  
71      3.4415  9.05    52.36   8.38    24.742  -38.79  99.99   0.032	0.1  	0.2414  0.6289  0.5823  0.4678  0.5686  0.4634  0.5049  -0.18   0.1899  0.4009  0.7253  0.9604  1.4901  
71      3.4431  9.05    50.62   8.37    24.749  -38.83  99.99   -0.03	0.1  	0.2414  0.6289  0.5823  0.4678  0.5686  0.4634  0.5049  -0.18   0.1897  0.4013  0.7253  0.9604  1.4901  
71      3.4468  9.05    58.6    8.38    24.693  -38.78  99.99   0.236	0.1  	0.2414  0.6289  0.5823  0.4678  0.5686  0.4634  0.5049  -0.18   0.1897  0.4009  0.726   0.9604  1.4901  
71      3.4412  9.05    50.17   8.38    24.757  -38.81  99.99   -0.04	0.1  	0.2414  0.6289  0.5823  0.4678  0.5686  0.4634  0.5049  -0.18   0.1897  0.4009  0.7253  0.9614  1.4901  
71      3.444   9.05    56.43   8.36    24.72   -38.79  99.99   0.166	0.1  	0.2414  0.6289  0.5823  0.4678  0.5686  0.4634  0.5049  -0.18   0.1897  0.4009  0.7253  0.9604  1.4916  
71-1                                                                          -0.038  0.0178  0.8706  0.3786  2.2009  0.7192  0.6388  3.e-4   0.5149  -0.437  3.8334  -0.663  2.687   

71-2    3.9874  9.36    12.5    8.23    18.716  -33.4   99.99   -1.56	1.248	0.2413  0.6291  0.5887  0.47    0.5842  0.4676  0.5089  -0.18   0.1909  0.3988  0.76    0.9525  1.5401  
72      3.4438  9.05    51.37   8.38    24.738  -38.82  99.99   -2e-3	0.1  	0.2416  0.6289  0.5823  0.4678  0.5686  0.4634  0.5049  -0.18   0.1897  0.4009  0.7253  0.9604  1.4901  
72      3.4069  9.05    50.9    8.37    24.84   -38.46  99.99   1.e-3	0.1  	0.2414  0.6296  0.5823  0.4678  0.5686  0.4634  0.5049  -0.18   0.1897  0.4009  0.7253  0.9604  1.4901  
72      3.4625  9.07    53.32   8.43    24.512  -38.69  99.99   0.054	0.1  	0.2414  0.6289  0.5829  0.4678  0.5686  0.4634  0.5049  -0.18   0.1897  0.4009  0.7253  0.9604  1.4901  
72      3.4423  9.05    52.12   8.38    24.738  -38.8   99.99   0.023	0.1  	0.2414  0.6289  0.5823  0.4683  0.5686  0.4634  0.5049  -0.18   0.1897  0.4009  0.7253  0.9604  1.4901  
72      3.4525  9.05    55.66   8.36    24.679  -38.84  99.99   0.136	0.1  	0.2414  0.6289  0.5823  0.4678  0.5691  0.4634  0.5049  -0.18   0.1897  0.4009  0.7253  0.9604  1.4901  
72      3.4435  9.05    52.77   8.38    24.732  -38.8   99.99   0.044	0.1  	0.2414  0.6289  0.5823  0.4678  0.5686  0.4639  0.5049  -0.18   0.1897  0.4009  0.7253  0.9604  1.4901  
72      3.446   9.05    52.66   8.37    24.724  -38.82  99.99   0.039	0.1  	0.2414  0.6289  0.5823  0.4678  0.5686  0.4634  0.5054  -0.18   0.1897  0.4009  0.7253  0.9604  1.4901  
72      3.4437  9.05    51.44   8.38    24.739  -38.82  99.99   2.e-5	0.1  	0.2414  0.6289  0.5823  0.4678  0.5686  0.4634  0.5049  -0.18   0.1897  0.4009  0.7253  0.9604  1.4901  
72      3.4415  9.05    52.36   8.38    24.742  -38.79  99.99   0.032	0.1  	0.2414  0.6289  0.5823  0.4678  0.5686  0.4634  0.5049  -0.18   0.1899  0.4009  0.7253  0.9604  1.4901  
72      3.4431  9.05    50.62   8.37    24.749  -38.83  99.99   -0.03	0.1  	0.2414  0.6289  0.5823  0.4678  0.5686  0.4634  0.5049  -0.18   0.1897  0.4013  0.7253  0.9604  1.4901  
72      3.4468  9.05    58.6    8.38    24.693  -38.78  99.99   0.236	0.1  	0.2414  0.6289  0.5823  0.4678  0.5686  0.4634  0.5049  -0.18   0.1897  0.4009  0.726   0.9604  1.4901  
72      3.4412  9.05    50.17   8.38    24.757  -38.81  99.99   -0.04	0.1  	0.2414  0.6289  0.5823  0.4678  0.5686  0.4634  0.5049  -0.18   0.1897  0.4009  0.7253  0.9614  1.4901  
72      3.444   9.05    56.43   8.36    24.72   -38.79  99.99   0.166	0.1  	0.2414  0.6289  0.5823  0.4678  0.5686  0.4634  0.5049  -0.18   0.1897  0.4009  0.7253  0.9604  1.4916  
72-1                                                                          -0.038  0.0178  0.8706  0.3786  2.2009  0.7192  0.6388  3.e-4   0.5149  -0.437  3.8334  -0.663  2.687   

72-2    3.5648  9.14    27.42   8.42    23.324  -37.95  99.99   -0.86	0.25 	0.2414  0.629   0.5836  0.4683  0.5717  0.4642  0.5057  -0.18   0.1899  0.4005  0.7322  0.9588  1.5001  
73      3.4438  9.05    51.41   8.38    24.738  -38.82  99.99   -1e-3	0.05 	0.2415  0.6289  0.5823  0.4678  0.5686  0.4634  0.5049  -0.18   0.1897  0.4009  0.7253  0.9604  1.4901  
73      3.4253  9.05    51.17   8.37    24.789  -38.64  99.99   6.e-4	0.05 	0.2414  0.6293  0.5823  0.4678  0.5686  0.4634  0.5049  -0.18   0.1897  0.4009  0.7253  0.9604  1.4901  
73      3.4531  9.06    63.39   8.4     24.626  -38.75  99.99   0.393	0.05 	0.2414  0.6289  0.5826  0.4678  0.5686  0.4634  0.5049  -0.18   0.1897  0.4009  0.7253  0.9604  1.4901  
73      3.443   9.05    51.8    8.38    24.738  -38.81  99.99   0.012	0.05 	0.2414  0.6289  0.5823  0.4681  0.5686  0.4634  0.5049  -0.18   0.1897  0.4009  0.7253  0.9604  1.4901  
73      3.4481  9.05    53.82   8.37    24.709  -38.83  99.99   0.077	0.05 	0.2414  0.6289  0.5823  0.4678  0.5688  0.4634  0.5049  -0.18   0.1897  0.4009  0.7253  0.9604  1.4901  
73      3.4436  9.05    52.1    8.38    24.735  -38.81  99.99   0.022	0.05 	0.2414  0.6289  0.5823  0.4678  0.5686  0.4636  0.5049  -0.18   0.1897  0.4009  0.7253  0.9604  1.4901  
73      3.4449  9.05    52.08   8.37    24.731  -38.82  99.99   0.021	0.05 	0.2414  0.6289  0.5823  0.4678  0.5686  0.4634  0.5051  -0.18   0.1897  0.4009  0.7253  0.9604  1.4901  
73      3.4437  9.05    51.44   8.38    24.739  -38.82  99.99   1.e-5	0.05 	0.2414  0.6289  0.5823  0.4678  0.5686  0.4634  0.5049  -0.18   0.1897  0.4009  0.7253  0.9604  1.4901  
73      3.4426  9.05    51.91   8.38    24.74   -38.8   99.99   0.016	0.05 	0.2414  0.6289  0.5823  0.4678  0.5686  0.4634  0.5049  -0.18   0.1898  0.4009  0.7253  0.9604  1.4901  
73      3.4434  9.05    51.02   8.37    24.744  -38.82  99.99   -0.01	0.05 	0.2414  0.6289  0.5823  0.4678  0.5686  0.4634  0.5049  -0.18   0.1897  0.4011  0.7253  0.9604  1.4901  
73      3.4453  9.05    54.39   8.38    24.716  -38.8   99.99   0.097	0.05 	0.2414  0.6289  0.5823  0.4678  0.5686  0.4634  0.5049  -0.18   0.1897  0.4009  0.7257  0.9604  1.4901  
73      3.4425  9.05    50.8    8.38    24.748  -38.82  99.99   -0.02	0.05 	0.2414  0.6289  0.5823  0.4678  0.5686  0.4634  0.5049  -0.18   0.1897  0.4009  0.7253  0.9609  1.4901  
73      3.4439  9.05    53.75   8.37    24.729  -38.8   99.99   0.077	0.05 	0.2414  0.6289  0.5823  0.4678  0.5686  0.4634  0.5049  -0.18   0.1897  0.4009  0.7253  0.9604  1.4909  
73-1                                                                          -0.018  9.8e-3  6.8007  0.2135  1.3305  0.3811  0.3583  2.2e-4  0.2806  -0.239  1.6839  -0.357  1.3279  

73-2    3.5175  9.14    35.48   8.57    23.874  -38.32  99.99   -0.56	0.05 	0.2414  0.6289  0.5843  0.4679  0.5689  0.4635  0.5049  -0.18   0.1897  0.4009  0.7259  0.9602  1.4911  

Run     SWR     Gain    F/B     F/R     R-a     X-a     Eff.    %Res.   %Stp  Lr      Ld      L1      L2      L3      L4      L5      xr      x1      x2      x3      x4      x5      

74-0    3.5175  9.14    35.48   8.57    23.874  -38.32  99.99   0    	0    	0.2414  0.6289  0.5843  0.4679  0.5689  0.4635  0.5049  -0.18   0.1897  0.4009  0.7259  0.9602  1.4911  
74      3.5176  9.13    35.48   8.56    23.873  -38.32  99.99   -1e-4	0.1  	0.2416  0.6289  0.5843  0.4679  0.5689  0.4635  0.5049  -0.18   0.1897  0.4009  0.7259  0.9602  1.4911  
74      3.4795  9.13    35.58   8.56    23.972  -37.95  99.99   0.02 	0.1  	0.2414  0.6296  0.5843  0.4679  0.5689  0.4635  0.5049  -0.18   0.1897  0.4009  0.7259  0.9602  1.4911  
74      3.5372  9.16    33.28   8.63    23.648  -38.17  99.99   -0.03	0.1  	0.2414  0.6289  0.5849  0.4679  0.5689  0.4635  0.5049  -0.18   0.1897  0.4009  0.7259  0.9602  1.4911  
74      3.5159  9.14    35.33   8.57    23.874  -38.29  99.99   -3e-4	0.1  	0.2414  0.6289  0.5843  0.4683  0.5689  0.4635  0.5049  -0.18   0.1897  0.4009  0.7259  0.9602  1.4911  
74      3.5266  9.14    34.85   8.56    23.813  -38.34  99.99   -9e-3	0.1  	0.2414  0.6289  0.5843  0.4679  0.5695  0.4635  0.5049  -0.18   0.1897  0.4009  0.7259  0.9602  1.4911  
74      3.5171  9.14    35.24   8.57    23.868  -38.3   99.99   -2e-3	0.1  	0.2414  0.6289  0.5843  0.4679  0.5689  0.464   0.5049  -0.18   0.1897  0.4009  0.7259  0.9602  1.4911  
74      3.5198  9.14    35.33   8.57    23.859  -38.32  99.99   -2e-3	0.1  	0.2414  0.6289  0.5843  0.4679  0.5689  0.4635  0.5055  -0.18   0.1897  0.4009  0.7259  0.9602  1.4911  
74      3.5174  9.14    35.48   8.57    23.874  -38.32  99.99   2.e-5	0.1  	0.2414  0.6289  0.5843  0.4679  0.5689  0.4635  0.5049  -0.18   0.1897  0.4009  0.7259  0.9602  1.4911  
74      3.5151  9.14    35.28   8.57    23.877  -38.29  99.99   -2e-4	0.1  	0.2414  0.6289  0.5843  0.4679  0.5689  0.4635  0.5049  -0.18   0.1899  0.4009  0.7259  0.9602  1.4911  
74      3.5169  9.13    35.62   8.56    23.884  -38.33  99.99   1.e-3	0.1  	0.2414  0.6289  0.5843  0.4679  0.5689  0.4635  0.5049  -0.18   0.1897  0.4013  0.7259  0.9602  1.4911  
74      3.5205  9.14    34.68   8.58    23.83   -38.28  99.99   -8e-3	0.1  	0.2414  0.6289  0.5843  0.4679  0.5689  0.4635  0.5049  -0.18   0.1897  0.4009  0.7266  0.9602  1.4911  
74      3.5148  9.14    35.64   8.58    23.892  -38.31  99.99   3.e-3	0.1  	0.2414  0.6289  0.5843  0.4679  0.5689  0.4635  0.5049  -0.18   0.1897  0.4009  0.7259  0.9612  1.4911  
74      3.5177  9.13    34.78   8.55    23.856  -38.29  99.99   -5e-3	0.1  	0.2414  0.6289  0.5843  0.4679  0.5689  0.4635  0.5049  -0.18   0.1897  0.4009  0.7259  0.9602  1.4926  
74-1                                                                          -0.024  3.402   -4.427  -0.053  -1.581  -0.27   -0.389  4.e-3   -0.041  0.2126  -1.262  0.4279  -0.906  

74-2    6.052   5.15    1.73    1.73    209.5   136.88  99.99   -1.76	10   	0.2408  0.8429  0.3256  0.4654  0.479   0.451   0.4853  -0.18   0.1889  0.4094  0.6343  1.0013  1.356   
75      3.5176  9.13    35.48   8.56    23.873  -38.32  99.99   -1e-4	0.1  	0.2416  0.6289  0.5843  0.4679  0.5689  0.4635  0.5049  -0.18   0.1897  0.4009  0.7259  0.9602  1.4911  
75      3.4795  9.13    35.58   8.56    23.972  -37.95  99.99   0.02 	0.1  	0.2414  0.6296  0.5843  0.4679  0.5689  0.4635  0.5049  -0.18   0.1897  0.4009  0.7259  0.9602  1.4911  
75      3.5372  9.16    33.28   8.63    23.648  -38.17  99.99   -0.03	0.1  	0.2414  0.6289  0.5849  0.4679  0.5689  0.4635  0.5049  -0.18   0.1897  0.4009  0.7259  0.9602  1.4911  

Run     SWR     Gain    F/B     F/R     R-a     X-a     Eff.    %Res.   %Stp  Lr      Ld      L1      L2      L3      L4      L5      xr      x1      x2      x3      x4      x5      

76-0    3.5372  0       0       0       23.648  -38.17  100     0    	0    	0.2414  0.6289  0.5849  0.4679  0.5689  0.4635  0.5049  -0.18   0.1897  0.4009  0.7259  0.9602  1.4911  
76      3.5373  0       0       0       23.647  -38.18  100     -5e-5	0.1  	0.2416  0.6289  0.5849  0.4679  0.5689  0.4635  0.5049  -0.18   0.1897  0.4009  0.7259  0.9602  1.4911  
76      3.4989  0       0       0       23.745  -37.81  100     0.02 	0.1  	0.2414  0.6296  0.5849  0.4679  0.5689  0.4635  0.5049  -0.18   0.1897  0.4009  0.7259  0.9602  1.4911  
76      3.5571  0       0       0       23.421  -38.03  100     -0.01	0.1  	0.2414  0.6289  0.5855  0.4679  0.5689  0.4635  0.5049  -0.18   0.1897  0.4009  0.7259  0.9602  1.4911  
76      3.5356  0       0       0       23.648  -38.15  100     8.e-4	0.1  	0.2414  0.6289  0.5849  0.4683  0.5689  0.4635  0.5049  -0.18   0.1897  0.4009  0.7259  0.9602  1.4911  
76      3.5464  0       0       0       23.587  -38.19  100     -5e-3	0.1  	0.2414  0.6289  0.5849  0.4679  0.5695  0.4635  0.5049  -0.18   0.1897  0.4009  0.7259  0.9602  1.4911  
76      3.5368  0       0       0       23.642  -38.16  100     2.e-4	0.1  	0.2414  0.6289  0.5849  0.4679  0.5689  0.464   0.5049  -0.18   0.1897  0.4009  0.7259  0.9602  1.4911  
76      3.5395  0       0       0       23.633  -38.18  100     -1e-3	0.1  	0.2414  0.6289  0.5849  0.4679  0.5689  0.4635  0.5055  -0.18   0.1897  0.4009  0.7259  0.9602  1.4911  
76      3.5371  0       0       0       23.648  -38.17  100     2.e-5	0.1  	0.2414  0.6289  0.5849  0.4679  0.5689  0.4635  0.5049  -0.18   0.1897  0.4009  0.7259  0.9602  1.4911  
76      3.5347  0       0       0       23.651  -38.15  100     1.e-3	0.1  	0.2414  0.6289  0.5849  0.4679  0.5689  0.4635  0.5049  -0.18   0.1899  0.4009  0.7259  0.9602  1.4911  
76      3.5365  0       0       0       23.657  -38.18  100     3.e-4	0.1  	0.2414  0.6289  0.5849  0.4679  0.5689  0.4635  0.5049  -0.18   0.1897  0.4013  0.7259  0.9602  1.4911  
76      3.5402  0       0       0       23.604  -38.14  100     -2e-3	0.1  	0.2414  0.6289  0.5849  0.4679  0.5689  0.4635  0.5049  -0.18   0.1897  0.4009  0.7266  0.9602  1.4911  
76      3.5345  0       0       0       23.665  -38.17  100     1.e-3	0.1  	0.2414  0.6289  0.5849  0.4679  0.5689  0.4635  0.5049  -0.18   0.1897  0.4009  0.7259  0.9612  1.4911  
76      3.5373  0       0       0       23.63   -38.15  100     -9e-5	0.1  	0.2414  0.6289  0.5849  0.4679  0.5689  0.4635  0.5049  -0.18   0.1897  0.4009  0.7259  0.9602  1.4926  
76-1                                                                          -0.015  6.1482  -3.214  0.2557  -1.487  0.056   -0.378  6.4e-3  0.3947  0.0997  -0.489  0.4274  -0.028  

76-2    10.146  0       0       0       462.97  142.53  100     -3.8 	10   	0.241   1.0156  0.3969  0.4798  0.4843  0.4661  0.4859  -0.18   0.1972  0.4049  0.6904  1.0013  1.4869  
77      3.5373  0       0       0       23.647  -38.18  100     -5e-5	0.1  	0.2416  0.6289  0.5849  0.4679  0.5689  0.4635  0.5049  -0.18   0.1897  0.4009  0.7259  0.9602  1.4911  
77      3.4989  0       0       0       23.745  -37.81  100     0.02 	0.1  	0.2414  0.6296  0.5849  0.4679  0.5689  0.4635  0.5049  -0.18   0.1897  0.4009  0.7259  0.9602  1.4911  
77      3.5571  0       0       0       23.421  -38.03  100     -0.01	0.1  	0.2414  0.6289  0.5855  0.4679  0.5689  0.4635  0.5049  -0.18   0.1897  0.4009  0.7259  0.9602  1.4911  
77      3.5356  0       0       0       23.648  -38.15  100     8.e-4	0.1  	0.2414  0.6289  0.5849  0.4683  0.5689  0.4635  0.5049  -0.18   0.1897  0.4009  0.7259  0.9602  1.4911  
77      3.5464  0       0       0       23.587  -38.19  100     -5e-3	0.1  	0.2414  0.6289  0.5849  0.4679  0.5695  0.4635  0.5049  -0.18   0.1897  0.4009  0.7259  0.9602  1.4911  
77      3.5368  0       0       0       23.642  -38.16  100     2.e-4	0.1  	0.2414  0.6289  0.5849  0.4679  0.5689  0.464   0.5049  -0.18   0.1897  0.4009  0.7259  0.9602  1.4911  
77      3.5395  0       0       0       23.633  -38.18  100     -1e-3	0.1  	0.2414  0.6289  0.5849  0.4679  0.5689  0.4635  0.5055  -0.18   0.1897  0.4009  0.7259  0.9602  1.4911  
77      3.5371  0       0       0       23.648  -38.17  100     2.e-5	0.1  	0.2414  0.6289  0.5849  0.4679  0.5689  0.4635  0.5049  -0.18   0.1897  0.4009  0.7259  0.9602  1.4911  
77      3.5347  0       0       0       23.651  -38.15  100     1.e-3	0.1  	0.2414  0.6289  0.5849  0.4679  0.5689  0.4635  0.5049  -0.18   0.1899  0.4009  0.7259  0.9602  1.4911  
77      3.5365  0       0       0       23.657  -38.18  100     3.e-4	0.1  	0.2414  0.6289  0.5849  0.4679  0.5689  0.4635  0.5049  -0.18   0.1897  0.4013  0.7259  0.9602  1.4911  
77      3.5402  0       0       0       23.604  -38.14  100     -2e-3	0.1  	0.2414  0.6289  0.5849  0.4679  0.5689  0.4635  0.5049  -0.18   0.1897  0.4009  0.7266  0.9602  1.4911  
77      3.5345  0       0       0       23.665  -38.17  100     1.e-3	0.1  	0.2414  0.6289  0.5849  0.4679  0.5689  0.4635  0.5049  -0.18   0.1897  0.4009  0.7259  0.9612  1.4911  
77      3.5373  0       0       0       23.63   -38.15  100     -9e-5	0.1  	0.2414  0.6289  0.5849  0.4679  0.5689  0.4635  0.5049  -0.18   0.1897  0.4009  0.7259  0.9602  1.4926  
77-1                                                                          -0.015  6.1482  -3.214  0.2557  -1.487  0.056   -0.378  6.4e-3  0.3947  0.0997  -0.489  0.4274  -0.028  

77-2    1.2609  0       0       0       62.067  4.6773  100     1.19 	2    	0.2413  0.7063  0.5473  0.4703  0.552   0.464   0.5011  -0.18   0.1912  0.4017  0.7188  0.9684  1.4903  
77-3    3.1862  0       0       0       122.86  62.501  100     -1.06	2    	0.2413  0.7931  0.5121  0.4727  0.5356  0.4645  0.4973  -0.18   0.1927  0.4025  0.7118  0.9767  1.4894  
78      3.1861  0       0       0       122.85  62.498  100     7.e-5	0.1  	0.2415  0.7931  0.5121  0.4727  0.5356  0.4645  0.4973  -0.18   0.1927  0.4025  0.7118  0.9767  1.4894  
78      3.2033  0       0       0       123.39  62.957  100     -9e-3	0.1  	0.2413  0.7939  0.5121  0.4727  0.5356  0.4645  0.4973  -0.18   0.1927  0.4025  0.7118  0.9767  1.4894  
78      3.182   0       0       0       122.65  62.435  100     2.e-3	0.1  	0.2413  0.7931  0.5126  0.4727  0.5356  0.4645  0.4973  -0.18   0.1927  0.4025  0.7118  0.9767  1.4894  
78      3.1872  0       0       0       122.83  62.56   100     -5e-4	0.1  	0.2413  0.7931  0.5121  0.4732  0.5356  0.4645  0.4973  -0.18   0.1927  0.4025  0.7118  0.9767  1.4894  
78      3.1835  0       0       0       122.84  62.391  100     1.e-3	0.1  	0.2413  0.7931  0.5121  0.4727  0.5361  0.4645  0.4973  -0.18   0.1927  0.4025  0.7118  0.9767  1.4894  
78      3.1861  0       0       0       122.81  62.522  100     8.e-5	0.1  	0.2413  0.7931  0.5121  0.4727  0.5356  0.465   0.4973  -0.18   0.1927  0.4025  0.7118  0.9767  1.4894  
78      3.1851  0       0       0       122.84  62.462  100     6.e-4	0.1  	0.2413  0.7931  0.5121  0.4727  0.5356  0.4645  0.4978  -0.18   0.1927  0.4025  0.7118  0.9767  1.4894  
78      3.1863  0       0       0       122.86  62.505  100     -4e-5	0.1  	0.2413  0.7931  0.5121  0.4727  0.5356  0.4645  0.4973  -0.18   0.1927  0.4025  0.7118  0.9767  1.4894  
78      3.1874  0       0       0       122.85  62.556  100     -6e-4	0.1  	0.2413  0.7931  0.5121  0.4727  0.5356  0.4645  0.4973  -0.18   0.1929  0.4025  0.7118  0.9767  1.4894  
78      3.1867  0       0       0       122.9   62.496  100     -3e-4	0.1  	0.2413  0.7931  0.5121  0.4727  0.5356  0.4645  0.4973  -0.18   0.1927  0.4029  0.7118  0.9767  1.4894  
78      3.1842  0       0       0       122.74  62.479  100     1.e-3	0.1  	0.2413  0.7931  0.5121  0.4727  0.5356  0.4645  0.4973  -0.18   0.1927  0.4025  0.7125  0.9767  1.4894  
78      3.1878  0       0       0       122.89  62.552  100     -9e-4	0.1  	0.2413  0.7931  0.5121  0.4727  0.5356  0.4645  0.4973  -0.18   0.1927  0.4025  0.7118  0.9777  1.4894  
78      3.1854  0       0       0       122.76  62.522  100     5.e-4	0.1  	0.2413  0.7931  0.5121  0.4727  0.5356  0.4645  0.4973  -0.18   0.1927  0.4025  0.7118  0.9767  1.4909  
78-1                                                                          0.0514  -6.861  1.7099  -0.371  1.0279  0.0603  0.4206  -0.032  -0.456  -0.213  0.8255  -0.636  0.3349  

78-2    1.2453  0       0       0       59.875  -6.864  100     1.078	2    	0.2415  0.6843  0.5296  0.4692  0.5466  0.4651  0.5015  -0.18   0.191   0.4008  0.7235  0.9643  1.4994  
78-3    4.8931  0       0       0       28.328  -62.59  100     -1.87	2    	0.2417  0.5904  0.5477  0.4657  0.5578  0.4657  0.5057  -0.18   0.1892  0.3991  0.7355  0.952   1.5094  
79      4.8932  0       0       0       28.326  -62.59  100     -1e-4	0.1  	0.242   0.5904  0.5477  0.4657  0.5578  0.4657  0.5057  -0.18   0.1892  0.3991  0.7355  0.952   1.5094  
79      4.8471  0       0       0       28.439  -62.26  100     0.024	0.1  	0.2417  0.591   0.5477  0.4657  0.5578  0.4657  0.5057  -0.18   0.1892  0.3991  0.7355  0.952   1.5094  
79      4.911   0       0       0       28.202  -62.58  100     -9e-3	0.1  	0.2417  0.5904  0.5483  0.4657  0.5578  0.4657  0.5057  -0.18   0.1892  0.3991  0.7355  0.952   1.5094  
79      4.8929  0       0       0       28.318  -62.57  100     9.e-5	0.1  	0.2417  0.5904  0.5477  0.4662  0.5578  0.4657  0.5057  -0.18   0.1892  0.3991  0.7355  0.952   1.5094  
79      4.9001  0       0       0       28.3    -62.62  100     -4e-3	0.1  	0.2417  0.5904  0.5477  0.4657  0.5584  0.4657  0.5057  -0.18   0.1892  0.3991  0.7355  0.952   1.5094  
79      4.8941  0       0       0       28.315  -62.58  100     -6e-4	0.1  	0.2417  0.5904  0.5477  0.4657  0.5578  0.4661  0.5057  -0.18   0.1892  0.3991  0.7355  0.952   1.5094  
79      4.8953  0       0       0       28.318  -62.6   100     -1e-3	0.1  	0.2417  0.5904  0.5477  0.4657  0.5578  0.4657  0.5063  -0.18   0.1892  0.3991  0.7355  0.952   1.5094  
79      4.893   0       0       0       28.328  -62.59  100     4.e-5	0.1  	0.2417  0.5904  0.5477  0.4657  0.5578  0.4657  0.5057  -0.18   0.1892  0.3991  0.7355  0.952   1.5094  
79      4.8916  0       0       0       28.329  -62.58  100     8.e-4	0.1  	0.2417  0.5904  0.5477  0.4657  0.5578  0.4657  0.5057  -0.18   0.1894  0.3991  0.7355  0.952   1.5094  
79      4.8915  0       0       0       28.34   -62.59  100     8.e-4	0.1  	0.2417  0.5904  0.5477  0.4657  0.5578  0.4657  0.5057  -0.18   0.1892  0.3995  0.7355  0.952   1.5094  
79      4.8985  0       0       0       28.285  -62.58  100     -3e-3	0.1  	0.2417  0.5904  0.5477  0.4657  0.5578  0.4657  0.5057  -0.18   0.1892  0.3991  0.7362  0.952   1.5094  
79      4.8905  0       0       0       28.337  -62.58  100     1.e-3	0.1  	0.2417  0.5904  0.5477  0.4657  0.5578  0.4657  0.5057  -0.18   0.1892  0.3991  0.7355  0.953   1.5094  
79      4.8951  0       0       0       28.303  -62.57  100     -1e-3	0.1  	0.2417  0.5904  0.5477  0.4657  0.5578  0.4657  0.5057  -0.18   0.1892  0.3991  0.7355  0.952   1.5109  
79-1                                                                          -0.027  6.814   -2.665  0.0268  -1.048  -0.159  -0.332  0.0116  0.2148  0.2241  -0.808  0.3723  -0.297  

79-2    3.3575  0       0       0       34.562  -51.21  100     0.799	0.5  	0.2417  0.6105  0.5404  0.4658  0.5549  0.4653  0.5049  -0.18   0.1894  0.3995  0.7325  0.9538  1.5072  
79-3    2.3328  0       0       0       41.736  -39     100     0.534	0.5  	0.2417  0.6313  0.5332  0.4658  0.552   0.4649  0.5041  -0.18   0.1896  0.4     0.7295  0.9556  1.5049  
79-4    1.6709  0       0       0       49.995  -25.95  100     0.35 	0.5  	0.2417  0.6528  0.5261  0.4659  0.5491  0.4646  0.5032  -0.18   0.1898  0.4004  0.7266  0.9573  1.5027  
79-5    1.3242  0       0       0       59.522  -12.06  100     0.172	0.5  	0.2416  0.6751  0.5191  0.4659  0.5462  0.4642  0.5024  -0.18   0.19    0.4009  0.7237  0.9591  1.5005  
79-6    1.415   0       0       0       70.55   2.6421  100     -0.05	0.5  	0.2416  0.6981  0.5122  0.466   0.5434  0.4638  0.5016  -0.18   0.1902  0.4013  0.7207  0.9609  1.4983  
80      1.4149  0       0       0       70.548  2.6405  100     3.e-5	0.1  	0.2418  0.6981  0.5122  0.466   0.5434  0.4638  0.5016  -0.18   0.1902  0.4013  0.7207  0.9609  1.4983  
80      1.422   0       0       0       70.838  3.0584  100     -4e-3	0.1  	0.2416  0.6988  0.5122  0.466   0.5434  0.4638  0.5016  -0.18   0.1902  0.4013  0.7207  0.9609  1.4983  
80      1.4123  0       0       0       70.421  2.5957  100     2.e-3	0.1  	0.2416  0.6981  0.5127  0.466   0.5434  0.4638  0.5016  -0.18   0.1902  0.4013  0.7207  0.9609  1.4983  
80      1.4146  0       0       0       70.528  2.671   100     2.e-4	0.1  	0.2416  0.6981  0.5122  0.4665  0.5434  0.4638  0.5016  -0.18   0.1902  0.4013  0.7207  0.9609  1.4983  
80      1.4146  0       0       0       70.539  2.5737  100     3.e-4	0.1  	0.2416  0.6981  0.5122  0.466   0.5439  0.4638  0.5016  -0.18   0.1902  0.4013  0.7207  0.9609  1.4983  
80      1.4144  0       0       0       70.523  2.6493  100     3.e-4	0.1  	0.2416  0.6981  0.5122  0.466   0.5434  0.4643  0.5016  -0.18   0.1902  0.4013  0.7207  0.9609  1.4983  
80      1.4147  0       0       0       70.542  2.6185  100     1.e-4	0.1  	0.2416  0.6981  0.5122  0.466   0.5434  0.4638  0.5021  -0.18   0.1902  0.4013  0.7207  0.9609  1.4983  
80      1.415   0       0       0       70.551  2.6436  100     -5e-6	0.1  	0.2416  0.6981  0.5122  0.466   0.5434  0.4638  0.5016  -0.18   0.1902  0.4013  0.7207  0.9609  1.4983  
80      1.415   0       0       0       70.549  2.6676  100     -3e-5	0.1  	0.2416  0.6981  0.5122  0.466   0.5434  0.4638  0.5016  -0.18   0.1904  0.4013  0.7207  0.9609  1.4983  
80      1.4155  0       0       0       70.576  2.6427  100     -3e-4	0.1  	0.2416  0.6981  0.5122  0.466   0.5434  0.4638  0.5016  -0.18   0.1902  0.4017  0.7207  0.9609  1.4983  
80      1.4135  0       0       0       70.479  2.6252  100     8.e-4	0.1  	0.2416  0.6981  0.5122  0.466   0.5434  0.4638  0.5016  -0.18   0.1902  0.4013  0.7214  0.9609  1.4983  
80      1.4153  0       0       0       70.562  2.673   100     -2e-4	0.1  	0.2416  0.6981  0.5122  0.466   0.5434  0.4638  0.5016  -0.18   0.1902  0.4013  0.7207  0.9619  1.4983  
80      1.4139  0       0       0       70.495  2.6525  100     6.e-4	0.1  	0.2416  0.6981  0.5122  0.466   0.5434  0.4638  0.5016  -0.18   0.1902  0.4013  0.7207  0.9609  1.4998  
80-1                                                                          0.0524  -6.259  2.3556  0.291   0.3978  0.4474  0.2196  -8.e-3  -0.047  -0.438  1.2716  -0.301  0.9106  

80-2    1.3087  0       0       0       59.817  -11.02  100     0.06 	0.5  	0.2416  0.6762  0.5182  0.4667  0.5445  0.4648  0.5021  -0.18   0.1902  0.4004  0.7253  0.9595  1.5051  
80-3    1.6043  0       0       0       50.559  -23.98  100     -0.15	0.5  	0.2417  0.6551  0.5243  0.4674  0.5455  0.4659  0.5027  -0.18   0.1901  0.3996  0.7299  0.958   1.5119  
81      1.6044  0       0       0       50.557  -23.98  100     -2e-5	0.1  	0.242   0.6551  0.5243  0.4674  0.5455  0.4659  0.5027  -0.18   0.1901  0.3996  0.7299  0.958   1.5119  
81      1.5912  0       0       0       50.761  -23.6   100     7.e-3	0.1  	0.2417  0.6557  0.5243  0.4674  0.5455  0.4659  0.5027  -0.18   0.1901  0.3996  0.7299  0.958   1.5119  
81      1.606   0       0       0       50.434  -24.01  100     -7e-4	0.1  	0.2417  0.6551  0.5249  0.4674  0.5455  0.4659  0.5027  -0.18   0.1901  0.3996  0.7299  0.958   1.5119  
81      1.6037  0       0       0       50.541  -23.96  100     4.e-4	0.1  	0.2417  0.6551  0.5243  0.4678  0.5455  0.4659  0.5027  -0.18   0.1901  0.3996  0.7299  0.958   1.5119  
81      1.606   0       0       0       50.542  -24.03  100     -9e-4	0.1  	0.2417  0.6551  0.5243  0.4674  0.5461  0.4659  0.5027  -0.18   0.1901  0.3996  0.7299  0.958   1.5119  
81      1.6042  0       0       0       50.537  -23.98  100     7.e-5	0.1  	0.2417  0.6551  0.5243  0.4674  0.5455  0.4664  0.5027  -0.18   0.1901  0.3996  0.7299  0.958   1.5119  
81      1.6049  0       0       0       50.549  -24     100     -3e-4	0.1  	0.2417  0.6551  0.5243  0.4674  0.5455  0.4659  0.5032  -0.18   0.1901  0.3996  0.7299  0.958   1.5119  
81      1.6043  0       0       0       50.559  -23.98  100     1.e-5	0.1  	0.2417  0.6551  0.5243  0.4674  0.5455  0.4659  0.5027  -0.18   0.1901  0.3996  0.7299  0.958   1.5119  
81      1.6037  0       0       0       50.558  -23.96  100     3.e-4	0.1  	0.2417  0.6551  0.5243  0.4674  0.5455  0.4659  0.5027  -0.18   0.1903  0.3996  0.7299  0.958   1.5119  
81      1.6042  0       0       0       50.579  -23.98  100     4.e-5	0.1  	0.2417  0.6551  0.5243  0.4674  0.5455  0.4659  0.5027  -0.18   0.1901  0.4     0.7299  0.958   1.5119  
81      1.6049  0       0       0       50.501  -23.99  100     -2e-4	0.1  	0.2417  0.6551  0.5243  0.4674  0.5455  0.4659  0.5027  -0.18   0.1901  0.3996  0.7307  0.958   1.5119  
81      1.6035  0       0       0       50.568  -23.96  100     4.e-4	0.1  	0.2417  0.6551  0.5243  0.4674  0.5455  0.4659  0.5027  -0.18   0.1901  0.3996  0.7299  0.959   1.5119  
81      1.6041  0       0       0       50.518  -23.97  100     1.e-4	0.1  	0.2417  0.6551  0.5243  0.4674  0.5455  0.4659  0.5027  -0.18   0.1901  0.3996  0.7299  0.958   1.5134  
81-1                                                                          -0.023  8.5173  -0.957  0.4618  -1.106  0.0879  -0.378  0.016   0.4038  0.0474  -0.294  0.5189  0.1893  

81-2    1.2568  0       0       0       60.616  -6.807  100     0.174	0.5  	0.2417  0.683   0.5218  0.4684  0.5425  0.4661  0.5017  -0.18   0.1905  0.3996  0.7288  0.9605  1.5134  
81-3    1.5211  0       0       0       72.784  11.425  100     -0.15	0.5  	0.2417  0.712   0.5193  0.4695  0.5395  0.4663  0.5008  -0.18   0.1909  0.3997  0.7278  0.963   1.5148  
82      1.521   0       0       0       72.781  11.424  100     4.e-5	0.1  	0.2419  0.712   0.5193  0.4695  0.5395  0.4663  0.5008  -0.18   0.1909  0.3997  0.7278  0.963   1.5148  
82      1.5312  0       0       0       73.084  11.854  100     -6e-3	0.1  	0.2417  0.7128  0.5193  0.4695  0.5395  0.4663  0.5008  -0.18   0.1909  0.3997  0.7278  0.963   1.5148  
82      1.5179  0       0       0       72.63   11.386  100     2.e-3	0.1  	0.2417  0.712   0.5199  0.4695  0.5395  0.4663  0.5008  -0.18   0.1909  0.3997  0.7278  0.963   1.5148  
82      1.5211  0       0       0       72.76   11.462  100     1.e-5	0.1  	0.2417  0.712   0.5193  0.47    0.5395  0.4663  0.5008  -0.18   0.1909  0.3997  0.7278  0.963   1.5148  
82      1.5201  0       0       0       72.767  11.359  100     6.e-4	0.1  	0.2417  0.712   0.5193  0.4695  0.5401  0.4663  0.5008  -0.18   0.1909  0.3997  0.7278  0.963   1.5148  
82      1.5207  0       0       0       72.753  11.436  100     2.e-4	0.1  	0.2417  0.712   0.5193  0.4695  0.5395  0.4668  0.5008  -0.18   0.1909  0.3997  0.7278  0.963   1.5148  
82      1.5206  0       0       0       72.771  11.403  100     3.e-4	0.1  	0.2417  0.712   0.5193  0.4695  0.5395  0.4663  0.5013  -0.18   0.1909  0.3997  0.7278  0.963   1.5148  
82      1.5211  0       0       0       72.784  11.427  100     -1e-5	0.1  	0.2417  0.712   0.5193  0.4695  0.5395  0.4663  0.5008  -0.18   0.1909  0.3997  0.7278  0.963   1.5148  
82      1.5214  0       0       0       72.781  11.456  100     -2e-4	0.1  	0.2417  0.712   0.5193  0.4695  0.5395  0.4663  0.5008  -0.18   0.1911  0.3997  0.7278  0.963   1.5148  
82      1.5216  0       0       0       72.812  11.424  100     -3e-4	0.1  	0.2417  0.712   0.5193  0.4695  0.5395  0.4663  0.5008  -0.18   0.1909  0.4001  0.7278  0.963   1.5148  
82      1.5196  0       0       0       72.708  11.416  100     8.e-4	0.1  	0.2417  0.712   0.5193  0.4695  0.5395  0.4663  0.5008  -0.18   0.1909  0.3997  0.7285  0.963   1.5148  
82      1.5217  0       0       0       72.799  11.459  100     -4e-4	0.1  	0.2417  0.712   0.5193  0.4695  0.5395  0.4663  0.5008  -0.18   0.1909  0.3997  0.7278  0.964   1.5148  
82      1.5203  0       0       0       72.727  11.447  100     4.e-4	0.1  	0.2417  0.712   0.5193  0.4695  0.5395  0.4663  0.5008  -0.18   0.1909  0.3997  0.7278  0.963   1.5163  
82-1                                                                          0.0439  -6.916  2.1871  0.0163  0.7032  0.2904  0.3313  -0.014  -0.195  -0.34   0.9964  -0.435  0.5309  

82-2    1.2332  0       0       0       60.856  -4.041  100     0.161	0.5  	0.2417  0.6874  0.525   0.4696  0.5414  0.467   0.5016  -0.18   0.1907  0.3991  0.7314  0.9609  1.5188  
82-3    1.4464  0       0       0       50.743  -18.68  100     -0.1 	0.5  	0.2418  0.6637  0.5308  0.4696  0.5433  0.4677  0.5024  -0.18   0.1905  0.3984  0.735   0.9588  1.5228  
83      1.4465  0       0       0       50.741  -18.68  100     -1e-5	0.1  	0.242   0.6637  0.5308  0.4696  0.5433  0.4677  0.5024  -0.18   0.1905  0.3984  0.735   0.9588  1.5228  
83      1.4346  0       0       0       50.947  -18.29  100     6.e-3	0.1  	0.2418  0.6643  0.5308  0.4696  0.5433  0.4677  0.5024  -0.18   0.1905  0.3984  0.735   0.9588  1.5228  
83      1.4476  0       0       0       50.601  -18.7   100     -5e-4	0.1  	0.2418  0.6637  0.5313  0.4696  0.5433  0.4677  0.5024  -0.18   0.1905  0.3984  0.735   0.9588  1.5228  
83      1.4457  0       0       0       50.724  -18.65  100     4.e-4	0.1  	0.2418  0.6637  0.5308  0.4701  0.5433  0.4677  0.5024  -0.18   0.1905  0.3984  0.735   0.9588  1.5228  
83      1.4479  0       0       0       50.722  -18.73  100     -7e-4	0.1  	0.2418  0.6637  0.5308  0.4696  0.5439  0.4677  0.5024  -0.18   0.1905  0.3984  0.735   0.9588  1.5228  
83      1.4463  0       0       0       50.72   -18.67  100     1.e-4	0.1  	0.2418  0.6637  0.5308  0.4696  0.5433  0.4681  0.5024  -0.18   0.1905  0.3984  0.735   0.9588  1.5228  
83      1.4469  0       0       0       50.731  -18.7   100     -2e-4	0.1  	0.2418  0.6637  0.5308  0.4696  0.5433  0.4677  0.5029  -0.18   0.1905  0.3984  0.735   0.9588  1.5228  
83      1.4464  0       0       0       50.743  -18.68  100     1.e-5	0.1  	0.2418  0.6637  0.5308  0.4696  0.5433  0.4677  0.5024  -0.18   0.1905  0.3984  0.735   0.9588  1.5228  
83      1.4458  0       0       0       50.742  -18.66  100     3.e-4	0.1  	0.2418  0.6637  0.5308  0.4696  0.5433  0.4677  0.5024  -0.18   0.1907  0.3984  0.735   0.9588  1.5228  
83      1.4464  0       0       0       50.764  -18.68  100     -5e-6	0.1  	0.2418  0.6637  0.5308  0.4696  0.5433  0.4677  0.5024  -0.18   0.1905  0.3988  0.735   0.9588  1.5228  
83      1.4467  0       0       0       50.684  -18.68  100     -7e-5	0.1  	0.2418  0.6637  0.5308  0.4696  0.5433  0.4677  0.5024  -0.18   0.1905  0.3984  0.7358  0.9588  1.5228  
83      1.4457  0       0       0       50.754  -18.66  100     4.e-4	0.1  	0.2418  0.6637  0.5308  0.4696  0.5433  0.4677  0.5024  -0.18   0.1905  0.3984  0.735   0.9598  1.5228  
83      1.446   0       0       0       50.703  -18.66  100     3.e-4	0.1  	0.2418  0.6637  0.5308  0.4696  0.5433  0.4677  0.5024  -0.18   0.1905  0.3984  0.735   0.9588  1.5244  
83-1                                                                          -0.02   8.6011  -0.657  0.5948  -1.068  0.1718  -0.356  0.0157  0.4766  -7.e-3  -0.099  0.544   0.3902  

83-2    1.2162  0       0       0       60.76   -1.008  100     0.115	0.5  	0.2417  0.6922  0.529   0.471   0.5404  0.4681  0.5015  -0.18   0.191   0.3984  0.7347  0.9614  1.5258  
83-3    1.6091  0       0       0       72.913  17.765  100     -0.22	0.5  	0.2417  0.722   0.5273  0.4724  0.5375  0.4685  0.5006  -0.18   0.1914  0.3984  0.7343  0.964   1.5288  
84      1.609   0       0       0       72.91   17.763  100     3.e-5	0.1  	0.242   0.722   0.5273  0.4724  0.5375  0.4685  0.5006  -0.18   0.1914  0.3984  0.7343  0.964   1.5288  
84      1.6207  0       0       0       73.216  18.203  100     -6e-3	0.1  	0.2417  0.7227  0.5273  0.4724  0.5375  0.4685  0.5006  -0.18   0.1914  0.3984  0.7343  0.964   1.5288  
84      1.6059  0       0       0       72.732  17.736  100     2.e-3	0.1  	0.2417  0.722   0.5278  0.4724  0.5375  0.4685  0.5006  -0.18   0.1914  0.3984  0.7343  0.964   1.5288  
84      1.6094  0       0       0       72.888  17.809  100     -2e-4	0.1  	0.2417  0.722   0.5273  0.4729  0.5375  0.4685  0.5006  -0.18   0.1914  0.3984  0.7343  0.964   1.5288  
84      1.6077  0       0       0       72.888  17.702  100     8.e-4	0.1  	0.2417  0.722   0.5273  0.4724  0.5381  0.4685  0.5006  -0.18   0.1914  0.3984  0.7343  0.964   1.5288  
84      1.6089  0       0       0       72.88   17.78   100     2.e-4	0.1  	0.2417  0.722   0.5273  0.4724  0.5375  0.4689  0.5006  -0.18   0.1914  0.3984  0.7343  0.964   1.5288  
84      1.6085  0       0       0       72.895  17.744  100     3.e-4	0.1  	0.2417  0.722   0.5273  0.4724  0.5375  0.4685  0.5011  -0.18   0.1914  0.3984  0.7343  0.964   1.5288  
84      1.6091  0       0       0       72.913  17.766  100     -1e-5	0.1  	0.2417  0.722   0.5273  0.4724  0.5375  0.4685  0.5006  -0.18   0.1914  0.3984  0.7343  0.964   1.5288  
84      1.6096  0       0       0       72.909  17.8    100     -3e-4	0.1  	0.2417  0.722   0.5273  0.4724  0.5375  0.4685  0.5006  -0.18   0.1916  0.3984  0.7343  0.964   1.5288  
84      1.6095  0       0       0       72.943  17.762  100     -2e-4	0.1  	0.2417  0.722   0.5273  0.4724  0.5375  0.4685  0.5006  -0.18   0.1914  0.3988  0.7343  0.964   1.5288  
84      1.6079  0       0       0       72.834  17.764  100     7.e-4	0.1  	0.2417  0.722   0.5273  0.4724  0.5375  0.4685  0.5006  -0.18   0.1914  0.3984  0.7351  0.964   1.5288  
84      1.6099  0       0       0       72.93   17.8    100     -5e-4	0.1  	0.2417  0.722   0.5273  0.4724  0.5375  0.4685  0.5006  -0.18   0.1914  0.3984  0.7343  0.965   1.5288  
84      1.6088  0       0       0       72.858  17.797  100     2.e-4	0.1  	0.2417  0.722   0.5273  0.4724  0.5375  0.4685  0.5006  -0.18   0.1914  0.3984  0.7343  0.964   1.5303  
84-1                                                                          0.038   -7.213  2.0544  -0.189  0.8477  0.173   0.375   -0.014  -0.305  -0.269  0.7778  -0.514  0.2299  

84-2    1.2114  0       0       0       60.473  1.3613  100     0.221	0.5  	0.2418  0.6959  0.5327  0.4719  0.5398  0.4689  0.5016  -0.18   0.1912  0.3978  0.7372  0.9616  1.5306  
84-3    1.3256  0       0       0       50.017  -14.14  100     -0.05	0.5  	0.2418  0.6708  0.5382  0.4715  0.5421  0.4693  0.5025  -0.18   0.1909  0.3973  0.74    0.9591  1.5323  
85      1.3257  0       0       0       50.015  -14.14  100     -1e-5	0.1  	0.242   0.6708  0.5382  0.4715  0.5421  0.4693  0.5025  -0.18   0.1909  0.3973  0.74    0.9591  1.5323  
85      1.3145  0       0       0       50.22   -13.74  100     6.e-3	0.1  	0.2418  0.6715  0.5382  0.4715  0.5421  0.4693  0.5025  -0.18   0.1909  0.3973  0.74    0.9591  1.5323  
85      1.3265  0       0       0       49.854  -14.15  100     -6e-4	0.1  	0.2418  0.6708  0.5387  0.4715  0.5421  0.4693  0.5025  -0.18   0.1909  0.3973  0.74    0.9591  1.5323  
85      1.3248  0       0       0       49.999  -14.11  100     4.e-4	0.1  	0.2418  0.6708  0.5382  0.472   0.5421  0.4693  0.5025  -0.18   0.1909  0.3973  0.74    0.9591  1.5323  
85      1.3269  0       0       0       49.991  -14.19  100     -7e-4	0.1  	0.2418  0.6708  0.5382  0.4715  0.5426  0.4693  0.5025  -0.18   0.1909  0.3973  0.74    0.9591  1.5323  
85      1.3254  0       0       0       49.994  -14.13  100     1.e-4	0.1  	0.2418  0.6708  0.5382  0.4715  0.5421  0.4697  0.5025  -0.18   0.1909  0.3973  0.74    0.9591  1.5323  
85      1.3261  0       0       0       50.003  -14.16  100     -2e-4	0.1  	0.2418  0.6708  0.5382  0.4715  0.5421  0.4693  0.503   -0.18   0.1909  0.3973  0.74    0.9591  1.5323  
85      1.3256  0       0       0       50.017  -14.14  100     1.e-5	0.1  	0.2418  0.6708  0.5382  0.4715  0.5421  0.4693  0.5025  -0.18   0.1909  0.3973  0.74    0.9591  1.5323  
85      1.325   0       0       0       50.016  -14.12  100     3.e-4	0.1  	0.2418  0.6708  0.5382  0.4715  0.5421  0.4693  0.5025  -0.18   0.1911  0.3973  0.74    0.9591  1.5323  
85      1.3256  0       0       0       50.039  -14.15  100     -3e-5	0.1  	0.2418  0.6708  0.5382  0.4715  0.5421  0.4693  0.5025  -0.18   0.1909  0.3977  0.74    0.9591  1.5323  
85      1.3257  0       0       0       49.957  -14.14  100     -5e-5	0.1  	0.2418  0.6708  0.5382  0.4715  0.5421  0.4693  0.5025  -0.18   0.1909  0.3973  0.7408  0.9591  1.5323  
85      1.3249  0       0       0       50.03   -14.12  100     4.e-4	0.1  	0.2418  0.6708  0.5382  0.4715  0.5421  0.4693  0.5025  -0.18   0.1909  0.3973  0.74    0.96    1.5323  
85      1.325   0       0       0       49.979  -14.12  100     3.e-4	0.1  	0.2418  0.6708  0.5382  0.4715  0.5421  0.4693  0.5025  -0.18   0.1909  0.3973  0.74    0.9591  1.5338  
85-1                                                                          -0.019  8.3425  -0.827  0.6645  -0.998  0.2031  -0.313  0.0147  0.5218  -0.038  -0.079  0.5316  0.4483  

85-2    1.21    0       0       0       59.906  3.325   100     0.054	0.5  	0.2418  0.6988  0.5359  0.4731  0.5394  0.4697  0.5017  -0.18   0.1914  0.3972  0.7397  0.9616  1.5357  
85-3    1.6659  0       0       0       71.867  21.871  100     -0.25	0.5  	0.2418  0.728   0.5337  0.4746  0.5367  0.4702  0.501   -0.18   0.1919  0.3971  0.7395  0.9642  1.5392  
86      1.21    0       0       0       59.904  3.3238  100     2.e-5	0.1  	0.242   0.6988  0.5359  0.4731  0.5394  0.4697  0.5017  -0.18   0.1914  0.3972  0.7397  0.9616  1.5357  
86      1.2178  0       0       0       60.153  3.7478  100     -4e-3	0.1  	0.2418  0.6995  0.5359  0.4731  0.5394  0.4697  0.5017  -0.18   0.1914  0.3972  0.7397  0.9616  1.5357  
86      1.2065  0       0       0       59.725  3.313   100     2.e-3	0.1  	0.2418  0.6988  0.5365  0.4731  0.5394  0.4697  0.5017  -0.18   0.1914  0.3972  0.7397  0.9616  1.5357  
86      1.2099  0       0       0       59.886  3.3659  100     5.e-5	0.1  	0.2418  0.6988  0.5359  0.4735  0.5394  0.4697  0.5017  -0.18   0.1914  0.3972  0.7397  0.9616  1.5357  
86      1.2091  0       0       0       59.878  3.2726  100     5.e-4	0.1  	0.2418  0.6988  0.5359  0.4731  0.5399  0.4697  0.5017  -0.18   0.1914  0.3972  0.7397  0.9616  1.5357  
86      1.2096  0       0       0       59.878  3.3399  100     2.e-4	0.1  	0.2418  0.6988  0.5359  0.4731  0.5394  0.4702  0.5017  -0.18   0.1914  0.3972  0.7397  0.9616  1.5357  
86      1.2096  0       0       0       59.889  3.3084  100     2.e-4	0.1  	0.2418  0.6988  0.5359  0.4731  0.5394  0.4697  0.5022  -0.18   0.1914  0.3972  0.7397  0.9616  1.5357  
86      1.21    0       0       0       59.906  3.326   100     -6e-6	0.1  	0.2418  0.6988  0.5359  0.4731  0.5394  0.4697  0.5017  -0.18   0.1914  0.3972  0.7397  0.9616  1.5357  
86      1.2102  0       0       0       59.904  3.3566  100     -1e-4	0.1  	0.2418  0.6988  0.5359  0.4731  0.5394  0.4697  0.5017  -0.18   0.1916  0.3972  0.7397  0.9616  1.5357  
86      1.2105  0       0       0       59.932  3.3212  100     -3e-4	0.1  	0.2418  0.6988  0.5359  0.4731  0.5394  0.4697  0.5017  -0.18   0.1914  0.3976  0.7397  0.9616  1.5357  
86      1.2088  0       0       0       59.837  3.3316  100     7.e-4	0.1  	0.2418  0.6988  0.5359  0.4731  0.5394  0.4697  0.5017  -0.18   0.1914  0.3972  0.7405  0.9616  1.5357  
86      1.2105  0       0       0       59.922  3.355   100     -3e-4	0.1  	0.2418  0.6988  0.5359  0.4731  0.5394  0.4697  0.5017  -0.18   0.1914  0.3972  0.7397  0.9626  1.5357  
86      1.2094  0       0       0       59.862  3.358   100     3.e-4	0.1  	0.2418  0.6988  0.5359  0.4731  0.5394  0.4697  0.5017  -0.18   0.1914  0.3972  0.7397  0.9616  1.5373  
86-1                                                                          0.0352  -6.247  2.8078  0.0719  0.7251  0.3318  0.3564  -9.e-3  -0.147  -0.369  1.0044  -0.418  0.4771  

86-2    1.1554  0       0       0       57.742  0.6254  100     0.031	0.1  	0.2418  0.6944  0.5374  0.4731  0.5398  0.4699  0.5019  -0.18   0.1913  0.3971  0.7405  0.9612  1.5365  
86-3    1.1204  0       0       0       55.64   -2.043  100     0.019	0.1  	0.2418  0.6901  0.539   0.4731  0.5402  0.4701  0.5021  -0.18   0.1913  0.3969  0.7412  0.9608  1.5372  
86-4    1.1207  0       0       0       53.597  -4.679  100     6.e-4	0.1  	0.2418  0.6858  0.5405  0.4732  0.5406  0.4702  0.5023  -0.18   0.1913  0.3968  0.742   0.9604  1.5379  
86-5    1.158   0       0       0       51.612  -7.283  100     -0.02	0.1  	0.2418  0.6815  0.542   0.4732  0.541   0.4704  0.5025  -0.18   0.1913  0.3966  0.7427  0.96    1.5387  
87      1.1207  0       0       0       53.597  -4.679  100     4.e-7	0.02 	0.2419  0.6858  0.5405  0.4732  0.5406  0.4702  0.5023  -0.18   0.1913  0.3968  0.742   0.9604  1.5379  
87      1.1198  0       0       0       53.641  -4.596  100     4.e-4	0.02 	0.2418  0.6859  0.5405  0.4732  0.5406  0.4702  0.5023  -0.18   0.1913  0.3968  0.742   0.9604  1.5379  
87      1.1203  0       0       0       53.561  -4.679  100     2.e-4	0.02 	0.2418  0.6858  0.5406  0.4732  0.5406  0.4702  0.5023  -0.18   0.1913  0.3968  0.742   0.9604  1.5379  
87      1.1205  0       0       0       53.593  -4.671  100     1.e-4	0.02 	0.2418  0.6858  0.5405  0.4733  0.5406  0.4702  0.5023  -0.18   0.1913  0.3968  0.742   0.9604  1.5379  
87      1.1208  0       0       0       53.591  -4.688  100     -5e-5	0.02 	0.2418  0.6858  0.5405  0.4732  0.5407  0.4702  0.5023  -0.18   0.1913  0.3968  0.742   0.9604  1.5379  
87      1.1206  0       0       0       53.592  -4.676  100     6.e-5	0.02 	0.2418  0.6858  0.5405  0.4732  0.5406  0.4703  0.5023  -0.18   0.1913  0.3968  0.742   0.9604  1.5379  
87      1.1207  0       0       0       53.594  -4.682  100     -3e-6	0.02 	0.2418  0.6858  0.5405  0.4732  0.5406  0.4702  0.5024  -0.18   0.1913  0.3968  0.742   0.9604  1.5379  
87      1.1207  0       0       0       53.597  -4.678  100     2.e-6	0.02 	0.2418  0.6858  0.5405  0.4732  0.5406  0.4702  0.5023  -0.18   0.1913  0.3968  0.742   0.9604  1.5379  
87      1.1206  0       0       0       53.596  -4.673  100     6.e-5	0.02 	0.2418  0.6858  0.5405  0.4732  0.5406  0.4702  0.5023  -0.18   0.1913  0.3968  0.742   0.9604  1.5379  
87      1.1208  0       0       0       53.602  -4.68   100     -4e-5	0.02 	0.2418  0.6858  0.5405  0.4732  0.5406  0.4702  0.5023  -0.18   0.1913  0.3969  0.742   0.9604  1.5379  
87      1.1205  0       0       0       53.584  -4.677  100     1.e-4	0.02 	0.2418  0.6858  0.5405  0.4732  0.5406  0.4702  0.5023  -0.18   0.1913  0.3968  0.7421  0.9604  1.5379  
87      1.1206  0       0       0       53.6    -4.673  100     3.e-5	0.02 	0.2418  0.6858  0.5405  0.4732  0.5406  0.4702  0.5023  -0.18   0.1913  0.3968  0.742   0.9606  1.5379  
87      1.1205  0       0       0       53.589  -4.672  100     1.e-4	0.02 	0.2418  0.6858  0.5405  0.4732  0.5406  0.4702  0.5023  -0.18   0.1913  0.3968  0.742   0.9604  1.5383  
87-1                                                                          3.9e-3  4.5825  2.5881  1.0029  -0.476  0.6501  -0.032  0.0173  0.593   -0.427  1.124   0.2978  1.2055  

87-2    1.1149  0       0       0       53.675  -4.272  100     3.e-3	0.02 	0.2418  0.6864  0.5407  0.4733  0.5405  0.4703  0.5023  -0.18   0.1913  0.3967  0.7421  0.9605  1.5383  
87-3    1.1094  0       0       0       53.754  -3.863  100     3.e-3	0.02 	0.2418  0.687   0.541   0.4734  0.5405  0.4703  0.5023  -0.18   0.1913  0.3967  0.7423  0.9605  1.5387  
87-4    1.1045  0       0       0       53.832  -3.454  100     3.e-3	0.02 	0.2418  0.6877  0.5413  0.4735  0.5404  0.4704  0.5023  -0.18   0.1913  0.3967  0.7425  0.9606  1.5391  
87-5    1.1001  0       0       0       53.91   -3.043  100     2.e-3	0.02 	0.2418  0.6883  0.5416  0.4736  0.5404  0.4705  0.5023  -0.18   0.1914  0.3966  0.7426  0.9607  1.5394  
87-6    1.0963  0       0       0       53.988  -2.632  100     2.e-3	0.02 	0.2418  0.6889  0.5419  0.4736  0.5403  0.4705  0.5023  -0.18   0.1914  0.3966  0.7428  0.9607  1.5398  
87-7    1.0931  0       0       0       54.065  -2.219  100     2.e-3	0.02 	0.2418  0.6896  0.5422  0.4737  0.5403  0.4706  0.5023  -0.18   0.1914  0.3966  0.743   0.9608  1.5402  
87-8    1.0907  0       0       0       54.142  -1.804  100     1.e-3	0.02 	0.2418  0.6902  0.5424  0.4738  0.5402  0.4706  0.5023  -0.18   0.1914  0.3965  0.7431  0.9608  1.5405  
87-9    1.089   0       0       0       54.219  -1.389  100     1.e-3	0.02 	0.2418  0.6908  0.5427  0.4739  0.5402  0.4707  0.5022  -0.18   0.1915  0.3965  0.7433  0.9609  1.5409  
87-10   1.0882  0       0       0       54.296  -0.972  100     6.e-4	0.02 	0.2418  0.6915  0.543   0.474   0.5401  0.4708  0.5022  -0.18   0.1915  0.3965  0.7435  0.9609  1.5413  
87-11   1.0882  0       0       0       54.372  -0.555  100     1.e-4	0.02 	0.2418  0.6921  0.5433  0.4741  0.5401  0.4708  0.5022  -0.18   0.1915  0.3964  0.7437  0.961   1.5417  
87-12   1.089   0       0       0       54.449  -0.135  100     -3e-4	0.02 	0.2418  0.6927  0.5436  0.4742  0.54    0.4709  0.5022  -0.18   0.1915  0.3964  0.7438  0.9611  1.542   
88      1.089   0       0       0       54.448  -0.135  100     3.e-6	0.02 	0.2419  0.6927  0.5436  0.4742  0.54    0.4709  0.5022  -0.18   0.1915  0.3964  0.7438  0.9611  1.542   
88      1.0899  0       0       0       54.493  -0.051  100     -4e-4	0.02 	0.2418  0.6929  0.5436  0.4742  0.54    0.4709  0.5022  -0.18   0.1915  0.3964  0.7438  0.9611  1.542   
88      1.0882  0       0       0       54.41   -0.134  100     4.e-4	0.02 	0.2418  0.6927  0.5437  0.4742  0.54    0.4709  0.5022  -0.18   0.1915  0.3964  0.7438  0.9611  1.542   
88      1.0889  0       0       0       54.445  -0.127  100     5.e-5	0.02 	0.2418  0.6927  0.5436  0.4743  0.54    0.4709  0.5022  -0.18   0.1915  0.3964  0.7438  0.9611  1.542   
88      1.0889  0       0       0       54.442  -0.144  100     6.e-5	0.02 	0.2418  0.6927  0.5436  0.4742  0.5401  0.4709  0.5022  -0.18   0.1915  0.3964  0.7438  0.9611  1.542   
88      1.0889  0       0       0       54.444  -0.132  100     6.e-5	0.02 	0.2418  0.6927  0.5436  0.4742  0.54    0.471   0.5022  -0.18   0.1915  0.3964  0.7438  0.9611  1.542   
88      1.0889  0       0       0       54.445  -0.138  100     4.e-5	0.02 	0.2418  0.6927  0.5436  0.4742  0.54    0.4709  0.5023  -0.18   0.1915  0.3964  0.7438  0.9611  1.542   
88      1.089   0       0       0       54.449  -0.135  100     -1e-6	0.02 	0.2418  0.6927  0.5436  0.4742  0.54    0.4709  0.5022  -0.18   0.1915  0.3964  0.7438  0.9611  1.542   
88      1.089   0       0       0       54.448  -0.129  100     1.e-5	0.02 	0.2418  0.6927  0.5436  0.4742  0.54    0.4709  0.5022  -0.18   0.1916  0.3964  0.7438  0.9611  1.542   
88      1.0891  0       0       0       54.454  -0.136  100     -5e-5	0.02 	0.2418  0.6927  0.5436  0.4742  0.54    0.4709  0.5022  -0.18   0.1915  0.3965  0.7438  0.9611  1.542   
88      1.0888  0       0       0       54.436  -0.133  100     1.e-4	0.02 	0.2418  0.6927  0.5436  0.4742  0.54    0.4709  0.5022  -0.18   0.1915  0.3964  0.744   0.9611  1.542   
88      1.0891  0       0       0       54.452  -0.129  100     -3e-5	0.02 	0.2418  0.6927  0.5436  0.4742  0.54    0.4709  0.5022  -0.18   0.1915  0.3964  0.7438  0.9613  1.542   
88      1.0889  0       0       0       54.441  -0.128  100     9.e-5	0.02 	0.2418  0.6927  0.5436  0.4742  0.54    0.4709  0.5022  -0.18   0.1915  0.3964  0.7438  0.9611  1.5423  
88-1                                                                          0.0292  -4.016  3.9542  0.4212  0.5726  0.5465  0.347   -9.e-3  0.0891  -0.509  1.3592  -0.306  0.8418  

88-2    1.0821  0       0       0       54.079  -0.462  100     4.e-3	0.02 	0.2418  0.6922  0.544   0.4743  0.5401  0.4709  0.5023  -0.18   0.1915  0.3964  0.744   0.961   1.5423  
88-3    1.0759  0       0       0       53.711  -0.785  100     3.e-3	0.02 	0.2418  0.6916  0.5444  0.4743  0.5401  0.471   0.5023  -0.18   0.1915  0.3963  0.7442  0.9609  1.5425  
88-4    1.0706  0       0       0       53.343  -1.109  100     3.e-3	0.02 	0.2418  0.6911  0.5448  0.4743  0.5402  0.471   0.5023  -0.18   0.1915  0.3963  0.7444  0.9609  1.5428  
88-5    1.0663  0       0       0       52.977  -1.432  100     2.e-3	0.02 	0.2418  0.6905  0.5453  0.4744  0.5403  0.4711  0.5024  -0.18   0.1915  0.3962  0.7446  0.9608  1.5431  
88-6    1.0632  0       0       0       52.611  -1.753  100     2.e-3	0.02 	0.2418  0.69    0.5457  0.4744  0.5403  0.4711  0.5024  -0.18   0.1915  0.3962  0.7448  0.9608  1.5433  
88-7    1.0616  0       0       0       52.246  -2.072  100     1.e-3	0.02 	0.2418  0.6894  0.5461  0.4745  0.5404  0.4712  0.5024  -0.18   0.1916  0.3962  0.745   0.9607  1.5436  
88-8    1.0616  0       0       0       51.883  -2.39   100     2.e-4	0.02 	0.2418  0.6889  0.5466  0.4745  0.5404  0.4712  0.5025  -0.18   0.1916  0.3961  0.7452  0.9607  1.5438  
88-9    1.0631  0       0       0       51.52   -2.708  100     -6e-4	0.02 	0.2418  0.6883  0.547   0.4745  0.5405  0.4713  0.5025  -0.18   0.1916  0.3961  0.7454  0.9606  1.5441  
89      1.0631  0       0       0       51.52   -2.708  100     -9e-8	0.02 	0.2419  0.6883  0.547   0.4745  0.5405  0.4713  0.5025  -0.18   0.1916  0.3961  0.7454  0.9606  1.5441  
89      1.062   0       0       0       51.563  -2.624  100     6.e-4	0.02 	0.2418  0.6884  0.547   0.4745  0.5405  0.4713  0.5025  -0.18   0.1916  0.3961  0.7454  0.9606  1.5441  
89      1.0627  0       0       0       51.48   -2.705  100     3.e-4	0.02 	0.2418  0.6883  0.5471  0.4745  0.5405  0.4713  0.5025  -0.18   0.1916  0.3961  0.7454  0.9606  1.5441  
89      1.0629  0       0       0       51.517  -2.7    100     1.e-4	0.02 	0.2418  0.6883  0.547   0.4746  0.5405  0.4713  0.5025  -0.18   0.1916  0.3961  0.7454  0.9606  1.5441  
89      1.0632  0       0       0       51.513  -2.717  100     -5e-5	0.02 	0.2418  0.6883  0.547   0.4745  0.5406  0.4713  0.5025  -0.18   0.1916  0.3961  0.7454  0.9606  1.5441  
89      1.063   0       0       0       51.515  -2.705  100     6.e-5	0.02 	0.2418  0.6883  0.547   0.4745  0.5405  0.4714  0.5025  -0.18   0.1916  0.3961  0.7454  0.9606  1.5441  
89      1.0631  0       0       0       51.516  -2.71   100     -3e-6	0.02 	0.2418  0.6883  0.547   0.4745  0.5405  0.4713  0.5026  -0.18   0.1916  0.3961  0.7454  0.9606  1.5441  
89      1.0631  0       0       0       51.52   -2.708  100     1.e-6	0.02 	0.2418  0.6883  0.547   0.4745  0.5405  0.4713  0.5025  -0.18   0.1916  0.3961  0.7454  0.9606  1.5441  
89      1.063   0       0       0       51.52   -2.702  100     6.e-5	0.02 	0.2418  0.6883  0.547   0.4745  0.5405  0.4713  0.5025  -0.18   0.1916  0.3961  0.7454  0.9606  1.5441  
89      1.0631  0       0       0       51.525  -2.709  100     -4e-5	0.02 	0.2418  0.6883  0.547   0.4745  0.5405  0.4713  0.5025  -0.18   0.1916  0.3962  0.7454  0.9606  1.5441  
89      1.0629  0       0       0       51.507  -2.705  100     1.e-4	0.02 	0.2418  0.6883  0.547   0.4745  0.5405  0.4713  0.5025  -0.18   0.1916  0.3961  0.7456  0.9606  1.5441  
89      1.063   0       0       0       51.523  -2.703  100     3.e-5	0.02 	0.2418  0.6883  0.547   0.4745  0.5405  0.4713  0.5025  -0.18   0.1916  0.3961  0.7454  0.9608  1.5441  
89      1.0629  0       0       0       51.513  -2.701  100     1.e-4	0.02 	0.2418  0.6883  0.547   0.4745  0.5405  0.4713  0.5025  -0.18   0.1916  0.3961  0.7454  0.9606  1.5444  
89-1                                                                          -8.e-4  5.2446  2.4138  0.9426  -0.442  0.5845  -0.031  9.2e-3  0.6072  -0.365  0.9815  0.3045  1.0735  

89-2    1.0558  0       0       0       51.623  -2.233  100     4.e-3	0.02 	0.2418  0.689   0.5473  0.4746  0.5405  0.4714  0.5025  -0.18   0.1916  0.396   0.7456  0.9607  1.5444  
89-3    1.0496  0       0       0       51.727  -1.756  100     3.e-3	0.02 	0.2418  0.6897  0.5475  0.4747  0.5404  0.4714  0.5025  -0.18   0.1916  0.396   0.7457  0.9607  1.5448  
89-4    1.0448  0       0       0       51.83   -1.277  100     3.e-3	0.02 	0.2418  0.6905  0.5478  0.4748  0.5404  0.4715  0.5025  -0.18   0.1916  0.396   0.7459  0.9608  1.5451  
89-5    1.0419  0       0       0       51.934  -0.798  100     2.e-3	0.02 	0.2418  0.6912  0.5481  0.4749  0.5403  0.4715  0.5025  -0.18   0.1917  0.396   0.746   0.9608  1.5454  
89-6    1.0412  0       0       0       52.036  -0.317  100     5.e-4	0.02 	0.2418  0.6919  0.5483  0.475   0.5403  0.4716  0.5025  -0.18   0.1917  0.3959  0.7462  0.9609  1.5458  
89-7    1.0429  0       0       0       52.139  0.1651  100     -9e-4	0.02 	0.2418  0.6926  0.5486  0.4751  0.5402  0.4716  0.5025  -0.18   0.1917  0.3959  0.7463  0.9609  1.5461  
90      1.0429  0       0       0       52.139  0.1649  100     2.e-6	0.02 	0.2419  0.6926  0.5486  0.4751  0.5402  0.4716  0.5025  -0.18   0.1917  0.3959  0.7463  0.9609  1.5461  
90      1.0439  0       0       0       52.182  0.2492  100     -6e-4	0.02 	0.2418  0.6928  0.5486  0.4751  0.5402  0.4716  0.5025  -0.18   0.1917  0.3959  0.7463  0.9609  1.5461  
90      1.0421  0       0       0       52.098  0.1686  100     4.e-4	0.02 	0.2418  0.6926  0.5487  0.4751  0.5402  0.4716  0.5025  -0.18   0.1917  0.3959  0.7463  0.9609  1.5461  
90      1.0429  0       0       0       52.136  0.1739  100     2.e-5	0.02 	0.2418  0.6926  0.5486  0.4752  0.5402  0.4716  0.5025  -0.18   0.1917  0.3959  0.7463  0.9609  1.5461  
90      1.0428  0       0       0       52.132  0.1564  100     9.e-5	0.02 	0.2418  0.6926  0.5486  0.4751  0.5403  0.4716  0.5025  -0.18   0.1917  0.3959  0.7463  0.9609  1.5461  
90      1.0428  0       0       0       52.134  0.1687  100     5.e-5	0.02 	0.2418  0.6926  0.5486  0.4751  0.5402  0.4717  0.5025  -0.18   0.1917  0.3959  0.7463  0.9609  1.5461  
90      1.0428  0       0       0       52.135  0.1627  100     4.e-5	0.02 	0.2418  0.6926  0.5486  0.4751  0.5402  0.4716  0.5026  -0.18   0.1917  0.3959  0.7463  0.9609  1.5461  
90      1.0429  0       0       0       52.139  0.1652  100     -1e-6	0.02 	0.2418  0.6926  0.5486  0.4751  0.5402  0.4716  0.5025  -0.18   0.1917  0.3959  0.7463  0.9609  1.5461  
90      1.0429  0       0       0       52.139  0.1719  100     -6e-6	0.02 	0.2418  0.6926  0.5486  0.4751  0.5402  0.4716  0.5025  -0.18   0.1917  0.3959  0.7463  0.9609  1.5461  
90      1.043   0       0       0       52.144  0.1639  100     -5e-5	0.02 	0.2418  0.6926  0.5486  0.4751  0.5402  0.4716  0.5025  -0.18   0.1917  0.396   0.7463  0.9609  1.5461  
90      1.0427  0       0       0       52.126  0.1686  100     1.e-4	0.02 	0.2418  0.6926  0.5486  0.4751  0.5402  0.4716  0.5025  -0.18   0.1917  0.3959  0.7465  0.9609  1.5461  
90      1.043   0       0       0       52.143  0.1706  100     -5e-5	0.02 	0.2418  0.6926  0.5486  0.4751  0.5402  0.4716  0.5025  -0.18   0.1917  0.3959  0.7463  0.9611  1.5461  
90      1.0428  0       0       0       52.132  0.1729  100     7.e-5	0.02 	0.2418  0.6926  0.5486  0.4751  0.5402  0.4716  0.5025  -0.18   0.1917  0.3959  0.7463  0.9609  1.5464  
90-1                                                                          0.0204  -4.973  3.7134  0.198   0.7344  0.4105  0.3744  -0.011  -0.046  -0.427  1.1455  -0.389  0.5573  

90-2    1.0352  0       0       0       51.742  -0.239  100     4.e-3	0.02 	0.2418  0.692   0.549   0.4751  0.5403  0.4717  0.5025  -0.18   0.1917  0.3959  0.7465  0.9609  1.5463  
90-3    1.0299  0       0       0       51.346  -0.643  100     3.e-3	0.02 	0.2418  0.6913  0.5494  0.4751  0.5404  0.4717  0.5026  -0.18   0.1917  0.3958  0.7467  0.9608  1.5464  
90-4    1.0284  0       0       0       50.953  -1.044  100     9.e-4	0.02 	0.2418  0.6906  0.5498  0.4751  0.5405  0.4717  0.5026  -0.18   0.1917  0.3958  0.7468  0.9607  1.5466  
90-5    1.0313  0       0       0       50.56   -1.444  100     -1e-3	0.02 	0.2418  0.6899  0.5502  0.4751  0.5405  0.4718  0.5026  -0.18   0.1917  0.3958  0.747   0.9606  1.5468  
91      1.0313  0       0       0       50.56   -1.444  100     -6e-7	0.02 	0.2419  0.6899  0.5502  0.4751  0.5405  0.4718  0.5026  -0.18   0.1917  0.3958  0.747   0.9606  1.5468  
91      1.03    0       0       0       50.602  -1.36   100     6.e-4	0.02 	0.2418  0.69    0.5502  0.4751  0.5405  0.4718  0.5026  -0.18   0.1917  0.3958  0.747   0.9606  1.5468  
91      1.0309  0       0       0       50.519  -1.44   100     2.e-4	0.02 	0.2418  0.6899  0.5503  0.4751  0.5405  0.4718  0.5026  -0.18   0.1917  0.3958  0.747   0.9606  1.5468  
91      1.0311  0       0       0       50.557  -1.435  100     1.e-4	0.02 	0.2418  0.6899  0.5502  0.4752  0.5405  0.4718  0.5026  -0.18   0.1917  0.3958  0.747   0.9606  1.5468  
91      1.0314  0       0       0       50.553  -1.452  100     -5e-5	0.02 	0.2418  0.6899  0.5502  0.4751  0.5406  0.4718  0.5026  -0.18   0.1917  0.3958  0.747   0.9606  1.5468  
91      1.0312  0       0       0       50.555  -1.44   100     6.e-5	0.02 	0.2418  0.6899  0.5502  0.4751  0.5405  0.4719  0.5026  -0.18   0.1917  0.3958  0.747   0.9606  1.5468  
91      1.0313  0       0       0       50.556  -1.446  100     -6e-6	0.02 	0.2418  0.6899  0.5502  0.4751  0.5405  0.4718  0.5027  -0.18   0.1917  0.3958  0.747   0.9606  1.5468  
91      1.0313  0       0       0       50.56   -1.444  100     1.e-6	0.02 	0.2418  0.6899  0.5502  0.4751  0.5405  0.4718  0.5026  -0.18   0.1917  0.3958  0.747   0.9606  1.5468  
91      1.0312  0       0       0       50.56   -1.437  100     7.e-5	0.02 	0.2418  0.6899  0.5502  0.4751  0.5405  0.4718  0.5026  -0.18   0.1917  0.3958  0.747   0.9606  1.5468  
91      1.0313  0       0       0       50.565  -1.445  100     -3e-5	0.02 	0.2418  0.6899  0.5502  0.4751  0.5405  0.4718  0.5026  -0.18   0.1917  0.3958  0.747   0.9606  1.5468  
91      1.0311  0       0       0       50.548  -1.44   100     9.e-5	0.02 	0.2418  0.6899  0.5502  0.4751  0.5405  0.4718  0.5026  -0.18   0.1917  0.3958  0.7471  0.9606  1.5468  
91      1.0312  0       0       0       50.564  -1.439  100     4.e-5	0.02 	0.2418  0.6899  0.5502  0.4751  0.5405  0.4718  0.5026  -0.18   0.1917  0.3958  0.747   0.9608  1.5468  
91      1.0311  0       0       0       50.553  -1.436  100     1.e-4	0.02 	0.2418  0.6899  0.5502  0.4751  0.5405  0.4718  0.5026  -0.18   0.1917  0.3958  0.747   0.9606  1.5471  
91-1                                                                          -5.e-3  5.818   2.063   0.919   -0.481  0.5313  -0.055  9.6e-3  0.6273  -0.312  0.8502  0.3358  0.9936  

91-2    1.0231  0       0       0       50.699  -0.914  100     4.e-3	0.02 	0.2418  0.6907  0.5504  0.4752  0.5405  0.4718  0.5026  -0.18   0.1917  0.3957  0.7471  0.9607  1.5471  
91-3    1.0184  0       0       0       50.837  -0.383  100     2.e-3	0.02 	0.2418  0.6915  0.5507  0.4753  0.5404  0.4719  0.5026  -0.18   0.1917  0.3957  0.7473  0.9608  1.5474  
91-4    1.0197  0       0       0       50.976  0.1502  100     -7e-4	0.02 	0.2418  0.6923  0.5509  0.4754  0.5404  0.4719  0.5026  -0.18   0.1918  0.3957  0.7474  0.9608  1.5477  
92      1.0197  0       0       0       50.975  0.15    100     4.e-6	0.02 	0.2419  0.6923  0.5509  0.4754  0.5404  0.4719  0.5026  -0.18   0.1918  0.3957  0.7474  0.9608  1.5477  
92      1.0209  0       0       0       51.018  0.2345  100     -7e-4	0.02 	0.2418  0.6924  0.5509  0.4754  0.5404  0.4719  0.5026  -0.18   0.1918  0.3957  0.7474  0.9608  1.5477  
92      1.0189  0       0       0       50.934  0.155   100     4.e-4	0.02 	0.2418  0.6923  0.551   0.4754  0.5404  0.4719  0.5026  -0.18   0.1918  0.3957  0.7474  0.9608  1.5477  
92      1.0197  0       0       0       50.973  0.159   100     2.e-5	0.02 	0.2418  0.6923  0.5509  0.4755  0.5404  0.4719  0.5026  -0.18   0.1918  0.3957  0.7474  0.9608  1.5477  
92      1.0196  0       0       0       50.968  0.1417  100     1.e-4	0.02 	0.2418  0.6923  0.5509  0.4754  0.5405  0.4719  0.5026  -0.18   0.1918  0.3957  0.7474  0.9608  1.5477  
92      1.0197  0       0       0       50.971  0.1539  100     5.e-5	0.02 	0.2418  0.6923  0.5509  0.4754  0.5404  0.472   0.5026  -0.18   0.1918  0.3957  0.7474  0.9608  1.5477  
92      1.0197  0       0       0       50.972  0.1479  100     5.e-5	0.02 	0.2418  0.6923  0.5509  0.4754  0.5404  0.4719  0.5027  -0.18   0.1918  0.3957  0.7474  0.9608  1.5477  
92      1.0197  0       0       0       50.976  0.1503  100     -2e-7	0.02 	0.2418  0.6923  0.5509  0.4754  0.5404  0.4719  0.5026  -0.18   0.1918  0.3957  0.7474  0.9608  1.5477  
92      1.0198  0       0       0       50.975  0.1571  100     -1e-5	0.02 	0.2418  0.6923  0.5509  0.4754  0.5404  0.4719  0.5026  -0.18   0.1918  0.3957  0.7474  0.9608  1.5477  
92      1.0198  0       0       0       50.98   0.1489  100     -5e-5	0.02 	0.2418  0.6923  0.5509  0.4754  0.5404  0.4719  0.5026  -0.18   0.1918  0.3958  0.7474  0.9608  1.5477  
92      1.0195  0       0       0       50.963  0.154   100     1.e-4	0.02 	0.2418  0.6923  0.5509  0.4754  0.5404  0.4719  0.5026  -0.18   0.1918  0.3957  0.7475  0.9608  1.5477  
92      1.0198  0       0       0       50.979  0.1555  100     -5e-5	0.02 	0.2418  0.6923  0.5509  0.4754  0.5404  0.4719  0.5026  -0.18   0.1918  0.3957  0.7474  0.961   1.5477  
92      1.0196  0       0       0       50.969  0.1582  100     6.e-5	0.02 	0.2418  0.6923  0.5509  0.4754  0.5404  0.4719  0.5026  -0.18   0.1918  0.3957  0.7474  0.9608  1.548   
92-1                                                                          0.0293  -5.305  3.6051  0.1233  0.7879  0.3684  0.3797  -2.e-3  -0.08   -0.391  1.051   -0.414  0.4627  

92-2    1.0128  0       0       0       50.572  -0.281  100     4.e-3	0.02 	0.2418  0.6916  0.5513  0.4754  0.5405  0.472   0.5027  -0.18   0.1918  0.3957  0.7475  0.9608  1.5479  
92-3    1.0147  0       0       0       50.171  -0.709  100     -8e-4	0.02 	0.2418  0.6908  0.5517  0.4754  0.5405  0.472   0.5027  -0.18   0.1918  0.3956  0.7477  0.9607  1.548   
93      1.0147  0       0       0       50.17   -0.709  100     -1e-6	0.02 	0.2419  0.6908  0.5517  0.4754  0.5405  0.472   0.5027  -0.18   0.1918  0.3956  0.7477  0.9607  1.548   
93      1.0133  0       0       0       50.212  -0.625  100     7.e-4	0.02 	0.2418  0.691   0.5517  0.4754  0.5405  0.472   0.5027  -0.18   0.1918  0.3956  0.7477  0.9607  1.548   
93      1.0144  0       0       0       50.128  -0.704  100     2.e-4	0.02 	0.2418  0.6908  0.5518  0.4754  0.5405  0.472   0.5027  -0.18   0.1918  0.3956  0.7477  0.9607  1.548   
93      1.0145  0       0       0       50.168  -0.7    100     1.e-4	0.02 	0.2418  0.6908  0.5517  0.4755  0.5405  0.472   0.5027  -0.18   0.1918  0.3956  0.7477  0.9607  1.548   
93      1.0148  0       0       0       50.163  -0.717  100     -6e-5	0.02 	0.2418  0.6908  0.5517  0.4754  0.5407  0.472   0.5027  -0.18   0.1918  0.3956  0.7477  0.9607  1.548   
93      1.0146  0       0       0       50.166  -0.705  100     5.e-5	0.02 	0.2418  0.6908  0.5517  0.4754  0.5405  0.4721  0.5027  -0.18   0.1918  0.3956  0.7477  0.9607  1.548   
93      1.0147  0       0       0       50.167  -0.711  100     -1e-5	0.02 	0.2418  0.6908  0.5517  0.4754  0.5405  0.472   0.5028  -0.18   0.1918  0.3956  0.7477  0.9607  1.548   
93      1.0147  0       0       0       50.171  -0.709  100     1.e-6	0.02 	0.2418  0.6908  0.5517  0.4754  0.5405  0.472   0.5027  -0.18   0.1918  0.3956  0.7477  0.9607  1.548   
93      1.0145  0       0       0       50.17   -0.702  100     7.e-5	0.02 	0.2418  0.6908  0.5517  0.4754  0.5405  0.472   0.5027  -0.18   0.1918  0.3956  0.7477  0.9607  1.548   
93      1.0147  0       0       0       50.175  -0.71   100     -3e-5	0.02 	0.2418  0.6908  0.5517  0.4754  0.5405  0.472   0.5027  -0.18   0.1918  0.3957  0.7477  0.9607  1.548   
93      1.0145  0       0       0       50.158  -0.705  100     8.e-5	0.02 	0.2418  0.6908  0.5517  0.4754  0.5405  0.472   0.5027  -0.18   0.1918  0.3956  0.7478  0.9607  1.548   
93      1.0146  0       0       0       50.174  -0.704  100     4.e-5	0.02 	0.2418  0.6908  0.5517  0.4754  0.5405  0.472   0.5027  -0.18   0.1918  0.3956  0.7477  0.9609  1.548   
93      1.0145  0       0       0       50.164  -0.701  100     1.e-4	0.02 	0.2418  0.6908  0.5517  0.4754  0.5405  0.472   0.5027  -0.18   0.1918  0.3956  0.7477  0.9607  1.5483  
93-1                                                                          -0.011  6.3542  1.634   0.8964  -0.557  0.4899  -0.094  0.0116  0.6477  -0.264  0.7261  0.3795  0.9344  

93-2    1.0075  0       0       0       50.349  -0.133  100     4.e-3	0.02 	0.2418  0.6917  0.5519  0.4755  0.5405  0.472   0.5027  -0.18   0.1918  0.3956  0.7478  0.9608  1.5483  
93-3    1.0139  0       0       0       50.53   0.4456  100     -4e-3	0.02 	0.2418  0.6926  0.5521  0.4756  0.5404  0.4721  0.5027  -0.18   0.1918  0.3956  0.7479  0.9608  1.5486  
94      1.0139  0       0       0       50.529  0.4454  100     4.e-6	0.02 	0.2419  0.6926  0.5521  0.4756  0.5404  0.4721  0.5027  -0.18   0.1918  0.3956  0.7479  0.9608  1.5486  
94      1.0156  0       0       0       50.571  0.53    100     -1e-3	0.02 	0.2418  0.6927  0.5521  0.4756  0.5404  0.4721  0.5027  -0.18   0.1918  0.3956  0.7479  0.9608  1.5486  
94      1.0133  0       0       0       50.487  0.4511  100     3.e-4	0.02 	0.2418  0.6926  0.5522  0.4756  0.5404  0.4721  0.5027  -0.18   0.1918  0.3956  0.7479  0.9608  1.5486  
94      1.0139  0       0       0       50.527  0.4545  100     -4e-5	0.02 	0.2418  0.6926  0.5521  0.4757  0.5404  0.4721  0.5027  -0.18   0.1918  0.3956  0.7479  0.9608  1.5486  
94      1.0136  0       0       0       50.522  0.4373  100     1.e-4	0.02 	0.2418  0.6926  0.5521  0.4756  0.5405  0.4721  0.5027  -0.18   0.1918  0.3956  0.7479  0.9608  1.5486  
94      1.0138  0       0       0       50.525  0.4494  100     1.e-5	0.02 	0.2418  0.6926  0.5521  0.4756  0.5404  0.4722  0.5027  -0.18   0.1918  0.3956  0.7479  0.9608  1.5486  
94      1.0138  0       0       0       50.526  0.4434  100     5.e-5	0.02 	0.2418  0.6926  0.5521  0.4756  0.5404  0.4721  0.5028  -0.18   0.1918  0.3956  0.7479  0.9608  1.5486  
94      1.0139  0       0       0       50.53   0.4457  100     -8e-7	0.02 	0.2418  0.6926  0.5521  0.4756  0.5404  0.4721  0.5027  -0.18   0.1918  0.3956  0.7479  0.9608  1.5486  
94      1.014   0       0       0       50.529  0.4528  100     -5e-5	0.02 	0.2418  0.6926  0.5521  0.4756  0.5404  0.4721  0.5027  -0.18   0.1918  0.3956  0.7479  0.9608  1.5486  
94      1.0139  0       0       0       50.534  0.4442  100     -3e-5	0.02 	0.2418  0.6926  0.5521  0.4756  0.5404  0.4721  0.5027  -0.18   0.1918  0.3957  0.7479  0.9608  1.5486  
94      1.0137  0       0       0       50.517  0.4497  100     8.e-5	0.02 	0.2418  0.6926  0.5521  0.4756  0.5404  0.4721  0.5027  -0.18   0.1918  0.3956  0.7481  0.9608  1.5486  
94      1.014   0       0       0       50.534  0.4509  100     -7e-5	0.02 	0.2418  0.6926  0.5521  0.4756  0.5404  0.4721  0.5027  -0.18   0.1918  0.3956  0.7479  0.961   1.5486  
94      1.0139  0       0       0       50.523  0.4537  100     -3e-7	0.02 	0.2418  0.6926  0.5521  0.4756  0.5404  0.4721  0.5027  -0.18   0.1918  0.3956  0.7479  0.9608  1.5489  
94-1                                                                          0.0288  -7.179  2.4023  -0.284  0.9104  0.1096  0.3748  -6.e-3  -0.351  -0.233  0.5939  -0.525  -2.e-3  

94-2    1.0039  0       0       0       50.11   -0.162  100     6.e-3	0.02 	0.2418  0.6916  0.5523  0.4756  0.5405  0.4721  0.5027  -0.18   0.1918  0.3956  0.748   0.9607  1.5486  
94-3    1.0167  0       0       0       49.692  -0.768  100     -7e-3	0.02 	0.2418  0.6906  0.5526  0.4755  0.5406  0.4721  0.5028  -0.18   0.1918  0.3956  0.7481  0.9606  1.5486  
95      1.0168  0       0       0       49.692  -0.769  100     -3e-6	0.02 	0.2419  0.6906  0.5526  0.4755  0.5406  0.4721  0.5028  -0.18   0.1918  0.3956  0.7481  0.9606  1.5486  
95      1.0148  0       0       0       49.733  -0.684  100     1.e-3	0.02 	0.2418  0.6907  0.5526  0.4755  0.5406  0.4721  0.5028  -0.18   0.1918  0.3956  0.7481  0.9606  1.5486  
95      1.017   0       0       0       49.65   -0.763  100     -2e-4	0.02 	0.2418  0.6906  0.5527  0.4755  0.5406  0.4721  0.5028  -0.18   0.1918  0.3956  0.7481  0.9606  1.5486  
95      1.0166  0       0       0       49.689  -0.76   100     7.e-5	0.02 	0.2418  0.6906  0.5526  0.4756  0.5406  0.4721  0.5028  -0.18   0.1918  0.3956  0.7481  0.9606  1.5486  
95      1.017   0       0       0       49.685  -0.777  100     -1e-4	0.02 	0.2418  0.6906  0.5526  0.4755  0.5407  0.4721  0.5028  -0.18   0.1918  0.3956  0.7481  0.9606  1.5486  
95      1.0167  0       0       0       49.687  -0.765  100     1.e-5	0.02 	0.2418  0.6906  0.5526  0.4755  0.5406  0.4722  0.5028  -0.18   0.1918  0.3956  0.7481  0.9606  1.5486  
95      1.0168  0       0       0       49.688  -0.771  100     -4e-5	0.02 	0.2418  0.6906  0.5526  0.4755  0.5406  0.4721  0.5029  -0.18   0.1918  0.3956  0.7481  0.9606  1.5486  
95      1.0167  0       0       0       49.692  -0.768  100     1.e-6	0.02 	0.2418  0.6906  0.5526  0.4755  0.5406  0.4721  0.5028  -0.18   0.1918  0.3956  0.7481  0.9606  1.5486  
95      1.0166  0       0       0       49.692  -0.761  100     7.e-5	0.02 	0.2418  0.6906  0.5526  0.4755  0.5406  0.4721  0.5028  -0.18   0.1918  0.3956  0.7481  0.9606  1.5486  
95      1.0167  0       0       0       49.697  -0.77   100     9.e-6	0.02 	0.2418  0.6906  0.5526  0.4755  0.5406  0.4721  0.5028  -0.18   0.1918  0.3956  0.7481  0.9606  1.5486  
95      1.0168  0       0       0       49.68   -0.764  100     -2e-5	0.02 	0.2418  0.6906  0.5526  0.4755  0.5406  0.4721  0.5028  -0.18   0.1918  0.3956  0.7482  0.9606  1.5486  
95      1.0166  0       0       0       49.696  -0.763  100     7.e-5	0.02 	0.2418  0.6906  0.5526  0.4755  0.5406  0.4721  0.5028  -0.18   0.1918  0.3956  0.7481  0.9608  1.5486  
95      1.0166  0       0       0       49.686  -0.76   100     5.e-5	0.02 	0.2418  0.6906  0.5526  0.4755  0.5406  0.4721  0.5028  -0.18   0.1918  0.3956  0.7481  0.9606  1.5489  
95-1                                                                          -0.025  8.1189  -1.244  0.576   -0.916  0.1093  -0.317  8.9e-3  0.5374  0.0672  -0.162  0.5479  0.3717  

95-2    1.0022  0       0       0       50.088  -0.067  100     8.e-3	0.02 	0.2418  0.6917  0.5525  0.4756  0.5405  0.4721  0.5027  -0.18   0.1918  0.3956  0.7481  0.9607  1.5487  
95-3    1.0161  0       0       0       50.487  0.6357  100     -8e-3	0.02 	0.2418  0.6928  0.5523  0.4757  0.5404  0.4721  0.5027  -0.18   0.1918  0.3956  0.748   0.9608  1.5488  
96      1.0161  0       0       0       50.487  0.6355  100     4.e-6	0.02 	0.2419  0.6928  0.5523  0.4757  0.5404  0.4721  0.5027  -0.18   0.1918  0.3956  0.748   0.9608  1.5488  
96      1.0179  0       0       0       50.529  0.7202  100     -1e-3	0.02 	0.2418  0.693   0.5523  0.4757  0.5404  0.4721  0.5027  -0.18   0.1918  0.3956  0.748   0.9608  1.5488  
96      1.0157  0       0       0       50.444  0.6414  100     2.e-4	0.02 	0.2418  0.6928  0.5524  0.4757  0.5404  0.4721  0.5027  -0.18   0.1918  0.3956  0.748   0.9608  1.5488  
96      1.0162  0       0       0       50.484  0.6446  100     -6e-5	0.02 	0.2418  0.6928  0.5523  0.4758  0.5404  0.4721  0.5027  -0.18   0.1918  0.3956  0.748   0.9608  1.5488  
96      1.0158  0       0       0       50.48   0.6275  100     1.e-4	0.02 	0.2418  0.6928  0.5523  0.4757  0.5405  0.4721  0.5027  -0.18   0.1918  0.3956  0.748   0.9608  1.5488  
96      1.0161  0       0       0       50.482  0.6396  100     9.e-7	0.02 	0.2418  0.6928  0.5523  0.4757  0.5404  0.4722  0.5027  -0.18   0.1918  0.3956  0.748   0.9608  1.5488  
96      1.016   0       0       0       50.483  0.6335  100     5.e-5	0.02 	0.2418  0.6928  0.5523  0.4757  0.5404  0.4721  0.5028  -0.18   0.1918  0.3956  0.748   0.9608  1.5488  
96      1.0161  0       0       0       50.487  0.6358  100     -1e-6	0.02 	0.2418  0.6928  0.5523  0.4757  0.5404  0.4721  0.5027  -0.18   0.1918  0.3956  0.748   0.9608  1.5488  
96      1.0162  0       0       0       50.487  0.6427  100     -6e-5	0.02 	0.2418  0.6928  0.5523  0.4757  0.5404  0.4721  0.5027  -0.18   0.1919  0.3956  0.748   0.9608  1.5488  
96      1.0161  0       0       0       50.492  0.6343  100     -2e-5	0.02 	0.2418  0.6928  0.5523  0.4757  0.5404  0.4721  0.5027  -0.18   0.1918  0.3956  0.748   0.9608  1.5488  
96      1.016   0       0       0       50.474  0.6398  100     5.e-5	0.02 	0.2418  0.6928  0.5523  0.4757  0.5404  0.4721  0.5027  -0.18   0.1918  0.3956  0.7482  0.9608  1.5488  
96      1.0162  0       0       0       50.491  0.641   100     -7e-5	0.02 	0.2418  0.6928  0.5523  0.4757  0.5404  0.4721  0.5027  -0.18   0.1918  0.3956  0.748   0.961   1.5488  
96      1.0161  0       0       0       50.48   0.6439  100     -2e-5	0.02 	0.2418  0.6928  0.5523  0.4757  0.5404  0.4721  0.5027  -0.18   0.1918  0.3956  0.748   0.9608  1.5491  
96-1                                                                          0.0276  -7.695  1.8478  -0.42   0.9328  6.9e-3  0.3487  -8.e-3  -0.433  -0.163  0.3991  -0.54   -0.178  

96-2    1.0015  0       0       0       50.074  -0.024  100     8.e-3	0.02 	0.2418  0.6918  0.5525  0.4756  0.5405  0.4721  0.5027  -0.18   0.1918  0.3956  0.7481  0.9607  1.5487  
96-3    1.0154  0       0       0       49.663  -0.682  100     -8e-3	0.02 	0.2418  0.6907  0.5527  0.4756  0.5406  0.4721  0.5028  -0.18   0.1918  0.3955  0.7482  0.9606  1.5487  
97      1.0154  0       0       0       49.663  -0.682  100     -3e-6	0.02 	0.2419  0.6907  0.5527  0.4756  0.5406  0.4721  0.5028  -0.18   0.1918  0.3955  0.7482  0.9606  1.5487  
97      1.0135  0       0       0       49.704  -0.597  100     1.e-3	0.02 	0.2418  0.6909  0.5527  0.4756  0.5406  0.4721  0.5028  -0.18   0.1918  0.3955  0.7482  0.9606  1.5487  
97      1.0157  0       0       0       49.62   -0.676  100     -2e-4	0.02 	0.2418  0.6907  0.5528  0.4756  0.5406  0.4721  0.5028  -0.18   0.1918  0.3955  0.7482  0.9606  1.5487  
97      1.0152  0       0       0       49.66   -0.673  100     7.e-5	0.02 	0.2418  0.6907  0.5527  0.4757  0.5406  0.4721  0.5028  -0.18   0.1918  0.3955  0.7482  0.9606  1.5487  
97      1.0156  0       0       0       49.656  -0.69   100     -1e-4	0.02 	0.2418  0.6907  0.5527  0.4756  0.5407  0.4721  0.5028  -0.18   0.1918  0.3955  0.7482  0.9606  1.5487  
97      1.0154  0       0       0       49.659  -0.678  100     1.e-5	0.02 	0.2418  0.6907  0.5527  0.4756  0.5406  0.4722  0.5028  -0.18   0.1918  0.3955  0.7482  0.9606  1.5487  
97      1.0155  0       0       0       49.659  -0.684  100     -4e-5	0.02 	0.2418  0.6907  0.5527  0.4756  0.5406  0.4721  0.5029  -0.18   0.1918  0.3955  0.7482  0.9606  1.5487  
97      1.0154  0       0       0       49.663  -0.682  100     2.e-6	0.02 	0.2418  0.6907  0.5527  0.4756  0.5406  0.4721  0.5028  -0.18   0.1918  0.3955  0.7482  0.9606  1.5487  
97      1.0152  0       0       0       49.663  -0.675  100     7.e-5	0.02 	0.2418  0.6907  0.5527  0.4756  0.5406  0.4721  0.5028  -0.18   0.1918  0.3955  0.7482  0.9606  1.5487  
97      1.0154  0       0       0       49.668  -0.683  100     1.e-5	0.02 	0.2418  0.6907  0.5527  0.4756  0.5406  0.4721  0.5028  -0.18   0.1918  0.3956  0.7482  0.9606  1.5487  
97      1.0154  0       0       0       49.651  -0.678  100     -3e-5	0.02 	0.2418  0.6907  0.5527  0.4756  0.5406  0.4721  0.5028  -0.18   0.1918  0.3955  0.7483  0.9606  1.5487  
97      1.0152  0       0       0       49.667  -0.677  100     7.e-5	0.02 	0.2418  0.6907  0.5527  0.4756  0.5406  0.4721  0.5028  -0.18   0.1918  0.3955  0.7482  0.9608  1.5487  
97      1.0153  0       0       0       49.657  -0.674  100     4.e-5	0.02 	0.2418  0.6907  0.5527  0.4756  0.5406  0.4721  0.5028  -0.18   0.1918  0.3955  0.7482  0.9606  1.549   
97-1                                                                          -0.022  7.957   -1.48   0.5234  -0.914  0.0762  -0.32   0.0127  0.5109  0.0938  -0.235  0.5428  0.3123  

97-2    1.0013  0       0       0       50.064  2.9e-3  100     8.e-3	0.02 	0.2418  0.6918  0.5526  0.4756  0.5405  0.4721  0.5027  -0.18   0.1918  0.3955  0.7481  0.9607  1.5488  
97-3    1.0167  0       0       0       50.468  0.6888  100     -8e-3	0.02 	0.2418  0.6929  0.5524  0.4757  0.5404  0.4722  0.5027  -0.18   0.1918  0.3956  0.7481  0.9608  1.5489  
98      1.0167  0       0       0       50.467  0.6887  100     4.e-6	0.02 	0.2419  0.6929  0.5524  0.4757  0.5404  0.4722  0.5027  -0.18   0.1918  0.3956  0.7481  0.9608  1.5489  
98      1.0186  0       0       0       50.51   0.7742  100     -1e-3	0.02 	0.2418  0.6931  0.5524  0.4757  0.5404  0.4722  0.5027  -0.18   0.1918  0.3956  0.7481  0.9608  1.5489  
98      1.0163  0       0       0       50.425  0.6946  100     2.e-4	0.02 	0.2418  0.6929  0.5525  0.4757  0.5404  0.4722  0.5027  -0.18   0.1918  0.3956  0.7481  0.9608  1.5489  
98      1.0168  0       0       0       50.465  0.6977  100     -6e-5	0.02 	0.2418  0.6929  0.5524  0.4758  0.5404  0.4722  0.5027  -0.18   0.1918  0.3956  0.7481  0.9608  1.5489  
98      1.0165  0       0       0       50.46   0.6806  100     1.e-4	0.02 	0.2418  0.6929  0.5524  0.4757  0.5405  0.4722  0.5027  -0.18   0.1918  0.3956  0.7481  0.9608  1.5489  
98      1.0167  0       0       0       50.463  0.6927  100     -3e-6	0.02 	0.2418  0.6929  0.5524  0.4757  0.5404  0.4722  0.5027  -0.18   0.1918  0.3956  0.7481  0.9608  1.5489  
98      1.0166  0       0       0       50.464  0.6867  100     5.e-5	0.02 	0.2418  0.6929  0.5524  0.4757  0.5404  0.4722  0.5028  -0.18   0.1918  0.3956  0.7481  0.9608  1.5489  
98      1.0167  0       0       0       50.468  0.689   100     -1e-6	0.02 	0.2418  0.6929  0.5524  0.4757  0.5404  0.4722  0.5027  -0.18   0.1918  0.3956  0.7481  0.9608  1.5489  
98      1.0168  0       0       0       50.467  0.6959  100     -6e-5	0.02 	0.2418  0.6929  0.5524  0.4757  0.5404  0.4722  0.5027  -0.18   0.1919  0.3956  0.7481  0.9608  1.5489  
98      1.0167  0       0       0       50.472  0.6875  100     -2e-5	0.02 	0.2418  0.6929  0.5524  0.4757  0.5404  0.4722  0.5027  -0.18   0.1918  0.3956  0.7481  0.9608  1.5489  
98      1.0166  0       0       0       50.455  0.693   100     5.e-5	0.02 	0.2418  0.6929  0.5524  0.4757  0.5404  0.4722  0.5027  -0.18   0.1918  0.3956  0.7482  0.9608  1.5489  
98      1.0168  0       0       0       50.471  0.6941  100     -7e-5	0.02 	0.2418  0.6929  0.5524  0.4757  0.5404  0.4722  0.5027  -0.18   0.1918  0.3956  0.7481  0.961   1.5489  
98      1.0168  0       0       0       50.461  0.697   100     -3e-5	0.02 	0.2418  0.6929  0.5524  0.4757  0.5404  0.4722  0.5027  -0.18   0.1918  0.3956  0.7481  0.9608  1.5492  
98-1                                                                          0.0273  -7.837  1.6746  -0.454  0.9263  -0.019  0.3456  -8.e-3  -0.453  -0.142  0.3438  -0.546  -0.224  

98-2    1.0128  0       0       0       50.365  0.5209  100     2.e-3	5.e-3	0.2418  0.6926  0.5524  0.4757  0.5405  0.4722  0.5027  -0.18   0.1918  0.3955  0.7481  0.9608  1.5489  

Run     SWR     Gain    F/B     F/R     R-a     X-a     Eff.    %Res.   %Stp  Lr      Ld      L1      L2      L3      L4      L5      xr      x1      x2      x3      x4      x5      

99-0    1.0128  7.97    16.88   6.38    50.365  0.5209  99.99   0    	0    	0.2418  0.6926  0.5524  0.4757  0.5405  0.4722  0.5027  -0.18   0.1918  0.3955  0.7481  0.9608  1.5489  
99      1.0127  7.97    16.88   6.38    50.364  0.52    99.99   2.e-6	0.1  	0.2421  0.6926  0.5524  0.4757  0.5405  0.4722  0.5027  -0.18   0.1918  0.3955  0.7481  0.9608  1.5489  
99      1.0222  7.97    16.88   6.38    50.574  0.9444  99.99   -4e-4	0.1  	0.2418  0.6933  0.5524  0.4757  0.5405  0.4722  0.5027  -0.18   0.1918  0.3955  0.7481  0.9608  1.5489  
99      1.0115  7.99    17.02   6.42    50.151  0.5504  99.99   0.019	0.1  	0.2418  0.6926  0.553   0.4757  0.5405  0.4722  0.5027  -0.18   0.1918  0.3955  0.7481  0.9608  1.5489  
99      1.0134  7.98    16.9    6.4     50.351  0.5656  99.99   9.e-3	0.1  	0.2418  0.6926  0.5524  0.4761  0.5405  0.4722  0.5027  -0.18   0.1918  0.3955  0.7481  0.9608  1.5489  
99      1.0116  7.98    16.94   6.38    50.328  0.4796  99.99   9.e-3	0.1  	0.2418  0.6926  0.5524  0.4757  0.541   0.4722  0.5027  -0.18   0.1918  0.3955  0.7481  0.9608  1.5489  
99      1.0128  7.98    16.91   6.39    50.341  0.5401  99.99   9.e-3	0.1  	0.2418  0.6926  0.5524  0.4757  0.5405  0.4726  0.5027  -0.18   0.1918  0.3955  0.7481  0.9608  1.5489  
99      1.0124  7.98    16.92   6.39    50.345  0.51    99.99   9.e-3	0.1  	0.2418  0.6926  0.5524  0.4757  0.5405  0.4722  0.5032  -0.18   0.1918  0.3955  0.7481  0.9608  1.5489  
99      1.0128  7.97    16.88   6.38    50.365  0.5216  99.99   -6e-7	0.1  	0.2418  0.6926  0.5524  0.4757  0.5405  0.4722  0.5027  -0.18   0.1918  0.3955  0.7481  0.9608  1.5489  
99      1.0133  7.98    16.89   6.4     50.363  0.5564  99.99   9.e-3	0.1  	0.2418  0.6926  0.5524  0.4757  0.5405  0.4722  0.5027  -0.18   0.192   0.3955  0.7481  0.9608  1.5489  
99      1.0129  7.97    16.86   6.38    50.389  0.5139  99.99   -2e-5	0.1  	0.2418  0.6926  0.5524  0.4757  0.5405  0.4722  0.5027  -0.18   0.1918  0.3959  0.7481  0.9608  1.5489  
99      1.0124  7.98    16.95   6.4     50.302  0.5418  99.99   9.e-3	0.1  	0.2418  0.6926  0.5524  0.4757  0.5405  0.4722  0.5027  -0.18   0.1918  0.3955  0.7489  0.9608  1.5489  
99      1.0134  7.98    16.86   6.4     50.384  0.5473  99.99   9.e-3	0.1  	0.2418  0.6926  0.5524  0.4757  0.5405  0.4722  0.5027  -0.18   0.1918  0.3955  0.7481  0.9618  1.5489  
99      1.0131  7.97    16.92   6.37    50.333  0.5617  99.99   1.e-5	0.1  	0.2418  0.6926  0.5524  0.4757  0.5405  0.4722  0.5027  -0.18   0.1918  0.3955  0.7481  0.9608  1.5504  
99-1                                                                          2.7e-4  -0.064  2.894   1.4305  1.4406  1.4339  1.4356  -8.e-5  1.4293  -3.e-3  1.4397  1.4268  1.9e-3  

99-2    3.1769  -3.13   -9.69   -9.69   60.636  66.402  100     -10.4	10   	0.2418  0.6882  0.7123  0.5437  0.6183  0.5399  0.5749  -0.18   0.2192  0.3954  0.8558  1.0979  1.5492  
100     1.0127  7.97    16.88   6.38    50.364  0.52    99.99   2.e-6	0.1  	0.2421  0.6926  0.5524  0.4757  0.5405  0.4722  0.5027  -0.18   0.1918  0.3955  0.7481  0.9608  1.5489  
100     1.0222  7.97    16.88   6.38    50.574  0.9444  99.99   -4e-4	0.1  	0.2418  0.6933  0.5524  0.4757  0.5405  0.4722  0.5027  -0.18   0.1918  0.3955  0.7481  0.9608  1.5489  
100     1.0115  7.99    17.02   6.42    50.151  0.5504  99.99   0.019	0.1  	0.2418  0.6926  0.553   0.4757  0.5405  0.4722  0.5027  -0.18   0.1918  0.3955  0.7481  0.9608  1.5489  
100     1.0134  7.98    16.9    6.4     50.351  0.5656  99.99   9.e-3	0.1  	0.2418  0.6926  0.5524  0.4761  0.5405  0.4722  0.5027  -0.18   0.1918  0.3955  0.7481  0.9608  1.5489  
100     1.0116  7.98    16.94   6.38    50.328  0.4796  99.99   9.e-3	0.1  	0.2418  0.6926  0.5524  0.4757  0.541   0.4722  0.5027  -0.18   0.1918  0.3955  0.7481  0.9608  1.5489  
100     1.0128  7.98    16.91   6.39    50.341  0.5401  99.99   9.e-3	0.1  	0.2418  0.6926  0.5524  0.4757  0.5405  0.4726  0.5027  -0.18   0.1918  0.3955  0.7481  0.9608  1.5489  
100     1.0124  7.98    16.92   6.39    50.345  0.51    99.99   9.e-3	0.1  	0.2418  0.6926  0.5524  0.4757  0.5405  0.4722  0.5032  -0.18   0.1918  0.3955  0.7481  0.9608  1.5489  
100     1.0128  7.97    16.88   6.38    50.365  0.5216  99.99   -6e-7	0.1  	0.2418  0.6926  0.5524  0.4757  0.5405  0.4722  0.5027  -0.18   0.1918  0.3955  0.7481  0.9608  1.5489  
100     1.0133  7.98    16.89   6.4     50.363  0.5564  99.99   9.e-3	0.1  	0.2418  0.6926  0.5524  0.4757  0.5405  0.4722  0.5027  -0.18   0.192   0.3955  0.7481  0.9608  1.5489  
100     1.0129  7.97    16.86   6.38    50.389  0.5139  99.99   -2e-5	0.1  	0.2418  0.6926  0.5524  0.4757  0.5405  0.4722  0.5027  -0.18   0.1918  0.3959  0.7481  0.9608  1.5489  
100     1.0124  7.98    16.95   6.4     50.302  0.5418  99.99   9.e-3	0.1  	0.2418  0.6926  0.5524  0.4757  0.5405  0.4722  0.5027  -0.18   0.1918  0.3955  0.7489  0.9608  1.5489  
100     1.0134  7.98    16.86   6.4     50.384  0.5473  99.99   9.e-3	0.1  	0.2418  0.6926  0.5524  0.4757  0.5405  0.4722  0.5027  -0.18   0.1918  0.3955  0.7481  0.9618  1.5489  
100     1.0131  7.97    16.92   6.37    50.333  0.5617  99.99   1.e-5	0.1  	0.2418  0.6926  0.5524  0.4757  0.5405  0.4722  0.5027  -0.18   0.1918  0.3955  0.7481  0.9608  1.5504  
100-1                                                                         2.7e-4  -0.064  2.894   1.4305  1.4406  1.4339  1.4356  -8.e-5  1.4293  -3.e-3  1.4397  1.4268  1.9e-3  

100-2   1.599   9.35    13.97   8.86    33.388  9.9345  99.99   1.269	2    	0.2418  0.6918  0.5844  0.4893  0.556   0.4857  0.5171  -0.18   0.1973  0.3955  0.7696  0.9882  1.5489  
100-3   3.1903  9.36    3.62    3.62    23.319  32.271  99.98   -0.01	2    	0.2418  0.6909  0.6182  0.5033  0.572   0.4996  0.532   -0.18   0.2029  0.3955  0.7918  1.0164  1.549   
101     3.1901  9.36    3.62    3.62    23.32   32.27   99.98   2.e-6	0.1  	0.2421  0.6909  0.6182  0.5033  0.572   0.4996  0.532   -0.18   0.2029  0.3955  0.7918  1.0164  1.549   
101     3.2126  9.36    3.62    3.62    23.418  32.828  99.98   -2e-4	0.1  	0.2418  0.6916  0.6182  0.5033  0.572   0.4996  0.532   -0.18   0.2029  0.3955  0.7918  1.0164  1.549   
101     3.2199  9.33    3.51    3.51    23.266  32.644  99.98   -0.03	0.1  	0.2418  0.6909  0.6189  0.5033  0.572   0.4996  0.532   -0.18   0.2029  0.3955  0.7918  1.0164  1.549   
101     3.189   9.36    3.62    3.62    23.35   32.311  99.98   1.e-5	0.1  	0.2418  0.6909  0.6182  0.5038  0.572   0.4996  0.532   -0.18   0.2029  0.3955  0.7918  1.0164  1.549   
101     3.1968  9.36    3.6     3.6     23.285  32.308  99.98   -5e-5	0.1  	0.2418  0.6909  0.6182  0.5033  0.5726  0.4996  0.532   -0.18   0.2029  0.3955  0.7918  1.0164  1.549   
101     3.1896  9.36    3.62    3.62    23.336  32.292  99.98   6.e-6	0.1  	0.2418  0.6909  0.6182  0.5033  0.572   0.5001  0.532   -0.18   0.2029  0.3955  0.7918  1.0164  1.549   
101     3.1933  9.36    3.61    3.61    23.304  32.289  99.98   -2e-5	0.1  	0.2418  0.6909  0.6182  0.5033  0.572   0.4996  0.5325  -0.18   0.2029  0.3955  0.7918  1.0164  1.549   
101     3.1903  9.36    3.62    3.62    23.319  32.271  99.98   -2e-7	0.1  	0.2418  0.6909  0.6182  0.5033  0.572   0.4996  0.532   -0.18   0.2029  0.3955  0.7918  1.0164  1.549   
101     3.1913  9.36    3.61    3.61    23.347  32.343  99.98   -8e-6	0.1  	0.2418  0.6909  0.6182  0.5033  0.572   0.4996  0.532   -0.18   0.2031  0.3955  0.7918  1.0164  1.549   
101     3.1889  9.36    3.62    3.62    23.324  32.258  99.98   1.e-5	0.1  	0.2418  0.6909  0.6182  0.5033  0.572   0.4996  0.532   -0.18   0.2029  0.3959  0.7918  1.0164  1.549   
101     3.1925  9.35    3.6     3.6     23.329  32.327  99.98   -9e-3	0.1  	0.2418  0.6909  0.6182  0.5033  0.572   0.4996  0.532   -0.18   0.2029  0.3955  0.7926  1.0164  1.549   
101     3.1872  9.37    3.64    3.64    23.337  32.255  99.98   9.e-3	0.1  	0.2418  0.6909  0.6182  0.5033  0.572   0.4996  0.532   -0.18   0.2029  0.3955  0.7918  1.0174  1.549   
101     3.1896  9.36    3.61    3.61    23.344  32.31   99.98   6.e-6	0.1  	0.2418  0.6909  0.6182  0.5033  0.572   0.4996  0.532   -0.18   0.2029  0.3955  0.7918  1.0164  1.5505  
101-1                                                                         4.3e-4  -0.05   -7.769  3.e-3   -0.015  1.7e-3  -7.e-3  -6.e-5  -2.e-3  3.2e-3  -2.572  2.5746  1.8e-3  

101-2   1.1296  8.19    15.51   5.76    55.641  3.0908  99.99   -1.04	2    	0.2418  0.6902  0.5222  0.5033  0.5719  0.4996  0.5319  -0.18   0.2029  0.3955  0.7511  1.0688  1.549   
102     3.1901  9.36    3.62    3.62    23.32   32.27   99.98   2.e-6	0.1  	0.2421  0.6909  0.6182  0.5033  0.572   0.4996  0.532   -0.18   0.2029  0.3955  0.7918  1.0164  1.549   
102     3.2126  9.36    3.62    3.62    23.418  32.828  99.98   -2e-4	0.1  	0.2418  0.6916  0.6182  0.5033  0.572   0.4996  0.532   -0.18   0.2029  0.3955  0.7918  1.0164  1.549   
102     3.2199  9.33    3.51    3.51    23.266  32.644  99.98   -0.03	0.1  	0.2418  0.6909  0.6189  0.5033  0.572   0.4996  0.532   -0.18   0.2029  0.3955  0.7918  1.0164  1.549   
102     3.189   9.36    3.62    3.62    23.35   32.311  99.98   1.e-5	0.1  	0.2418  0.6909  0.6182  0.5038  0.572   0.4996  0.532   -0.18   0.2029  0.3955  0.7918  1.0164  1.549   
102     3.1968  9.36    3.6     3.6     23.285  32.308  99.98   -5e-5	0.1  	0.2418  0.6909  0.6182  0.5033  0.5726  0.4996  0.532   -0.18   0.2029  0.3955  0.7918  1.0164  1.549   
102     3.1896  9.36    3.62    3.62    23.336  32.292  99.98   6.e-6	0.1  	0.2418  0.6909  0.6182  0.5033  0.572   0.5001  0.532   -0.18   0.2029  0.3955  0.7918  1.0164  1.549   
102     3.1933  9.36    3.61    3.61    23.304  32.289  99.98   -2e-5	0.1  	0.2418  0.6909  0.6182  0.5033  0.572   0.4996  0.5325  -0.18   0.2029  0.3955  0.7918  1.0164  1.549   
102     3.1903  9.36    3.62    3.62    23.319  32.271  99.98   -2e-7	0.1  	0.2418  0.6909  0.6182  0.5033  0.572   0.4996  0.532   -0.18   0.2029  0.3955  0.7918  1.0164  1.549   
102     3.1913  9.36    3.61    3.61    23.347  32.343  99.98   -8e-6	0.1  	0.2418  0.6909  0.6182  0.5033  0.572   0.4996  0.532   -0.18   0.2031  0.3955  0.7918  1.0164  1.549   
102     3.1889  9.36    3.62    3.62    23.324  32.258  99.98   1.e-5	0.1  	0.2418  0.6909  0.6182  0.5033  0.572   0.4996  0.532   -0.18   0.2029  0.3959  0.7918  1.0164  1.549   
102     3.1925  9.35    3.6     3.6     23.329  32.327  99.98   -9e-3	0.1  	0.2418  0.6909  0.6182  0.5033  0.572   0.4996  0.532   -0.18   0.2029  0.3955  0.7926  1.0164  1.549   
102     3.1872  9.37    3.64    3.64    23.337  32.255  99.98   9.e-3	0.1  	0.2418  0.6909  0.6182  0.5033  0.572   0.4996  0.532   -0.18   0.2029  0.3955  0.7918  1.0174  1.549   
102     3.1896  9.36    3.61    3.61    23.344  32.31   99.98   6.e-6	0.1  	0.2418  0.6909  0.6182  0.5033  0.572   0.4996  0.532   -0.18   0.2029  0.3955  0.7918  1.0164  1.5505  
102-1                                                                         4.3e-4  -0.05   -7.769  3.e-3   -0.015  1.7e-3  -7.e-3  -6.e-5  -2.e-3  3.2e-3  -2.572  2.5746  1.8e-3  

102-2   2.2651  9.8     7.44    7.44    27.15   20.905  99.99   0.416	0.4  	0.2418  0.6907  0.599   0.5033  0.572   0.4996  0.532   -0.18   0.2029  0.3955  0.7837  1.0269  1.549   
102-3   1.6482  9.56    11.69   8.7     33.605  12.631  99.99   -0.21	0.4  	0.2418  0.6906  0.5804  0.5033  0.572   0.4996  0.532   -0.18   0.2029  0.3955  0.7756  1.0375  1.549   
103     1.6482  9.56    11.69   8.7     33.605  12.63   99.99   5.e-7	0.1  	0.2421  0.6906  0.5804  0.5033  0.572   0.4996  0.532   -0.18   0.2029  0.3955  0.7756  1.0375  1.549   
103     1.6537  9.56    11.7    8.7     33.749  13.111  99.99   -1e-4	0.1  	0.2418  0.6913  0.5804  0.5033  0.572   0.4996  0.532   -0.18   0.2029  0.3955  0.7756  1.0375  1.549   
103     1.6612  9.57    11.57   8.73    33.404  12.811  99.99   9.e-3	0.1  	0.2418  0.6906  0.581   0.5033  0.572   0.4996  0.532   -0.18   0.2029  0.3955  0.7756  1.0375  1.549   
103     1.6497  9.56    11.66   8.7     33.611  12.704  99.99   -3e-5	0.1  	0.2418  0.6906  0.5804  0.5038  0.572   0.4996  0.532   -0.18   0.2029  0.3955  0.7756  1.0375  1.549   
103     1.6516  9.56    11.66   8.69    33.53   12.637  99.99   -8e-5	0.1  	0.2418  0.6906  0.5804  0.5033  0.5725  0.4996  0.532   -0.18   0.2029  0.3955  0.7756  1.0375  1.549   
103     1.6487  9.56    11.67   8.7     33.615  12.669  99.99   -9e-6	0.1  	0.2418  0.6906  0.5804  0.5033  0.572   0.5001  0.532   -0.18   0.2029  0.3955  0.7756  1.0375  1.549   
103     1.6499  9.56    11.67   8.69    33.572  12.645  99.99   -4e-5	0.1  	0.2418  0.6906  0.5804  0.5033  0.572   0.4996  0.5325  -0.18   0.2029  0.3955  0.7756  1.0375  1.549   
103     1.6482  9.56    11.69   8.7     33.605  12.631  99.99   -2e-7	0.1  	0.2418  0.6906  0.5804  0.5033  0.572   0.4996  0.532   -0.18   0.2029  0.3955  0.7756  1.0375  1.549   
103     1.6493  9.56    11.67   8.7     33.609  12.682  99.99   -2e-5	0.1  	0.2418  0.6906  0.5804  0.5033  0.572   0.4996  0.532   -0.18   0.2031  0.3955  0.7756  1.0375  1.549   
103     1.647   9.56    11.7    8.7     33.625  12.616  99.99   3.e-5	0.1  	0.2418  0.6906  0.5804  0.5033  0.572   0.4996  0.532   -0.18   0.2029  0.3959  0.7756  1.0375  1.549   
103     1.6517  9.56    11.64   8.7     33.566  12.707  99.99   -8e-5	0.1  	0.2418  0.6906  0.5804  0.5033  0.572   0.4996  0.532   -0.18   0.2029  0.3955  0.7764  1.0375  1.549   
103     1.6463  9.56    11.71   8.7     33.641  12.615  99.99   4.e-5	0.1  	0.2418  0.6906  0.5804  0.5033  0.572   0.4996  0.532   -0.18   0.2029  0.3955  0.7756  1.0385  1.549   
103     1.6496  9.56    11.63   8.68    33.612  12.702  99.99   -3e-5	0.1  	0.2418  0.6906  0.5804  0.5033  0.572   0.4996  0.532   -0.18   0.2029  0.3955  0.7756  1.0375  1.5506  
103-1                                                                         6.3e-4  -0.134  12.372  -0.043  -0.108  -0.013  -0.056  -3.e-4  -0.03   0.0373  -0.108  0.061   -0.039  

103-2   2.6062  9.83    6.12    6.12    24.98   24.705  99.98   0.234	0.4  	0.2418  0.6902  0.6091  0.5032  0.5717  0.4996  0.5319  -0.18   0.2029  0.3956  0.7753  1.0377  1.5488  
103-3   3.8911  7.78    0.54    0.54    23.881  43.39   99.98   -1.89	0.4  	0.2418  0.6898  0.6393  0.5031  0.5715  0.4996  0.5317  -0.18   0.2029  0.3956  0.7749  1.038   1.5485  
104     2.6061  9.83    6.12    6.12    24.98   24.704  99.98   8.e-7	0.08 	0.242   0.6902  0.6091  0.5032  0.5717  0.4996  0.5319  -0.18   0.2029  0.3956  0.7753  1.0377  1.5488  
104     2.6178  9.83    6.13    6.13    25.066  25.126  99.98   -1e-4	0.08 	0.2418  0.6908  0.6091  0.5032  0.5717  0.4996  0.5319  -0.18   0.2029  0.3956  0.7753  1.0377  1.5488  
104     2.6285  9.83    6.04    6.04    24.877  24.977  99.98   -2e-4	0.08 	0.2418  0.6902  0.6096  0.5032  0.5717  0.4996  0.5319  -0.18   0.2029  0.3956  0.7753  1.0377  1.5488  
104     2.6059  9.83    6.12    6.12    25.002  24.743  99.98   3.e-6	0.08 	0.2418  0.6902  0.6091  0.5036  0.5717  0.4996  0.5319  -0.18   0.2029  0.3956  0.7753  1.0377  1.5488  
104     2.6112  9.83    6.1     6.1     24.937  24.727  99.98   -5e-5	0.08 	0.2418  0.6902  0.6091  0.5032  0.5722  0.4996  0.5319  -0.18   0.2029  0.3956  0.7753  1.0377  1.5488  
104     2.6057  9.83    6.12    6.12    24.995  24.725  99.98   5.e-6	0.08 	0.2418  0.6902  0.6091  0.5032  0.5717  0.5     0.5319  -0.18   0.2029  0.3956  0.7753  1.0377  1.5488  
104     2.6085  9.83    6.11    6.11    24.963  24.72   99.98   -2e-5	0.08 	0.2418  0.6902  0.6091  0.5032  0.5717  0.4996  0.5323  -0.18   0.2029  0.3956  0.7753  1.0377  1.5488  
104     2.6062  9.83    6.12    6.12    24.98   24.705  99.98   -2e-7	0.08 	0.2418  0.6902  0.6091  0.5032  0.5717  0.4996  0.5319  -0.18   0.2029  0.3956  0.7753  1.0377  1.5488  
104     2.6072  9.83    6.12    6.12    24.995  24.758  99.98   -1e-5	0.08 	0.2418  0.6902  0.6091  0.5032  0.5717  0.4996  0.5319  -0.18   0.2031  0.3956  0.7753  1.0377  1.5488  
104     2.605   9.83    6.13    6.13    24.987  24.693  99.98   1.e-5	0.08 	0.2418  0.6902  0.6091  0.5032  0.5717  0.4996  0.5319  -0.18   0.2029  0.3959  0.7753  1.0377  1.5488  
104     2.6091  9.83    6.1     6.1     24.975  24.759  99.98   -3e-5	0.08 	0.2418  0.6902  0.6091  0.5032  0.5717  0.4996  0.5319  -0.18   0.2029  0.3956  0.7759  1.0377  1.5488  
104     2.6037  9.84    6.15    6.15    24.997  24.687  99.98   9.e-3	0.08 	0.2418  0.6902  0.6091  0.5032  0.5717  0.4996  0.5319  -0.18   0.2029  0.3956  0.7753  1.0386  1.5488  
104     2.6062  9.83    6.11    6.11    25      24.745  99.98   -5e-8	0.08 	0.2418  0.6902  0.6091  0.5032  0.5717  0.4996  0.5319  -0.18   0.2029  0.3956  0.7753  1.0377  1.55    
104-1                                                                         1.1e-3  -0.167  -0.32   3.6e-3  -0.072  6.3e-3  -0.033  -2.e-4  -0.015  0.0173  -0.043  12.321  -7.e-5  

104-2   2.5667  9.86    6.33    6.33    25.211  24.31   99.98   0.028	0.08 	0.2418  0.6901  0.609   0.5032  0.5717  0.4996  0.5318  -0.18   0.2029  0.3956  0.7752  1.0479  1.5488  
104-3   2.5281  9.89    6.54    6.54    25.43   23.89   99.98   0.028	0.08 	0.2418  0.69    0.6088  0.5032  0.5717  0.4996  0.5318  -0.18   0.2029  0.3956  0.7752  1.0583  1.5488  
104-4   2.4906  9.92    6.76    6.76    25.632  23.443  99.98   0.028	0.08 	0.2418  0.6899  0.6087  0.5032  0.5716  0.4996  0.5318  -0.18   0.2029  0.3956  0.7752  1.0687  1.5488  
104-5   2.4545  9.95    7       7       25.817  22.974  99.98   0.028	0.08 	0.2418  0.6898  0.6085  0.5032  0.5716  0.4996  0.5318  -0.18   0.2029  0.3956  0.7752  1.0792  1.5488  
104-6   2.42    9.98    7.24    7.24    25.98   22.481  99.98   0.028	0.08 	0.2418  0.6898  0.6084  0.5032  0.5716  0.4996  0.5318  -0.18   0.2029  0.3956  0.7751  1.0899  1.5488  
104-7   2.3873  10.01   7.5     7.5     26.12   21.969  99.98   0.028	0.08 	0.2418  0.6897  0.6082  0.5032  0.5715  0.4996  0.5318  -0.18   0.2029  0.3956  0.7751  1.1006  1.5488  
104-8   2.3568  10.04   7.76    7.76    26.232  21.438  99.98   0.028	0.08 	0.2418  0.6896  0.608   0.5032  0.5715  0.4996  0.5318  -0.18   0.2029  0.3956  0.7751  1.1115  1.5488  
104-9   2.3287  10.07   8.03    8.03    26.315  20.894  99.98   0.028	0.08 	0.2418  0.6895  0.6079  0.5032  0.5715  0.4996  0.5317  -0.18   0.2029  0.3956  0.775   1.1224  1.5488  
104-10  2.3032  10.1    8.31    8.31    26.367  20.336  99.98   0.028	0.08 	0.2418  0.6894  0.6077  0.5032  0.5714  0.4996  0.5317  -0.18   0.2029  0.3956  0.775   1.1335  1.5488  
104-11  2.2805  10.13   8.59    8.59    26.386  19.773  99.98   0.028	0.08 	0.2418  0.6893  0.6076  0.5032  0.5714  0.4996  0.5317  -0.18   0.2029  0.3956  0.775   1.1447  1.5488  
104-12  2.261   10.15   8.87    8.87    26.37   19.207  99.98   0.019	0.08 	0.2418  0.6892  0.6074  0.5032  0.5714  0.4996  0.5317  -0.18   0.2029  0.3956  0.775   1.1559  1.5488  
104-13  2.2448  10.18   9.16    9.16    26.319  18.643  99.98   0.028	0.08 	0.2418  0.6891  0.6073  0.5032  0.5713  0.4996  0.5317  -0.18   0.2029  0.3956  0.7749  1.1673  1.5488  
104-14  2.2321  10.2    9.43    9.43    26.233  18.088  99.98   0.019	0.08 	0.2418  0.689   0.6071  0.5032  0.5713  0.4996  0.5317  -0.18   0.2029  0.3956  0.7749  1.1789  1.5488  
104-15  2.2229  10.23   9.71    9.71    26.113  17.545  99.98   0.028	0.08 	0.2418  0.6889  0.607   0.5032  0.5713  0.4996  0.5317  -0.18   0.2029  0.3956  0.7749  1.1905  1.5488  
104-16  2.2174  10.25   9.96    9.96    25.96   17.019  99.98   0.018	0.08 	0.2418  0.6888  0.6068  0.5032  0.5712  0.4996  0.5316  -0.18   0.2029  0.3957  0.7749  1.2022  1.5488  
104-17  2.2156  10.26   10.18   10.18   25.776  16.516  99.98   9.e-3	0.08 	0.2418  0.6887  0.6066  0.5032  0.5712  0.4996  0.5316  -0.18   0.2029  0.3957  0.7748  1.2141  1.5488  
104-18  2.2174  10.28   10.39   10.39   25.565  16.04   99.98   0.018	0.08 	0.2418  0.6886  0.6065  0.5032  0.5712  0.4996  0.5316  -0.18   0.2029  0.3957  0.7748  1.226   1.5488  
104-19  2.2227  10.29   10.56   10.44   25.33   15.596  99.98   9.e-3	0.08 	0.2418  0.6886  0.6063  0.5032  0.5711  0.4996  0.5316  -0.18   0.2029  0.3957  0.7748  1.2381  1.5488  
104-20  2.2313  10.3    10.7    10.36   25.075  15.187  99.98   9.e-3	0.08 	0.2418  0.6885  0.6062  0.5032  0.5711  0.4997  0.5316  -0.18   0.2029  0.3957  0.7748  1.2503  1.5488  
104-21  2.243   10.31   10.79   10.27   24.805  14.816  99.98   9.e-3	0.08 	0.2418  0.6884  0.606   0.5032  0.5711  0.4997  0.5316  -0.18   0.2029  0.3957  0.7747  1.2626  1.5488  
104-22  2.2574  10.31   10.84   10.18   24.524  14.484  99.98   -1e-4	0.08 	0.2418  0.6883  0.6059  0.5032  0.571   0.4997  0.5316  -0.18   0.2029  0.3957  0.7747  1.2751  1.5488  
105     2.2574  10.31   10.84   10.17   24.524  14.483  99.98   4.e-7	0.08 	0.242   0.6883  0.6059  0.5032  0.571   0.4997  0.5316  -0.18   0.2029  0.3957  0.7747  1.2751  1.5488  
105     2.2616  10.31   10.84   10.17   24.608  14.872  99.98   -1e-4	0.08 	0.2418  0.6888  0.6059  0.5032  0.571   0.4997  0.5316  -0.18   0.2029  0.3957  0.7747  1.2751  1.5488  
105     2.2804  10.31   10.67   10.18   24.363  14.783  99.98   -3e-4	0.08 	0.2418  0.6883  0.6064  0.5032  0.571   0.4997  0.5316  -0.18   0.2029  0.3957  0.7747  1.2751  1.5488  
105     2.257   10.31   10.83   10.17   24.54   14.518  99.98   -2e-6	0.08 	0.2418  0.6883  0.6059  0.5036  0.571   0.4997  0.5316  -0.18   0.2029  0.3957  0.7747  1.2751  1.5488  
105     2.266   10.31   10.77   10.17   24.439  14.526  99.98   -1e-4	0.08 	0.2418  0.6883  0.6059  0.5032  0.5715  0.4997  0.5316  -0.18   0.2029  0.3957  0.7747  1.2751  1.5488  
105     2.2567  10.31   10.84   10.18   24.53   14.476  99.98   1.e-5	0.08 	0.2418  0.6883  0.6059  0.5032  0.571   0.5001  0.5316  -0.18   0.2029  0.3957  0.7747  1.2751  1.5488  
105     2.2594  10.31   10.81   10.16   24.508  14.504  99.98   -3e-5	0.08 	0.2418  0.6883  0.6059  0.5032  0.571   0.4997  0.532   -0.18   0.2029  0.3957  0.7747  1.2751  1.5488  
105     2.2574  10.31   10.84   10.18   24.524  14.484  99.98   -2e-7	0.08 	0.2418  0.6883  0.6059  0.5032  0.571   0.4997  0.5316  -0.18   0.2029  0.3957  0.7747  1.2751  1.5488  
105     2.2577  10.31   10.82   10.17   24.537  14.533  99.98   -1e-5	0.08 	0.2418  0.6883  0.6059  0.5032  0.571   0.4997  0.5316  -0.18   0.203   0.3957  0.7747  1.2751  1.5488  
105     2.2563  10.31   10.84   10.17   24.531  14.468  99.98   2.e-5	0.08 	0.2418  0.6883  0.6059  0.5032  0.571   0.4997  0.5316  -0.18   0.2029  0.396   0.7747  1.2751  1.5488  
105     2.26    10.31   10.8    10.18   24.516  14.549  99.98   -4e-5	0.08 	0.2418  0.6883  0.6059  0.5032  0.571   0.4997  0.5316  -0.18   0.2029  0.3957  0.7753  1.2751  1.5488  
105     2.2594  10.31   10.83   10.17   24.497  14.472  99.98   -2e-5	0.08 	0.2418  0.6883  0.6059  0.5032  0.571   0.4997  0.5316  -0.18   0.2029  0.3957  0.7747  1.2761  1.5488  
105     2.2562  10.31   10.81   10.17   24.552  14.524  99.98   8.e-6	0.08 	0.2418  0.6883  0.6059  0.5032  0.571   0.4997  0.5316  -0.18   0.2029  0.3957  0.7747  1.2751  1.55    
105-1                                                                         7.9e-3  -2.171  -6.109  -0.031  -2.081  0.1901  -0.517  -3.e-3  -0.229  0.3033  -0.793  -0.415  0.1492  

105-2   2.0965  10.26   12.02   10.1    25.587  11.735  99.98   -0.04	0.08 	0.2418  0.6871  0.6029  0.5032  0.5701  0.4997  0.5313  -0.18   0.2028  0.3958  0.7742  1.2747  1.5489  
