
Run     SWR     Gain    F/B     F/R     R-a     X-a     Eff.    %Res.   %Stp  Lr      Ld      L1      L2      L3      L4      L5      xr      x1      x2      x3      x5      

1-0     1.1741  9.04    8.74    7.07    51.985  -7.949  99.98   0    	0    	0.738   0.726   0.6     0.6     0.6     0.6     0.6     -0.343  0.1995  0.4358  0.1185  1.2365  
1       1.1739  9.04    8.75    7.07    51.962  -7.944  99.98   5.e-3	0.1  	0.7387  0.726   0.6     0.6     0.6     0.6     0.6     -0.343  0.1995  0.4358  0.1185  1.2365  
1       1.1696  9.04    8.74    7.07    52.201  -7.704  99.98   2.e-3	0.1  	0.738   0.7267  0.6     0.6     0.6     0.6     0.6     -0.343  0.1995  0.4358  0.1185  1.2365  
1       1.1641  9.04    8.77    7.07    51.699  -7.545  99.98   0.019	0.1  	0.738   0.726   0.6006  0.6     0.6     0.6     0.6     -0.343  0.1995  0.4358  0.1185  1.2365  
1       1.1821  9.04    8.69    7.04    51.643  -8.349  99.98   -0.03	0.1  	0.738   0.726   0.6     0.6006  0.6     0.6     0.6     -0.343  0.1995  0.4358  0.1185  1.2365  
1       1.1679  9.04    8.76    7.07    51.389  -7.75   99.98   0.012	0.1  	0.738   0.726   0.6     0.6     0.6006  0.6     0.6     -0.343  0.1995  0.4358  0.1185  1.2365  
1       1.1716  9.03    8.75    7.05    51.943  -7.842  99.98   1.e-3	0.1  	0.738   0.726   0.6     0.6     0.6     0.6006  0.6     -0.343  0.1995  0.4358  0.1185  1.2365  
1       1.1738  9.03    8.73    7.06    51.958  -7.938  99.98   -9e-3	0.1  	0.738   0.726   0.6     0.6     0.6     0.6     0.6006  -0.343  0.1995  0.4358  0.1185  1.2365  
1       1.1742  9.04    8.75    7.07    51.968  -7.953  99.98   5.e-3	0.1  	0.738   0.726   0.6     0.6     0.6     0.6     0.6     -0.343  0.1995  0.4358  0.1185  1.2365  
1       1.1742  9.04    8.75    7.07    52.058  -7.941  99.98   5.e-3	0.1  	0.738   0.726   0.6     0.6     0.6     0.6     0.6     -0.343  0.1997  0.4358  0.1185  1.2365  
1       1.1737  9.04    8.73    7.07    51.715  -7.971  99.98   -4e-3	0.1  	0.738   0.726   0.6     0.6     0.6     0.6     0.6     -0.343  0.1995  0.4362  0.1185  1.2365  
1       1.1734  9.04    8.75    7.07    52.012  -7.91   99.98   5.e-3	0.1  	0.738   0.726   0.6     0.6     0.6     0.6     0.6     -0.343  0.1995  0.4358  0.1186  1.2365  
1       1.1725  9.03    8.74    7.06    51.94   -7.885  99.98   -4e-3	0.1  	0.738   0.726   0.6     0.6     0.6     0.6     0.6     -0.343  0.1995  0.4358  0.1185  1.2378  
1-1                                                                           0.5777  0.2772  2.3105  -3.312  1.516   0.1583  -1.108  0.5637  0.5601  -0.539  0.6124  -0.466  

1-2     35.507  3.55    -0.64   -0.84   5.3231  83.244  100     -24.2	10   	0.7806  0.7461  0.7386  0.4013  0.691   0.6095  0.5335  -0.362  0.2107  0.4123  0.1257  1.179   
2       1.1739  9.04    8.75    7.07    51.962  -7.944  99.98   5.e-3	0.1  	0.7387  0.726   0.6     0.6     0.6     0.6     0.6     -0.343  0.1995  0.4358  0.1185  1.2365  
2       1.1696  9.04    8.74    7.07    52.201  -7.704  99.98   2.e-3	0.1  	0.738   0.7267  0.6     0.6     0.6     0.6     0.6     -0.343  0.1995  0.4358  0.1185  1.2365  
2       1.1641  9.04    8.77    7.07    51.699  -7.545  99.98   0.019	0.1  	0.738   0.726   0.6006  0.6     0.6     0.6     0.6     -0.343  0.1995  0.4358  0.1185  1.2365  
2       1.1821  9.04    8.69    7.04    51.643  -8.349  99.98   -0.03	0.1  	0.738   0.726   0.6     0.6006  0.6     0.6     0.6     -0.343  0.1995  0.4358  0.1185  1.2365  
2       1.1679  9.04    8.76    7.07    51.389  -7.75   99.98   0.012	0.1  	0.738   0.726   0.6     0.6     0.6006  0.6     0.6     -0.343  0.1995  0.4358  0.1185  1.2365  
2       1.1716  9.03    8.75    7.05    51.943  -7.842  99.98   1.e-3	0.1  	0.738   0.726   0.6     0.6     0.6     0.6006  0.6     -0.343  0.1995  0.4358  0.1185  1.2365  
2       1.1738  9.03    8.73    7.06    51.958  -7.938  99.98   -9e-3	0.1  	0.738   0.726   0.6     0.6     0.6     0.6     0.6006  -0.343  0.1995  0.4358  0.1185  1.2365  
2       1.1742  9.04    8.75    7.07    51.968  -7.953  99.98   5.e-3	0.1  	0.738   0.726   0.6     0.6     0.6     0.6     0.6     -0.343  0.1995  0.4358  0.1185  1.2365  
2       1.1742  9.04    8.75    7.07    52.058  -7.941  99.98   5.e-3	0.1  	0.738   0.726   0.6     0.6     0.6     0.6     0.6     -0.343  0.1997  0.4358  0.1185  1.2365  
2       1.1737  9.04    8.73    7.07    51.715  -7.971  99.98   -4e-3	0.1  	0.738   0.726   0.6     0.6     0.6     0.6     0.6     -0.343  0.1995  0.4362  0.1185  1.2365  
2       1.1734  9.04    8.75    7.07    52.012  -7.91   99.98   5.e-3	0.1  	0.738   0.726   0.6     0.6     0.6     0.6     0.6     -0.343  0.1995  0.4358  0.1186  1.2365  
2       1.1725  9.03    8.74    7.06    51.94   -7.885  99.98   -4e-3	0.1  	0.738   0.726   0.6     0.6     0.6     0.6     0.6     -0.343  0.1995  0.4358  0.1185  1.2378  
2-1                                                                           0.5777  0.2772  2.3105  -3.312  1.516   0.1583  -1.108  0.5637  0.5601  -0.539  0.6124  -0.466  

2-2     2.4813  9.03    15.81   6.84    40.927  41.562  99.99   2.618	2    	0.7465  0.73    0.6277  0.5603  0.6182  0.6019  0.5867  -0.347  0.2018  0.4311  0.1199  1.225   
2-3     6.001   8.32    11.71   3.63    42.604  93.932  100     -3.9 	2    	0.7552  0.7341  0.6567  0.5232  0.6369  0.6038  0.5737  -0.351  0.204   0.4265  0.1214  1.2136  
3       5.9939  8.31    11.7    3.62    42.659  93.919  100     -6e-3	0.1  	0.7559  0.7341  0.6567  0.5232  0.6369  0.6038  0.5737  -0.351  0.204   0.4265  0.1214  1.2136  
3       6.0394  8.32    11.72   3.64    42.868  94.668  100     -0.02	0.1  	0.7552  0.7348  0.6567  0.5232  0.6369  0.6038  0.5737  -0.351  0.204   0.4265  0.1214  1.2136  
3       6.0739  8.28    11.5    3.54    43.136  95.366  100     -0.15	0.1  	0.7552  0.7341  0.6574  0.5232  0.6369  0.6038  0.5737  -0.351  0.204   0.4265  0.1214  1.2136  
3       5.9877  8.32    11.74   3.63    42.64   93.829  100     0.02 	0.1  	0.7552  0.7341  0.6567  0.5237  0.6369  0.6038  0.5737  -0.351  0.204   0.4265  0.1214  1.2136  
3       5.9755  8.31    11.74   3.62    42.701  93.766  100     0.022	0.1  	0.7552  0.7341  0.6567  0.5232  0.6376  0.6038  0.5737  -0.351  0.204   0.4265  0.1214  1.2136  
3       6.0131  8.31    11.74   3.61    42.5    93.941  100     3.e-3	0.1  	0.7552  0.7341  0.6567  0.5232  0.6369  0.6044  0.5737  -0.351  0.204   0.4265  0.1214  1.2136  
3       6.0005  8.31    11.71   3.62    42.602  93.924  100     -4e-3	0.1  	0.7552  0.7341  0.6567  0.5232  0.6369  0.6038  0.5743  -0.351  0.204   0.4265  0.1214  1.2136  
3       5.997   8.32    11.71   3.63    42.648  93.941  100     2.e-3	0.1  	0.7552  0.7341  0.6567  0.5232  0.6369  0.6038  0.5737  -0.351  0.204   0.4265  0.1214  1.2136  
3       5.9867  8.32    11.7    3.63    42.85   94.065  100     3.e-3	0.1  	0.7552  0.7341  0.6567  0.5232  0.6369  0.6038  0.5737  -0.351  0.2042  0.4265  0.1214  1.2136  
3       6.0014  8.32    11.72   3.63    42.563  93.888  100     4.e-3	0.1  	0.7552  0.7341  0.6567  0.5232  0.6369  0.6038  0.5737  -0.351  0.204   0.4269  0.1214  1.2136  
3       6.0114  8.31    11.7    3.62    42.509  93.933  100     -0.01	0.1  	0.7552  0.7341  0.6567  0.5232  0.6369  0.6038  0.5737  -0.351  0.204   0.4265  0.1215  1.2136  
3       6.0024  8.31    11.72   3.62    42.574  93.912  100     -9e-4	0.1  	0.7552  0.7341  0.6567  0.5232  0.6369  0.6038  0.5737  -0.351  0.204   0.4265  0.1214  1.2148  
3-1                                                                           -0.27   -0.744  -7.369  0.995   1.0753  0.1308  -0.213  0.1008  0.14    0.2103  -0.709  -0.042  

3-2     3.9899  8.98    24.46   6.46    17.574  30.289  99.98   7.101	2    	0.7511  0.7231  0.5599  0.5336  0.6506  0.6054  0.5713  -0.351  0.2046  0.4283  0.1197  1.2126  
3-3     9.0012  8.62    22.16   4.32    7.8673  31.978  99.99   -3.65	2    	0.747   0.7124  0.4774  0.5442  0.6646  0.607   0.5688  -0.352  0.2052  0.4301  0.118   1.2116  
4       8.9938  8.62    22.07   4.33    7.8744  31.982  99.99   -0.03	0.1  	0.7478  0.7124  0.4774  0.5442  0.6646  0.607   0.5688  -0.352  0.2052  0.4301  0.118   1.2116  
4       9.0231  8.63    22.26   4.34    7.9123  32.418  99.99   0.034	0.1  	0.747   0.7131  0.4774  0.5442  0.6646  0.607   0.5688  -0.352  0.2052  0.4301  0.118   1.2116  
4       8.9979  8.62    22.16   4.32    7.8708  31.981  99.99   2.e-3	0.1  	0.747   0.7124  0.4779  0.5442  0.6646  0.607   0.5688  -0.352  0.2052  0.4301  0.118   1.2116  
4       9.0006  8.62    22.22   4.32    7.8633  31.947  99.99   0.025	0.1  	0.747   0.7124  0.4774  0.5447  0.6646  0.607   0.5688  -0.352  0.2052  0.4301  0.118   1.2116  
4       9.3467  8.58    21.14   4.18    7.6611  32.598  99.99   -0.62	0.1  	0.747   0.7124  0.4774  0.5442  0.6653  0.607   0.5688  -0.352  0.2052  0.4301  0.118   1.2116  
4       9.0241  8.62    22.05   4.31    7.8492  31.992  99.99   -0.06	0.1  	0.747   0.7124  0.4774  0.5442  0.6646  0.6076  0.5688  -0.352  0.2052  0.4301  0.118   1.2116  
4       9.0017  8.62    22.17   4.32    7.8668  31.977  99.99   4.e-3	0.1  	0.747   0.7124  0.4774  0.5442  0.6646  0.607   0.5694  -0.352  0.2052  0.4301  0.118   1.2116  
4       8.9972  8.62    22.15   4.32    7.8716  31.982  99.99   -2e-3	0.1  	0.747   0.7124  0.4774  0.5442  0.6646  0.607   0.5688  -0.353  0.2052  0.4301  0.118   1.2116  
4       8.9992  8.62    22.16   4.32    7.8691  31.978  99.99   1.e-3	0.1  	0.747   0.7124  0.4774  0.5442  0.6646  0.607   0.5688  -0.352  0.2054  0.4301  0.118   1.2116  
4       9.0193  8.62    22.15   4.32    7.8506  31.972  99.99   -0.01	0.1  	0.747   0.7124  0.4774  0.5442  0.6646  0.607   0.5688  -0.352  0.2052  0.4305  0.118   1.2116  
4       9.0005  8.62    22.13   4.32    7.8775  32.043  99.99   -0.01	0.1  	0.747   0.7124  0.4774  0.5442  0.6646  0.607   0.5688  -0.352  0.2052  0.4301  0.1181  1.2116  
4       9.0081  8.62    22.16   4.32    7.8611  31.977  99.99   -4e-3	0.1  	0.747   0.7124  0.4774  0.5442  0.6646  0.607   0.5688  -0.352  0.2052  0.4301  0.118   1.2128  
4-1                                                                           -0.494  0.5116  0.0263  0.3725  -9.21   -0.851  0.0575  -0.03   0.0157  -0.201  -0.178  -0.053  

4-2     2.7012  8.58    8.28    8.28    126.33  30.691  99.99   -2.45	2    	0.7396  0.7197  0.4777  0.5482  0.5422  0.5966  0.5695  -0.352  0.2052  0.4283  0.1175  1.2103  
5       8.9938  8.62    22.07   4.33    7.8744  31.982  99.99   -0.03	0.1  	0.7478  0.7124  0.4774  0.5442  0.6646  0.607   0.5688  -0.352  0.2052  0.4301  0.118   1.2116  
5       9.0231  8.63    22.26   4.34    7.9123  32.418  99.99   0.034	0.1  	0.747   0.7131  0.4774  0.5442  0.6646  0.607   0.5688  -0.352  0.2052  0.4301  0.118   1.2116  
5       8.9979  8.62    22.16   4.32    7.8708  31.981  99.99   2.e-3	0.1  	0.747   0.7124  0.4779  0.5442  0.6646  0.607   0.5688  -0.352  0.2052  0.4301  0.118   1.2116  
5       9.0006  8.62    22.22   4.32    7.8633  31.947  99.99   0.025	0.1  	0.747   0.7124  0.4774  0.5447  0.6646  0.607   0.5688  -0.352  0.2052  0.4301  0.118   1.2116  
5       9.3467  8.58    21.14   4.18    7.6611  32.598  99.99   -0.62	0.1  	0.747   0.7124  0.4774  0.5442  0.6653  0.607   0.5688  -0.352  0.2052  0.4301  0.118   1.2116  
5       9.0241  8.62    22.05   4.31    7.8492  31.992  99.99   -0.06	0.1  	0.747   0.7124  0.4774  0.5442  0.6646  0.6076  0.5688  -0.352  0.2052  0.4301  0.118   1.2116  
5       9.0017  8.62    22.17   4.32    7.8668  31.977  99.99   4.e-3	0.1  	0.747   0.7124  0.4774  0.5442  0.6646  0.607   0.5694  -0.352  0.2052  0.4301  0.118   1.2116  
5       8.9972  8.62    22.15   4.32    7.8716  31.982  99.99   -2e-3	0.1  	0.747   0.7124  0.4774  0.5442  0.6646  0.607   0.5688  -0.353  0.2052  0.4301  0.118   1.2116  
5       8.9992  8.62    22.16   4.32    7.8691  31.978  99.99   1.e-3	0.1  	0.747   0.7124  0.4774  0.5442  0.6646  0.607   0.5688  -0.352  0.2054  0.4301  0.118   1.2116  
5       9.0193  8.62    22.15   4.32    7.8506  31.972  99.99   -0.01	0.1  	0.747   0.7124  0.4774  0.5442  0.6646  0.607   0.5688  -0.352  0.2052  0.4305  0.118   1.2116  
5       9.0005  8.62    22.13   4.32    7.8775  32.043  99.99   -0.01	0.1  	0.747   0.7124  0.4774  0.5442  0.6646  0.607   0.5688  -0.352  0.2052  0.4301  0.1181  1.2116  
5       9.0081  8.62    22.16   4.32    7.8611  31.977  99.99   -4e-3	0.1  	0.747   0.7124  0.4774  0.5442  0.6646  0.607   0.5688  -0.352  0.2052  0.4301  0.118   1.2128  
5-1                                                                           -0.494  0.5116  0.0263  0.3725  -9.21   -0.851  0.0575  -0.03   0.0157  -0.201  -0.178  -0.053  

5-2     2.3199  9.08    15.39   7.33    22.558  9.6942  99.99   0.918	0.4  	0.7455  0.7138  0.4775  0.545   0.6401  0.6049  0.569   -0.352  0.2052  0.4297  0.1179  1.2113  
5-3     1.1062  8.91    11.33   8.26    49.783  -5.034  99.99   -1.24	0.4  	0.7441  0.7153  0.4775  0.5458  0.6166  0.6028  0.5691  -0.352  0.2052  0.4294  0.1178  1.2111  
6       1.1063  8.91    11.33   8.25    49.764  -5.038  99.99   -6e-5	0.1  	0.7448  0.7153  0.4775  0.5458  0.6166  0.6028  0.5691  -0.352  0.2052  0.4294  0.1178  1.2111  
6       1.0999  8.91    11.32   8.25    50.009  -4.761  99.99   -1e-3	0.1  	0.7441  0.716   0.4775  0.5458  0.6166  0.6028  0.5691  -0.352  0.2052  0.4294  0.1178  1.2111  
6       1.1055  8.91    11.33   8.26    49.775  -5.002  99.99   3.e-4	0.1  	0.7441  0.7153  0.478   0.5458  0.6166  0.6028  0.5691  -0.352  0.2052  0.4294  0.1178  1.2111  
6       1.109   8.92    11.31   8.29    49.875  -5.168  99.99   -6e-3	0.1  	0.7441  0.7153  0.4775  0.5463  0.6166  0.6028  0.5691  -0.352  0.2052  0.4294  0.1178  1.2111  
6       1.1045  8.92    11.39   8.25    48.98   -4.812  99.99   0.033	0.1  	0.7441  0.7153  0.4775  0.5458  0.6172  0.6028  0.5691  -0.352  0.2052  0.4294  0.1178  1.2111  
6       1.1062  8.91    11.34   8.25    49.663  -5.022  99.99   5.e-3	0.1  	0.7441  0.7153  0.4775  0.5458  0.6166  0.6034  0.5691  -0.352  0.2052  0.4294  0.1178  1.2111  
6       1.1064  8.91    11.32   8.25    49.783  -5.042  99.99   -5e-3	0.1  	0.7441  0.7153  0.4775  0.5458  0.6166  0.6028  0.5697  -0.352  0.2052  0.4294  0.1178  1.2111  
6       1.1064  8.91    11.33   8.26    49.771  -5.043  99.99   -1e-4	0.1  	0.7441  0.7153  0.4775  0.5458  0.6166  0.6028  0.5691  -0.352  0.2052  0.4294  0.1178  1.2111  
6       1.1061  8.91    11.33   8.26    49.793  -5.028  99.99   8.e-5	0.1  	0.7441  0.7153  0.4775  0.5458  0.6166  0.6028  0.5691  -0.352  0.2054  0.4294  0.1178  1.2111  
6       1.1082  8.92    11.32   8.27    49.733  -5.12   99.99   -9e-4	0.1  	0.7441  0.7153  0.4775  0.5458  0.6166  0.6028  0.5691  -0.352  0.2052  0.4298  0.1178  1.2111  
6       1.1047  8.91    11.33   8.26    49.802  -4.967  99.99   8.e-4	0.1  	0.7441  0.7153  0.4775  0.5458  0.6166  0.6028  0.5691  -0.352  0.2052  0.4294  0.1179  1.2111  
6       1.1068  8.91    11.32   8.26    49.752  -5.057  99.99   -5e-3	0.1  	0.7441  0.7153  0.4775  0.5458  0.6166  0.6028  0.5691  -0.352  0.2052  0.4294  0.1178  1.2123  
6-1                                                                           -0.013  -0.284  0.074   -1.248  6.9955  0.9678  -0.988  -0.024  0.0162  -0.194  0.1644  -1.032  

6-2     1.7692  9.06    14.03   7.61    28.731  5.2979  99.99   0.96 	0.4  	0.744   0.7145  0.4777  0.5431  0.6338  0.6052  0.5668  -0.352  0.2052  0.429   0.1179  1.2061  
6-3     4.2223  9.09    22.21   6.51    14.033  20.78   99.99   2.394	0.4  	0.744   0.7137  0.4778  0.5404  0.6515  0.6075  0.5646  -0.352  0.2052  0.4287  0.1179  1.2011  
6-4     12.008  8.31    15.36   3.37    6.524   37.437  99.99   -7.16	0.4  	0.744   0.7129  0.4779  0.5377  0.6698  0.6099  0.5624  -0.352  0.2052  0.4284  0.118   1.1961  
7       4.2214  9.09    22.25   6.52    14.036  20.78   99.99   0.017	0.08 	0.7446  0.7137  0.4778  0.5404  0.6515  0.6075  0.5646  -0.352  0.2052  0.4287  0.1179  1.2011  
7       4.2233  9.09    22.17   6.51    14.097  21.092  99.99   -0.02	0.08 	0.744   0.7142  0.4778  0.5404  0.6515  0.6075  0.5646  -0.352  0.2052  0.4287  0.1179  1.2011  
7       4.2215  9.09    22.22   6.51    14.037  20.787  99.99   5.e-3	0.08 	0.744   0.7137  0.4782  0.5404  0.6515  0.6075  0.5646  -0.352  0.2052  0.4287  0.1179  1.2011  
7       4.2184  9.09    22.14   6.52    14.037  20.739  99.99   -0.03	0.08 	0.744   0.7137  0.4778  0.5408  0.6515  0.6075  0.5646  -0.352  0.2052  0.4287  0.1179  1.2011  
7       4.3469  9.08    22.72   6.47    13.723  21.265  99.99   0.142	0.08 	0.744   0.7137  0.4778  0.5404  0.6521  0.6075  0.5646  -0.352  0.2052  0.4287  0.1179  1.2011  
7       4.2323  9.08    22.2    6.49    14.003  20.799  99.99   -0.01	0.08 	0.744   0.7137  0.4778  0.5404  0.6515  0.608   0.5646  -0.352  0.2052  0.4287  0.1179  1.2011  
7       4.2221  9.09    22.21   6.51    14.033  20.779  99.99   6.e-5	0.08 	0.744   0.7137  0.4778  0.5404  0.6515  0.6075  0.565   -0.352  0.2052  0.4287  0.1179  1.2011  
7       4.2216  9.09    22.22   6.51    14.035  20.78   99.99   4.e-3	0.08 	0.744   0.7137  0.4778  0.5404  0.6515  0.6075  0.5646  -0.352  0.2052  0.4287  0.1179  1.2011  
7       4.2214  9.09    22.21   6.51    14.036  20.78   99.99   4.e-4	0.08 	0.744   0.7137  0.4778  0.5404  0.6515  0.6075  0.5646  -0.352  0.2054  0.4287  0.1179  1.2011  
7       4.2278  9.09    22.18   6.51    14.012  20.768  99.99   -0.02	0.08 	0.744   0.7137  0.4778  0.5404  0.6515  0.6075  0.5646  -0.352  0.2052  0.429   0.1179  1.2011  
7       4.2229  9.09    22.24   6.51    14.042  20.83   99.99   0.012	0.08 	0.744   0.7137  0.4778  0.5404  0.6515  0.6075  0.5646  -0.352  0.2052  0.4287  0.118   1.2011  
7       4.2241  9.08    22.17   6.5     14.026  20.775  99.99   -0.02	0.08 	0.744   0.7137  0.4778  0.5404  0.6515  0.6075  0.5646  -0.352  0.2052  0.4287  0.1179  1.2021  
7-1                                                                           0.7367  -0.742  0.197   -1.171  6.1855  -0.605  2.5e-3  0.1937  0.0182  -0.661  0.525   -0.962  

7-2     5.0556  9.05    26.55   6.26    12.21   23.626  99.99   1.346	0.08 	0.7444  0.7132  0.4779  0.5399  0.6548  0.6072  0.5646  -0.352  0.2052  0.4285  0.118   1.2002  
7-3     6.0799  8.99    34.65   5.83    10.614  26.48   99.99   2.672	0.08 	0.7449  0.7128  0.4779  0.5394  0.658   0.6069  0.5646  -0.352  0.2052  0.4282  0.118   1.1992  
7-4     7.3223  8.89    28.55   5.23    9.2377  29.323  99.99   -2.97	0.08 	0.7453  0.7124  0.478   0.5389  0.6613  0.6066  0.5646  -0.352  0.2052  0.428   0.1181  1.1983  
8       7.3186  8.89    28.41   5.23    9.2429  29.325  99.99   -0.05	0.08 	0.7459  0.7124  0.478   0.5389  0.6613  0.6066  0.5646  -0.352  0.2052  0.428   0.1181  1.1983  
8       7.3334  8.89    28.67   5.24    9.2807  29.666  99.99   0.041	0.08 	0.7453  0.713   0.478   0.5389  0.6613  0.6066  0.5646  -0.352  0.2052  0.428   0.1181  1.1983  
8       7.3202  8.89    28.55   5.23    9.241   29.326  99.99   1.e-3	0.08 	0.7453  0.7124  0.4784  0.5389  0.6613  0.6066  0.5646  -0.352  0.2052  0.428   0.1181  1.1983  
8       7.3184  8.89    28.64   5.23    9.2382  29.296  99.99   0.037	0.08 	0.7453  0.7124  0.478   0.5393  0.6613  0.6066  0.5646  -0.352  0.2052  0.428   0.1181  1.1983  
8       7.5499  8.86    27.17   5.12    9.0347  29.812  99.99   -0.67	0.08 	0.7453  0.7124  0.478   0.5389  0.6618  0.6066  0.5646  -0.352  0.2052  0.428   0.1181  1.1983  
8       7.3393  8.88    28.34   5.21    9.2181  29.335  99.99   -0.1 	0.08 	0.7453  0.7124  0.478   0.5389  0.6613  0.6071  0.5646  -0.352  0.2052  0.428   0.1181  1.1983  

Run     SWR     Gain    F/B     F/R     R-a     X-a     Eff.    %Res.   %Stp  Lr      Ld      L1      L2      L3      L4      L5      xr      x1      x2      x3      x5      

9-0     7.3393  8.88    28.34   5.21    9.2181  29.335  99.99   0    	0    	0.7453  0.7124  0.478   0.5389  0.6613  0.6071  0.5646  -0.352  0.2052  0.428   0.1181  1.1983  
9       7.3347  8.88    28.16   5.21    9.2244  29.338  99.99   -0.07	0.1  	0.7461  0.7124  0.478   0.5389  0.6613  0.6071  0.5646  -0.352  0.2052  0.428   0.1181  1.1983  
9       7.3533  8.88    28.48   5.22    9.2716  29.765  99.99   0.048	0.1  	0.7453  0.7131  0.478   0.5389  0.6613  0.6071  0.5646  -0.352  0.2052  0.428   0.1181  1.1983  
9       7.3367  8.88    28.35   5.21    9.2221  29.339  99.99   5.e-3	0.1  	0.7453  0.7124  0.4785  0.5389  0.6613  0.6071  0.5646  -0.352  0.2052  0.428   0.1181  1.1983  
9       7.3344  8.88    28.45   5.21    9.2187  29.301  99.99   0.046	0.1  	0.7453  0.7124  0.478   0.5394  0.6613  0.6071  0.5646  -0.352  0.2052  0.428   0.1181  1.1983  
9       7.626   8.85    26.7    5.07    8.9652  29.948  99.99   -0.81	0.1  	0.7453  0.7124  0.478   0.5389  0.6619  0.6071  0.5646  -0.352  0.2052  0.428   0.1181  1.1983  
9       7.3607  8.88    28.09   5.2     9.1935  29.35   99.99   -0.11	0.1  	0.7453  0.7124  0.478   0.5389  0.6613  0.6077  0.5646  -0.352  0.2052  0.428   0.1181  1.1983  
9       7.339   8.88    28.35   5.21    9.2182  29.334  99.99   4.e-3	0.1  	0.7453  0.7124  0.478   0.5389  0.6613  0.6071  0.5652  -0.352  0.2052  0.428   0.1181  1.1983  
9       7.3367  8.88    28.31   5.21    9.222   29.338  99.99   -0.01	0.1  	0.7453  0.7124  0.478   0.5389  0.6613  0.6071  0.5646  -0.353  0.2052  0.428   0.1181  1.1983  
9       7.3376  8.88    28.35   5.21    9.2203  29.335  99.99   5.e-3	0.1  	0.7453  0.7124  0.478   0.5389  0.6613  0.6071  0.5646  -0.352  0.2054  0.428   0.1181  1.1983  
9       7.3521  8.88    28.33   5.21    9.2004  29.327  99.99   -0.01	0.1  	0.7453  0.7124  0.478   0.5389  0.6613  0.6071  0.5646  -0.352  0.2052  0.4284  0.1181  1.1983  
9       7.34    8.88    28.29   5.21    9.228   29.4    99.99   -0.02	0.1  	0.7453  0.7124  0.478   0.5389  0.6613  0.6071  0.5646  -0.352  0.2052  0.428   0.1182  1.1983  
9       7.3437  8.87    28.36   5.2     9.2118  29.331  99.99   9.e-4	0.1  	0.7453  0.7124  0.478   0.5389  0.6613  0.6071  0.5646  -0.352  0.2052  0.428   0.1181  1.1995  
9-1                                                                           -0.721  0.5073  0.0563  0.4837  -8.539  -1.156  0.0432  -0.11   0.0514  -0.113  -0.21   9.9e-3  

9-2     1.157   8.96    11.3    8.26    56.492  -4.244  99.99   -3.27	0.881	0.7406  0.7156  0.4783  0.5411  0.6115  0.6009  0.5648  -0.352  0.2053  0.4276  0.1179  1.1984  
10      7.3347  8.88    28.16   5.21    9.2244  29.338  99.99   -0.07	0.1  	0.7461  0.7124  0.478   0.5389  0.6613  0.6071  0.5646  -0.352  0.2052  0.428   0.1181  1.1983  
10      7.3533  8.88    28.48   5.22    9.2716  29.765  99.99   0.048	0.1  	0.7453  0.7131  0.478   0.5389  0.6613  0.6071  0.5646  -0.352  0.2052  0.428   0.1181  1.1983  
10      7.3367  8.88    28.35   5.21    9.2221  29.339  99.99   5.e-3	0.1  	0.7453  0.7124  0.4785  0.5389  0.6613  0.6071  0.5646  -0.352  0.2052  0.428   0.1181  1.1983  
10      7.3344  8.88    28.45   5.21    9.2187  29.301  99.99   0.046	0.1  	0.7453  0.7124  0.478   0.5394  0.6613  0.6071  0.5646  -0.352  0.2052  0.428   0.1181  1.1983  
10      7.626   8.85    26.7    5.07    8.9652  29.948  99.99   -0.81	0.1  	0.7453  0.7124  0.478   0.5389  0.6619  0.6071  0.5646  -0.352  0.2052  0.428   0.1181  1.1983  
10      7.3607  8.88    28.09   5.2     9.1935  29.35   99.99   -0.11	0.1  	0.7453  0.7124  0.478   0.5389  0.6613  0.6077  0.5646  -0.352  0.2052  0.428   0.1181  1.1983  
10      7.339   8.88    28.35   5.21    9.2182  29.334  99.99   4.e-3	0.1  	0.7453  0.7124  0.478   0.5389  0.6613  0.6071  0.5652  -0.352  0.2052  0.428   0.1181  1.1983  
10      7.3367  8.88    28.31   5.21    9.222   29.338  99.99   -0.01	0.1  	0.7453  0.7124  0.478   0.5389  0.6613  0.6071  0.5646  -0.353  0.2052  0.428   0.1181  1.1983  
10      7.3376  8.88    28.35   5.21    9.2203  29.335  99.99   5.e-3	0.1  	0.7453  0.7124  0.478   0.5389  0.6613  0.6071  0.5646  -0.352  0.2054  0.428   0.1181  1.1983  
10      7.3521  8.88    28.33   5.21    9.2004  29.327  99.99   -0.01	0.1  	0.7453  0.7124  0.478   0.5389  0.6613  0.6071  0.5646  -0.352  0.2052  0.4284  0.1181  1.1983  
10      7.34    8.88    28.29   5.21    9.228   29.4    99.99   -0.02	0.1  	0.7453  0.7124  0.478   0.5389  0.6613  0.6071  0.5646  -0.352  0.2052  0.428   0.1182  1.1983  
10      7.3437  8.87    28.36   5.2     9.2118  29.331  99.99   9.e-4	0.1  	0.7453  0.7124  0.478   0.5389  0.6613  0.6071  0.5646  -0.352  0.2052  0.428   0.1181  1.1995  
10-1                                                                          -0.721  0.5073  0.0563  0.4837  -8.539  -1.156  0.0432  -0.11   0.0514  -0.113  -0.21   9.9e-3  

10-2    4.127   9.12    22.45   6.6     14.275  20.369  99.99   -0.51	0.176	0.7444  0.713   0.4781  0.5393  0.6513  0.6059  0.5646  -0.352  0.2053  0.4279  0.1181  1.1983  
11      7.3377  8.88    28.28   5.21    9.2203  29.336  99.99   -0.02	0.035	0.7456  0.7124  0.478   0.5389  0.6613  0.6071  0.5646  -0.352  0.2052  0.428   0.1181  1.1983  
11      7.3442  8.88    28.39   5.21    9.2369  29.486  99.99   0.017	0.035	0.7453  0.7127  0.478   0.5389  0.6613  0.6071  0.5646  -0.352  0.2052  0.428   0.1181  1.1983  
11      7.3384  8.88    28.34   5.21    9.2195  29.337  99.99   5.e-4	0.035	0.7453  0.7124  0.4782  0.5389  0.6613  0.6071  0.5646  -0.352  0.2052  0.428   0.1181  1.1983  
11      7.3376  8.88    28.38   5.21    9.2183  29.323  99.99   0.017	0.035	0.7453  0.7124  0.478   0.539   0.6613  0.6071  0.5646  -0.352  0.2052  0.428   0.1181  1.1983  
11      7.4389  8.87    27.74   5.16    9.1283  29.55   99.99   -0.29	0.035	0.7453  0.7124  0.478   0.5389  0.6615  0.6071  0.5646  -0.352  0.2052  0.428   0.1181  1.1983  
11      7.3468  8.88    28.25   5.21    9.2094  29.34   99.99   -0.04	0.035	0.7453  0.7124  0.478   0.5389  0.6613  0.6073  0.5646  -0.352  0.2052  0.428   0.1181  1.1983  
11      7.3392  8.88    28.34   5.21    9.2181  29.335  99.99   6.e-5	0.035	0.7453  0.7124  0.478   0.5389  0.6613  0.6071  0.5648  -0.352  0.2052  0.428   0.1181  1.1983  
11      7.3384  8.88    28.33   5.21    9.2194  29.336  99.99   -3e-3	0.035	0.7453  0.7124  0.478   0.5389  0.6613  0.6071  0.5646  -0.352  0.2052  0.428   0.1181  1.1983  
11      7.3387  8.88    28.34   5.21    9.2188  29.335  99.99   3.e-4	0.035	0.7453  0.7124  0.478   0.5389  0.6613  0.6071  0.5646  -0.352  0.2053  0.428   0.1181  1.1983  
11      7.3438  8.88    28.34   5.21    9.2119  29.332  99.99   -2e-3	0.035	0.7453  0.7124  0.478   0.5389  0.6613  0.6071  0.5646  -0.352  0.2052  0.4282  0.1181  1.1983  
11      7.3396  8.88    28.32   5.21    9.2216  29.358  99.99   -8e-3	0.035	0.7453  0.7124  0.478   0.5389  0.6613  0.6071  0.5646  -0.352  0.2052  0.428   0.1181  1.1983  
11      7.3409  8.88    28.35   5.21    9.2159  29.334  99.99   3.e-3	0.035	0.7453  0.7124  0.478   0.5389  0.6613  0.6071  0.5646  -0.352  0.2052  0.428   0.1181  1.1987  
11-1                                                                          -0.671  0.5087  0.0147  0.4915  -8.643  -1.161  1.7e-3  -0.102  9.8e-3  -0.07   -0.235  0.0925  

11-2    6.5235  8.96    34.7    5.62    10.061  27.525  99.99   2.962	0.035	0.7451  0.7125  0.478   0.5389  0.6593  0.6069  0.5646  -0.352  0.2052  0.428   0.1181  1.1984  
11-3    5.7997  9.02    33.35   5.96    10.991  25.711  99.99   -0.1 	0.035	0.745   0.7127  0.478   0.539   0.6572  0.6066  0.5646  -0.352  0.2052  0.428   0.1181  1.1984  
12      5.7988  9.02    33.37   5.97    10.992  25.712  99.99   8.e-3	0.035	0.7452  0.7127  0.478   0.539   0.6572  0.6066  0.5646  -0.352  0.2052  0.428   0.1181  1.1984  
12      5.8022  9.02    33.29   5.97    11.013  25.857  99.99   -0.02	0.035	0.745   0.7129  0.478   0.539   0.6572  0.6066  0.5646  -0.352  0.2052  0.428   0.1181  1.1984  
12      5.7991  9.02    33.35   5.96    10.992  25.713  99.99   3.e-4	0.035	0.745   0.7127  0.4782  0.539   0.6572  0.6066  0.5646  -0.352  0.2052  0.428   0.1181  1.1984  
12      5.7979  9.02    33.24   5.96    10.992  25.697  99.99   -0.04	0.035	0.745   0.7127  0.478   0.5392  0.6572  0.6066  0.5646  -0.352  0.2052  0.428   0.1181  1.1984  
12      5.878   9.01    34.05   5.92    10.881  25.927  99.99   0.219	0.035	0.745   0.7127  0.478   0.539   0.6575  0.6066  0.5646  -0.352  0.2052  0.428   0.1181  1.1984  
12      5.8058  9.01    33.21   5.95    10.98   25.718  99.99   -0.06	0.035	0.745   0.7127  0.478   0.539   0.6572  0.6068  0.5646  -0.352  0.2052  0.428   0.1181  1.1984  
12      5.7996  9.02    33.34   5.96    10.991  25.711  99.99   -4e-3	0.035	0.745   0.7127  0.478   0.539   0.6572  0.6066  0.5648  -0.352  0.2052  0.428   0.1181  1.1984  
12      5.7991  9.02    33.36   5.96    10.992  25.712  99.99   4.e-3	0.035	0.745   0.7127  0.478   0.539   0.6572  0.6066  0.5646  -0.352  0.2052  0.428   0.1181  1.1984  
12      5.7992  9.02    33.35   5.96    10.992  25.711  99.99   3.e-4	0.035	0.745   0.7127  0.478   0.539   0.6572  0.6066  0.5646  -0.352  0.2053  0.428   0.1181  1.1984  
12      5.8032  9.02    33.29   5.96    10.983  25.708  99.99   -0.02	0.035	0.745   0.7127  0.478   0.539   0.6572  0.6066  0.5646  -0.352  0.2052  0.4281  0.1181  1.1984  
12      5.8     9.02    33.41   5.96    10.994  25.734  99.99   0.023	0.035	0.745   0.7127  0.478   0.539   0.6572  0.6066  0.5646  -0.352  0.2052  0.428   0.1181  1.1984  
12      5.8009  9.01    33.29   5.95    10.988  25.709  99.99   -0.03	0.035	0.745   0.7127  0.478   0.539   0.6572  0.6066  0.5646  -0.352  0.2052  0.428   0.1181  1.1988  
12-1                                                                          0.2212  -0.657  9.3e-3  -1.119  6.0334  -1.672  -0.103  0.1129  7.5e-3  -0.675  0.6205  -0.77   

12-2    6.2751  8.98    36.88   5.75    10.36   26.939  99.99   1.067	0.035	0.745   0.7125  0.478   0.5388  0.6586  0.6063  0.5646  -0.352  0.2052  0.4279  0.1181  1.1981  
12-3    6.7909  8.94    32.91   5.49    9.7683  28.165  99.99   -1.75	0.035	0.7451  0.7123  0.478   0.5386  0.66    0.6059  0.5646  -0.352  0.2052  0.4278  0.1181  1.1978  
13      6.7895  8.94    32.81   5.49    9.7704  28.166  99.99   -0.04	0.035	0.7453  0.7123  0.478   0.5386  0.66    0.6059  0.5646  -0.352  0.2052  0.4278  0.1181  1.1978  
13      6.7949  8.94    32.99   5.5     9.7882  28.314  99.99   0.028	0.035	0.7451  0.7126  0.478   0.5386  0.66    0.6059  0.5646  -0.352  0.2052  0.4278  0.1181  1.1978  
13      6.7901  8.94    32.92   5.49    9.7698  28.167  99.99   4.e-3	0.035	0.7451  0.7123  0.4782  0.5386  0.66    0.6059  0.5646  -0.352  0.2052  0.4278  0.1181  1.1978  
13      6.7891  8.94    32.97   5.49    9.7687  28.152  99.99   0.024	0.035	0.7451  0.7123  0.478   0.5388  0.66    0.6059  0.5646  -0.352  0.2052  0.4278  0.1181  1.1978  
13      6.8832  8.93    32.03   5.44    9.6721  28.38   99.99   -0.39	0.035	0.7451  0.7123  0.478   0.5386  0.6603  0.6059  0.5646  -0.352  0.2052  0.4278  0.1181  1.1978  
13      6.7979  8.94    32.74   5.49    9.759   28.17   99.99   -0.07	0.035	0.7451  0.7123  0.478   0.5386  0.66    0.6061  0.5646  -0.352  0.2052  0.4278  0.1181  1.1978  
13      6.7908  8.94    32.92   5.49    9.7683  28.164  99.99   4.e-3	0.035	0.7451  0.7123  0.478   0.5386  0.66    0.6059  0.5648  -0.352  0.2052  0.4278  0.1181  1.1978  
13      6.7901  8.94    32.9    5.49    9.7696  28.166  99.99   -3e-3	0.035	0.7451  0.7123  0.478   0.5386  0.66    0.6059  0.5646  -0.352  0.2052  0.4278  0.1181  1.1978  
13      6.7903  8.94    32.92   5.49    9.7691  28.165  99.99   4.e-3	0.035	0.7451  0.7123  0.478   0.5386  0.66    0.6059  0.5646  -0.352  0.2053  0.4278  0.1181  1.1978  
13      6.795   8.94    32.9    5.49    9.7617  28.162  99.99   -6e-3	0.035	0.7451  0.7123  0.478   0.5386  0.66    0.6059  0.5646  -0.352  0.2052  0.4279  0.1181  1.1978  
13      6.7912  8.94    32.89   5.49    9.7718  28.188  99.99   -8e-3	0.035	0.7451  0.7123  0.478   0.5386  0.66    0.6059  0.5646  -0.352  0.2052  0.4278  0.1182  1.1978  
13      6.7924  8.94    32.93   5.49    9.7658  28.163  99.99   7.e-3	0.035	0.7451  0.7123  0.478   0.5386  0.66    0.6059  0.5646  -0.352  0.2052  0.4278  0.1181  1.1982  
13-1                                                                          -0.77   0.5869  0.0875  0.4902  -7.999  -1.409  0.0794  -0.07   0.0847  -0.123  -0.159  0.1408  

13-2    6.0882  9       37.88   5.85    10.604  26.506  99.99   2.279	0.035	0.7449  0.7125  0.478   0.5387  0.6582  0.6056  0.5646  -0.352  0.2053  0.4278  0.1181  1.1978  
13-3    5.4614  9.05    31.22   6.14    11.515  24.846  99.99   -2.08	0.035	0.7447  0.7126  0.4781  0.5388  0.6563  0.6053  0.5646  -0.352  0.2053  0.4278  0.1181  1.1979  
14      5.4607  9.05    31.27   6.14    11.517  24.846  99.99   0.02 	0.035	0.7449  0.7126  0.4781  0.5388  0.6563  0.6053  0.5646  -0.352  0.2053  0.4278  0.1181  1.1979  
14      5.4635  9.05    31.17   6.14    11.539  24.99   99.99   -0.02	0.035	0.7447  0.7129  0.4781  0.5388  0.6563  0.6053  0.5646  -0.352  0.2053  0.4278  0.1181  1.1979  
14      5.4609  9.05    31.23   6.14    11.517  24.848  99.99   4.e-3	0.035	0.7447  0.7126  0.4782  0.5388  0.6563  0.6053  0.5646  -0.352  0.2053  0.4278  0.1181  1.1979  
14      5.4596  9.05    31.13   6.14    11.516  24.831  99.99   -0.03	0.035	0.7447  0.7126  0.4781  0.539   0.6563  0.6053  0.5646  -0.352  0.2053  0.4278  0.1181  1.1979  
14      5.5349  9.05    31.96   6.11    11.401  25.061  99.99   0.246	0.035	0.7447  0.7126  0.4781  0.5388  0.6566  0.6053  0.5646  -0.352  0.2053  0.4278  0.1181  1.1979  
14      5.4671  9.05    31.19   6.13    11.504  24.852  99.99   -0.01	0.035	0.7447  0.7126  0.4781  0.5388  0.6563  0.6055  0.5646  -0.352  0.2053  0.4278  0.1181  1.1979  
14      5.4614  9.05    31.22   6.14    11.515  24.845  99.99   3.e-5	0.035	0.7447  0.7126  0.4781  0.5388  0.6563  0.6053  0.5648  -0.352  0.2053  0.4278  0.1181  1.1979  
14      5.4609  9.05    31.24   6.14    11.516  24.846  99.99   8.e-3	0.035	0.7447  0.7126  0.4781  0.5388  0.6563  0.6053  0.5646  -0.352  0.2053  0.4278  0.1181  1.1979  
14      5.461   9.05    31.22   6.14    11.516  24.845  99.99   2.e-4	0.035	0.7447  0.7126  0.4781  0.5388  0.6563  0.6053  0.5646  -0.352  0.2053  0.4278  0.1181  1.1979  
14      5.4646  9.05    31.19   6.14    11.508  24.841  99.99   -0.01	0.035	0.7447  0.7126  0.4781  0.5388  0.6563  0.6053  0.5646  -0.352  0.2053  0.4279  0.1181  1.1979  
14      5.4618  9.05    31.28   6.14    11.519  24.868  99.99   0.023	0.035	0.7447  0.7126  0.4781  0.5388  0.6563  0.6053  0.5646  -0.352  0.2053  0.4278  0.1182  1.1979  
14      5.4626  9.05    31.19   6.14    11.512  24.844  99.99   -0.01	0.035	0.7447  0.7126  0.4781  0.5388  0.6563  0.6053  0.5646  -0.352  0.2053  0.4278  0.1181  1.1983  
14-1                                                                          0.5968  -0.613  0.1259  -1.023  7.4829  -0.441  8.4e-4  0.2419  7.6e-3  -0.402  0.6965  -0.369  

14-2    6.0319  9.01    38.35   5.88    10.685  26.398  99.99   2.421	0.035	0.7448  0.7125  0.4781  0.5386  0.6581  0.6052  0.5646  -0.352  0.2053  0.4277  0.1181  1.1977  
14-3    6.6649  8.96    34.61   5.57    9.9179  27.949  99.99   -1.71	0.035	0.745   0.7123  0.4781  0.5384  0.6598  0.6051  0.5646  -0.352  0.2053  0.4276  0.1182  1.1976  
15      6.6636  8.96    34.49   5.57    9.92    27.949  99.99   -0.04	0.035	0.7452  0.7123  0.4781  0.5384  0.6598  0.6051  0.5646  -0.352  0.2053  0.4276  0.1182  1.1976  
15      6.6687  8.96    34.7    5.57    9.9382  28.098  99.99   0.032	0.035	0.745   0.7126  0.4781  0.5384  0.6598  0.6051  0.5646  -0.352  0.2053  0.4276  0.1182  1.1976  

Run     SWR     Gain    F/B     F/R     R-a     X-a     Eff.    %Res.   %Stp  Lr      Ld      L1      L2      L3      L4      L5      xr      x1      x2      x3      x5      

16-0    6.6687  8.96    34.7    5.57    9.9382  28.098  99.99   0    	0    	0.745   0.7126  0.4781  0.5384  0.6598  0.6051  0.5646  -0.352  0.2053  0.4276  0.1182  1.1976  
16      6.665   8.96    34.36   5.57    9.9442  28.1    99.99   -0.02	0.1  	0.7457  0.7126  0.4781  0.5384  0.6598  0.6051  0.5646  -0.352  0.2053  0.4276  0.1182  1.1976  
16      6.6799  8.96    34.95   5.58    9.9959  28.522  99.99   0.013	0.1  	0.745   0.7133  0.4781  0.5384  0.6598  0.6051  0.5646  -0.352  0.2053  0.4276  0.1182  1.1976  
16      6.6664  8.96    34.71   5.57    9.9426  28.103  99.99   2.e-3	0.1  	0.745   0.7126  0.4786  0.5384  0.6598  0.6051  0.5646  -0.352  0.2053  0.4276  0.1182  1.1976  
16      6.6635  8.96    34.89   5.57    9.9397  28.061  99.99   0.017	0.1  	0.745   0.7126  0.4781  0.5389  0.6598  0.6051  0.5646  -0.352  0.2053  0.4276  0.1182  1.1976  
16      6.9293  8.94    31.86   5.44    9.6632  28.711  99.99   -0.35	0.1  	0.745   0.7126  0.4781  0.5384  0.6605  0.6051  0.5646  -0.352  0.2053  0.4276  0.1182  1.1976  
16      6.6881  8.95    34.12   5.55    9.9117  28.113  99.99   -0.05	0.1  	0.745   0.7126  0.4781  0.5384  0.6598  0.6057  0.5646  -0.352  0.2053  0.4276  0.1182  1.1976  
16      6.6685  8.96    34.72   5.57    9.9384  28.097  99.99   2.e-3	0.1  	0.745   0.7126  0.4781  0.5384  0.6598  0.6051  0.5652  -0.352  0.2053  0.4276  0.1182  1.1976  
16      6.6664  8.96    34.65   5.57    9.9421  28.101  99.99   -3e-3	0.1  	0.745   0.7126  0.4781  0.5384  0.6598  0.6051  0.5646  -0.353  0.2053  0.4276  0.1182  1.1976  
16      6.6671  8.96    34.71   5.57    9.9407  28.098  99.99   2.e-3	0.1  	0.745   0.7126  0.4781  0.5384  0.6598  0.6051  0.5646  -0.352  0.2055  0.4276  0.1182  1.1976  
16      6.68    8.96    34.67   5.57    9.9195  28.089  99.99   -8e-3	0.1  	0.745   0.7126  0.4781  0.5384  0.6598  0.6051  0.5646  -0.352  0.2053  0.4281  0.1182  1.1976  
16      6.6695  8.96    34.62   5.57    9.9483  28.163  99.99   -6e-3	0.1  	0.745   0.7126  0.4781  0.5384  0.6598  0.6051  0.5646  -0.352  0.2053  0.4276  0.1183  1.1976  
16      6.673   8.95    34.73   5.56    9.931   28.093  99.99   -9e-4	0.1  	0.745   0.7126  0.4781  0.5384  0.6598  0.6051  0.5646  -0.352  0.2053  0.4276  0.1182  1.1988  
16-1                                                                          -0.585  0.3291  0.0491  0.4217  -8.73   -1.357  0.0407  -0.063  0.0402  -0.204  -0.158  -0.023  

16-2    2.6842  8.77    8.64    8.64    121.79  35.798  99.99   -0.06	2.076	0.7359  0.7174  0.4786  0.5431  0.5402  0.5881  0.5651  -0.352  0.2054  0.4258  0.1178  1.197   
17      6.665   8.96    34.36   5.57    9.9442  28.1    99.99   -0.02	0.1  	0.7457  0.7126  0.4781  0.5384  0.6598  0.6051  0.5646  -0.352  0.2053  0.4276  0.1182  1.1976  
17      6.6799  8.96    34.95   5.58    9.9959  28.522  99.99   0.013	0.1  	0.745   0.7133  0.4781  0.5384  0.6598  0.6051  0.5646  -0.352  0.2053  0.4276  0.1182  1.1976  
17      6.6664  8.96    34.71   5.57    9.9426  28.103  99.99   2.e-3	0.1  	0.745   0.7126  0.4786  0.5384  0.6598  0.6051  0.5646  -0.352  0.2053  0.4276  0.1182  1.1976  
17      6.6635  8.96    34.89   5.57    9.9397  28.061  99.99   0.017	0.1  	0.745   0.7126  0.4781  0.5389  0.6598  0.6051  0.5646  -0.352  0.2053  0.4276  0.1182  1.1976  
17      6.9293  8.94    31.86   5.44    9.6632  28.711  99.99   -0.35	0.1  	0.745   0.7126  0.4781  0.5384  0.6605  0.6051  0.5646  -0.352  0.2053  0.4276  0.1182  1.1976  
17      6.6881  8.95    34.12   5.55    9.9117  28.113  99.99   -0.05	0.1  	0.745   0.7126  0.4781  0.5384  0.6598  0.6057  0.5646  -0.352  0.2053  0.4276  0.1182  1.1976  
17      6.6685  8.96    34.72   5.57    9.9384  28.097  99.99   2.e-3	0.1  	0.745   0.7126  0.4781  0.5384  0.6598  0.6051  0.5652  -0.352  0.2053  0.4276  0.1182  1.1976  
17      6.6664  8.96    34.65   5.57    9.9421  28.101  99.99   -3e-3	0.1  	0.745   0.7126  0.4781  0.5384  0.6598  0.6051  0.5646  -0.353  0.2053  0.4276  0.1182  1.1976  
17      6.6671  8.96    34.71   5.57    9.9407  28.098  99.99   2.e-3	0.1  	0.745   0.7126  0.4781  0.5384  0.6598  0.6051  0.5646  -0.352  0.2055  0.4276  0.1182  1.1976  
17      6.68    8.96    34.67   5.57    9.9195  28.089  99.99   -8e-3	0.1  	0.745   0.7126  0.4781  0.5384  0.6598  0.6051  0.5646  -0.352  0.2053  0.4281  0.1182  1.1976  
17      6.6695  8.96    34.62   5.57    9.9483  28.163  99.99   -6e-3	0.1  	0.745   0.7126  0.4781  0.5384  0.6598  0.6051  0.5646  -0.352  0.2053  0.4276  0.1183  1.1976  
17      6.673   8.95    34.73   5.56    9.931   28.093  99.99   -9e-4	0.1  	0.745   0.7126  0.4781  0.5384  0.6598  0.6051  0.5646  -0.352  0.2053  0.4276  0.1182  1.1988  
17-1                                                                          -0.585  0.3291  0.0491  0.4217  -8.73   -1.357  0.0407  -0.063  0.0402  -0.204  -0.158  -0.023  

17-2    1.9056  9.15    14.95   7.57    27.024  7.3215  99.98   1.09 	0.415	0.7432  0.7135  0.4782  0.5394  0.6359  0.6017  0.5647  -0.352  0.2053  0.4273  0.1181  1.1974  
17-3    1.1269  9       11.48   8.24    54.895  -3.903  99.99   0.165	0.415	0.7414  0.7145  0.4783  0.5403  0.6128  0.5983  0.5648  -0.352  0.2053  0.4269  0.118   1.1973  
17-4    1.6839  8.89    10.04   8.58    84.188  -0.529  99.99   -0.57	0.415	0.7396  0.7155  0.4784  0.5412  0.5906  0.595   0.5649  -0.352  0.2054  0.4265  0.1179  1.1972  
18      1.1266  9       11.48   8.24    54.876  -3.91   99.99   2.e-4	0.083	0.742   0.7145  0.4783  0.5403  0.6128  0.5983  0.5648  -0.352  0.2053  0.4269  0.118   1.1973  
18      1.1272  9       11.47   8.24    55.103  -3.674  99.99   -2e-3	0.083	0.7414  0.7151  0.4783  0.5403  0.6128  0.5983  0.5648  -0.352  0.2053  0.4269  0.118   1.1973  
18      1.1263  9       11.48   8.24    54.885  -3.875  99.99   3.e-4	0.083	0.7414  0.7145  0.4787  0.5403  0.6128  0.5983  0.5648  -0.352  0.2053  0.4269  0.118   1.1973  
18      1.1297  9       11.45   8.26    54.993  -3.998  99.99   -5e-3	0.083	0.7414  0.7145  0.4783  0.5407  0.6128  0.5983  0.5648  -0.352  0.2053  0.4269  0.118   1.1973  
18      1.1155  9.01    11.53   8.24    54.239  -3.804  99.99   0.014	0.083	0.7414  0.7145  0.4783  0.5403  0.6133  0.5983  0.5648  -0.352  0.2053  0.4269  0.118   1.1973  
18      1.1254  9       11.48   8.24    54.787  -3.919  99.99   1.e-3	0.083	0.7414  0.7145  0.4783  0.5403  0.6128  0.5988  0.5648  -0.352  0.2053  0.4269  0.118   1.1973  
18      1.127   9       11.47   8.24    54.898  -3.91   99.99   -1e-3	0.083	0.7414  0.7145  0.4783  0.5403  0.6128  0.5983  0.5653  -0.352  0.2053  0.4269  0.118   1.1973  
18      1.1268  9       11.48   8.25    54.884  -3.914  99.99   7.e-5	0.083	0.7414  0.7145  0.4783  0.5403  0.6128  0.5983  0.5648  -0.352  0.2053  0.4269  0.118   1.1973  
18      1.1269  9       11.48   8.24    54.903  -3.897  99.99   -7e-5	0.083	0.7414  0.7145  0.4783  0.5403  0.6128  0.5983  0.5648  -0.352  0.2055  0.4269  0.118   1.1973  
18      1.1275  9       11.47   8.25    54.867  -3.982  99.99   -1e-3	0.083	0.7414  0.7145  0.4783  0.5403  0.6128  0.5983  0.5648  -0.352  0.2053  0.4273  0.118   1.1973  
18      1.1263  9       11.48   8.24    54.908  -3.844  99.99   2.e-4	0.083	0.7414  0.7145  0.4783  0.5403  0.6128  0.5983  0.5648  -0.352  0.2053  0.4269  0.1181  1.1973  
18      1.127   9       11.47   8.25    54.875  -3.936  99.99   -9e-4	0.083	0.7414  0.7145  0.4783  0.5403  0.6128  0.5983  0.5648  -0.352  0.2053  0.4269  0.118   1.1983  
18-1                                                                          0.0903  -0.964  0.1464  -2.109  6.5995  0.579   -0.455  0.0307  -0.03   -0.492  0.1034  -0.4    

18-2    1.0637  9.02    11.85   8.14    50.183  -3.086  99.99   0.091	0.083	0.7414  0.7139  0.4784  0.5394  0.6162  0.5986  0.5646  -0.352  0.2053  0.4267  0.118   1.1969  
18-3    1.1062  9.05    12.27   8.05    45.6    -1.97   99.98   -2e-3	0.083	0.7415  0.7134  0.4784  0.5384  0.6196  0.5989  0.5644  -0.352  0.2053  0.4266  0.118   1.1965  
19      1.1065  9.04    12.27   8.04    45.588  -1.975  99.98   -1e-3	0.083	0.7421  0.7134  0.4784  0.5384  0.6196  0.5989  0.5644  -0.352  0.2053  0.4266  0.118   1.1965  
19      1.1     9.05    12.27   8.05    45.777  -1.728  99.98   4.e-3	0.083	0.7415  0.714   0.4784  0.5384  0.6196  0.5989  0.5644  -0.352  0.2053  0.4266  0.118   1.1965  
19      1.106   9.05    12.28   8.05    45.596  -1.945  99.98   9.e-4	0.083	0.7415  0.7134  0.4788  0.5384  0.6196  0.5989  0.5644  -0.352  0.2053  0.4266  0.118   1.1965  
19      1.1054  9.05    12.25   8.07    45.674  -2.057  99.98   -1e-3	0.083	0.7415  0.7134  0.4784  0.5389  0.6196  0.5989  0.5644  -0.352  0.2053  0.4266  0.118   1.1965  
19      1.119   9.05    12.33   8.04    44.97   -1.774  99.98   -4e-3	0.083	0.7415  0.7134  0.4784  0.5384  0.6201  0.5989  0.5644  -0.352  0.2053  0.4266  0.118   1.1965  
19      1.1083  9.04    12.27   8.04    45.507  -1.974  99.99   -2e-3	0.083	0.7415  0.7134  0.4784  0.5384  0.6196  0.5994  0.5644  -0.352  0.2053  0.4266  0.118   1.1965  
19      1.1062  9.05    12.27   8.05    45.603  -1.976  99.98   2.e-5	0.083	0.7415  0.7134  0.4784  0.5384  0.6196  0.5989  0.5648  -0.352  0.2053  0.4266  0.118   1.1965  
19      1.1064  9.05    12.27   8.05    45.593  -1.977  99.98   -1e-4	0.083	0.7415  0.7134  0.4784  0.5384  0.6196  0.5989  0.5644  -0.352  0.2053  0.4266  0.118   1.1965  
19      1.106   9.05    12.27   8.05    45.608  -1.965  99.98   2.e-4	0.083	0.7415  0.7134  0.4784  0.5384  0.6196  0.5989  0.5644  -0.352  0.2055  0.4266  0.118   1.1965  
19      1.1075  9.05    12.26   8.05    45.57   -2.033  99.98   -2e-3	0.083	0.7415  0.7134  0.4784  0.5384  0.6196  0.5989  0.5644  -0.352  0.2053  0.4269  0.118   1.1965  
19      1.1054  9.05    12.28   8.05    45.613  -1.914  99.98   1.e-3	0.083	0.7415  0.7134  0.4784  0.5384  0.6196  0.5989  0.5644  -0.352  0.2053  0.4266  0.1181  1.1965  
19      1.1068  9.04    12.25   8.04    45.582  -1.996  99.99   -3e-3	0.083	0.7415  0.7134  0.4784  0.5384  0.6196  0.5989  0.5644  -0.352  0.2053  0.4266  0.118   1.1975  
19-1                                                                          -0.677  2.3559  0.5588  -0.611  -2.485  -1.455  9.3e-3  -0.086  0.089   -1.002  0.8132  -1.858  

19-2    1.0577  9.05    12.16   8.07    47.778  -1.609  99.98   0.025	0.083	0.7411  0.7148  0.4786  0.5381  0.6183  0.5982  0.5644  -0.352  0.2053  0.4262  0.1181  1.1947  
19-3    1.024   9.06    12.07   8.1     49.993  -1.187  99.98   0.021	0.083	0.7407  0.7162  0.4789  0.5379  0.617   0.5975  0.5644  -0.352  0.2053  0.4258  0.1182  1.1928  
19-4    1.0471  9.07    11.98   8.13    52.245  -0.701  99.98   -0.03	0.083	0.7402  0.7176  0.4791  0.5376  0.6157  0.5967  0.5644  -0.352  0.2054  0.4255  0.1183  1.191   
20      1.0468  9.06    11.98   8.12    52.229  -0.707  99.98   -7e-4	0.083	0.7408  0.7176  0.4791  0.5376  0.6157  0.5967  0.5644  -0.352  0.2054  0.4255  0.1183  1.191   
20      1.0498  9.06    11.97   8.12    52.445  -0.464  99.98   -4e-3	0.083	0.7402  0.7182  0.4791  0.5376  0.6157  0.5967  0.5644  -0.352  0.2054  0.4255  0.1183  1.191   
20      1.0468  9.07    11.98   8.13    52.237  -0.673  99.98   2.e-4	0.083	0.7402  0.7176  0.4795  0.5376  0.6157  0.5967  0.5644  -0.352  0.2054  0.4255  0.1183  1.191   
20      1.0494  9.07    11.96   8.15    52.337  -0.79   99.98   -3e-3	0.083	0.7402  0.7176  0.4791  0.538   0.6157  0.5967  0.5644  -0.352  0.2054  0.4255  0.1183  1.191   
20      1.0338  9.07    12.03   8.12    51.591  -0.566  99.98   0.014	0.083	0.7402  0.7176  0.4791  0.5376  0.6162  0.5967  0.5644  -0.352  0.2054  0.4255  0.1183  1.191   
20      1.0452  9.06    11.98   8.12    52.141  -0.717  99.98   5.e-4	0.083	0.7402  0.7176  0.4791  0.5376  0.6157  0.5972  0.5644  -0.352  0.2054  0.4255  0.1183  1.191   
20      1.0472  9.06    11.97   8.12    52.249  -0.707  99.98   -2e-3	0.083	0.7402  0.7176  0.4791  0.5376  0.6157  0.5967  0.5648  -0.352  0.2054  0.4255  0.1183  1.191   
20      1.047   9.06    11.97   8.12    52.236  -0.71   99.98   -2e-3	0.083	0.7402  0.7176  0.4791  0.5376  0.6157  0.5967  0.5644  -0.352  0.2054  0.4255  0.1183  1.191   
20      1.0472  9.07    11.98   8.13    52.253  -0.695  99.98   -1e-4	0.083	0.7402  0.7176  0.4791  0.5376  0.6157  0.5967  0.5644  -0.352  0.2055  0.4255  0.1183  1.191   
20      1.047   9.07    11.97   8.13    52.218  -0.774  99.98   -7e-4	0.083	0.7402  0.7176  0.4791  0.5376  0.6157  0.5967  0.5644  -0.352  0.2054  0.4258  0.1183  1.191   
20      1.047   9.07    11.98   8.13    52.257  -0.64   99.98   -8e-6	0.083	0.7402  0.7176  0.4791  0.5376  0.6157  0.5967  0.5644  -0.352  0.2054  0.4255  0.1184  1.191   
20      1.047   9.06    11.96   8.12    52.228  -0.735  99.98   -3e-3	0.083	0.7402  0.7176  0.4791  0.5376  0.6157  0.5967  0.5644  -0.352  0.2054  0.4255  0.1183  1.192   
20-1                                                                          -0.279  -1.644  0.077   -1.343  5.6686  0.2063  -0.75   -0.678  -0.042  -0.293  -3.e-3  -1.015  

20-2    1.0384  9.09    12.33   8.06    48.152  -0.059  99.98   0.04 	0.083	0.7401  0.7166  0.4791  0.537   0.6186  0.5968  0.564   -0.352  0.2054  0.4254  0.1183  1.19    
20-3    1.1332  9.12    12.73   8       44.171  0.7871  99.98   -0.03	0.083	0.7399  0.7156  0.4791  0.5364  0.6215  0.5969  0.5637  -0.352  0.2053  0.4253  0.1183  1.189   
21      1.1335  9.12    12.74   8       44.16   0.7816  99.98   7.e-4	0.083	0.7405  0.7156  0.4791  0.5364  0.6215  0.5969  0.5637  -0.352  0.2053  0.4253  0.1183  1.189   
21      1.1298  9.12    12.73   8       44.345  1.0363  99.98   3.e-3	0.083	0.7399  0.7162  0.4791  0.5364  0.6215  0.5969  0.5637  -0.352  0.2053  0.4253  0.1183  1.189   
21      1.1334  9.12    12.73   8       44.168  0.812   99.98   -1e-4	0.083	0.7399  0.7156  0.4795  0.5364  0.6215  0.5969  0.5637  -0.352  0.2053  0.4253  0.1183  1.189   
21      1.1312  9.12    12.71   8.02    44.243  0.7039  99.98   -4e-4	0.083	0.7399  0.7156  0.4791  0.5368  0.6215  0.5969  0.5637  -0.352  0.2053  0.4253  0.1183  1.189   
21      1.1501  9.12    12.79   7.99    43.545  1.0005  99.98   -6e-3	0.083	0.7399  0.7156  0.4791  0.5364  0.6221  0.5969  0.5637  -0.352  0.2053  0.4253  0.1183  1.189   
21      1.1356  9.12    12.74   8       44.079  0.78    99.98   -7e-4	0.083	0.7399  0.7156  0.4791  0.5364  0.6215  0.5974  0.5637  -0.352  0.2053  0.4253  0.1183  1.189   
21      1.1331  9.12    12.73   8       44.175  0.782   99.98   8.e-5	0.083	0.7399  0.7156  0.4791  0.5364  0.6215  0.5969  0.5641  -0.352  0.2053  0.4253  0.1183  1.189   
21      1.1334  9.12    12.73   8       44.165  0.7797  99.98   -9e-5	0.083	0.7399  0.7156  0.4791  0.5364  0.6215  0.5969  0.5637  -0.352  0.2053  0.4253  0.1183  1.189   
21      1.1331  9.12    12.73   8       44.179  0.7916  99.98   1.e-4	0.083	0.7399  0.7156  0.4791  0.5364  0.6215  0.5969  0.5637  -0.352  0.2055  0.4253  0.1183  1.189   
21      1.1338  9.12    12.72   8       44.142  0.7277  99.98   -1e-3	0.083	0.7399  0.7156  0.4791  0.5364  0.6215  0.5969  0.5637  -0.352  0.2053  0.4256  0.1183  1.189   
21      1.1331  9.12    12.73   8       44.183  0.8445  99.98   1.e-4	0.083	0.7399  0.7156  0.4791  0.5364  0.6215  0.5969  0.5637  -0.352  0.2053  0.4253  0.1184  1.189   
21      1.1336  9.11    12.71   7.99    44.155  0.7578  99.98   -3e-3	0.083	0.7399  0.7156  0.4791  0.5364  0.6215  0.5969  0.5637  -0.352  0.2053  0.4253  0.1183  1.19    
21-1                                                                          0.5534  2.0256  -0.076  -0.298  -4.85   -0.561  0.0589  -0.071  0.1034  -1.017  0.0977  -2.288  

21-2    1.0495  9.11    12.48   8.04    47.701  0.5212  99.98   0.036	0.083	0.7402  0.7168  0.4791  0.5363  0.619   0.5967  0.5637  -0.352  0.2054  0.4249  0.1183  1.1867  
21-3    1.0274  9.11    12.26   8.09    51.296  0.4448  99.98   -4e-3	0.083	0.7406  0.718   0.4791  0.5361  0.6165  0.5964  0.5637  -0.352  0.2054  0.4246  0.1183  1.1845  
22      1.0271  9.1     12.26   8.08    51.281  0.4379  99.98   -7e-4	0.083	0.7412  0.718   0.4791  0.5361  0.6165  0.5964  0.5637  -0.352  0.2054  0.4246  0.1183  1.1845  
22      1.0329  9.11    12.26   8.09    51.494  0.6852  99.98   -4e-3	0.083	0.7406  0.7186  0.4791  0.5361  0.6165  0.5964  0.5637  -0.352  0.2054  0.4246  0.1183  1.1845  
22      1.0275  9.11    12.26   8.09    51.289  0.4728  99.98   4.e-6	0.083	0.7406  0.718   0.4795  0.5361  0.6165  0.5964  0.5637  -0.352  0.2054  0.4246  0.1183  1.1845  
22      1.0287  9.11    12.24   8.11    51.387  0.3607  99.98   -3e-3	0.083	0.7406  0.718   0.4791  0.5366  0.6165  0.5964  0.5637  -0.352  0.2054  0.4246  0.1183  1.1845  
22      1.0175  9.11    12.31   8.08    50.65   0.5848  99.98   0.013	0.083	0.7406  0.718   0.4791  0.5361  0.6171  0.5964  0.5637  -0.352  0.2054  0.4246  0.1183  1.1845  
22      1.0253  9.1     12.26   8.08    51.192  0.426   99.98   6.e-4	0.083	0.7406  0.718   0.4791  0.5361  0.6165  0.5969  0.5637  -0.352  0.2054  0.4246  0.1183  1.1845  
22      1.0275  9.11    12.26   8.09    51.302  0.44    99.98   -7e-5	0.083	0.7406  0.718   0.4791  0.5361  0.6165  0.5964  0.5642  -0.352  0.2054  0.4246  0.1183  1.1845  
22      1.0272  9.11    12.26   8.09    51.288  0.4354  99.98   1.e-4	0.083	0.7406  0.718   0.4791  0.5361  0.6165  0.5964  0.5637  -0.352  0.2054  0.4246  0.1183  1.1845  
22      1.0276  9.11    12.26   8.09    51.304  0.4508  99.98   -1e-4	0.083	0.7406  0.718   0.4791  0.5361  0.6165  0.5964  0.5637  -0.352  0.2056  0.4246  0.1183  1.1845  
22      1.0265  9.11    12.25   8.09    51.271  0.3744  99.98   -3e-4	0.083	0.7406  0.718   0.4791  0.5361  0.6165  0.5964  0.5637  -0.352  0.2054  0.4249  0.1183  1.1845  
22      1.0281  9.11    12.26   8.09    51.308  0.5053  99.98   -4e-4	0.083	0.7406  0.718   0.4791  0.5361  0.6165  0.5964  0.5637  -0.352  0.2054  0.4246  0.1184  1.1845  
22      1.0269  9.1     12.24   8.08    51.283  0.4077  99.98   -2e-3	0.083	0.7406  0.718   0.4791  0.5361  0.6165  0.5964  0.5637  -0.352  0.2054  0.4246  0.1183  1.1855  
22-1                                                                          -0.341  -1.863  2.2e-3  -1.432  6.3113  0.3176  -0.033  0.073   -0.072  -0.16   -0.191  -1.203  

22-2    1.0733  9.14    12.68   8.03    46.775  1.146   99.98   8.e-3	0.083	0.7404  0.7169  0.4791  0.5355  0.6198  0.5965  0.5637  -0.352  0.2054  0.4245  0.1183  1.1833  
22-3    1.1866  9.17    13.15   7.96    42.399  2.1047  99.98   -0.03	0.083	0.7402  0.7158  0.4791  0.5348  0.623   0.5967  0.5637  -0.352  0.2054  0.4245  0.1183  1.1821  
23      1.0734  9.14    12.68   8.03    46.772  1.1448  99.98   -4e-5	0.017	0.7405  0.7169  0.4791  0.5355  0.6198  0.5965  0.5637  -0.352  0.2054  0.4245  0.1183  1.1833  
23      1.0729  9.14    12.68   8.03    46.811  1.1952  99.98   4.e-4	0.017	0.7404  0.717   0.4791  0.5355  0.6198  0.5965  0.5637  -0.352  0.2054  0.4245  0.1183  1.1833  
23      1.0734  9.14    12.68   8.03    46.774  1.1513  99.98   -3e-5	0.017	0.7404  0.7169  0.4792  0.5355  0.6198  0.5965  0.5637  -0.352  0.2054  0.4245  0.1183  1.1833  
23      1.0729  9.14    12.67   8.03    46.791  1.1297  99.98   -6e-4	0.017	0.7404  0.7169  0.4791  0.5356  0.6198  0.5965  0.5637  -0.352  0.2054  0.4245  0.1183  1.1833  
23      1.0763  9.14    12.69   8.03    46.649  1.1822  99.98   -1e-3	0.017	0.7404  0.7169  0.4791  0.5355  0.6199  0.5965  0.5637  -0.352  0.2054  0.4245  0.1183  1.1833  
23      1.0737  9.14    12.68   8.03    46.755  1.1434  99.98   -3e-4	0.017	0.7404  0.7169  0.4791  0.5355  0.6198  0.5966  0.5637  -0.352  0.2054  0.4245  0.1183  1.1833  
23      1.0733  9.14    12.68   8.03    46.776  1.1452  99.98   2.e-5	0.017	0.7404  0.7169  0.4791  0.5355  0.6198  0.5965  0.5638  -0.352  0.2054  0.4245  0.1183  1.1833  
23      1.0733  9.14    12.68   8.03    46.773  1.1444  99.98   -1e-5	0.017	0.7404  0.7169  0.4791  0.5355  0.6198  0.5965  0.5637  -0.352  0.2054  0.4245  0.1183  1.1833  
23      1.0733  9.14    12.68   8.03    46.776  1.1471  99.98   2.e-5	0.017	0.7404  0.7169  0.4791  0.5355  0.6198  0.5965  0.5637  -0.352  0.2054  0.4245  0.1183  1.1833  
23      1.0733  9.14    12.67   8.03    46.769  1.1335  99.98   -9e-4	0.017	0.7404  0.7169  0.4791  0.5355  0.6198  0.5965  0.5637  -0.352  0.2054  0.4246  0.1183  1.1833  
23      1.0734  9.14    12.68   8.03    46.777  1.1581  99.98   -7e-6	0.017	0.7404  0.7169  0.4791  0.5355  0.6198  0.5965  0.5637  -0.352  0.2054  0.4245  0.1183  1.1833  
23      1.0733  9.14    12.67   8.03    46.772  1.1392  99.98   -9e-4	0.017	0.7404  0.7169  0.4791  0.5355  0.6198  0.5965  0.5637  -0.352  0.2054  0.4245  0.1183  1.1835  
23-1                                                                          -0.094  1.0371  -0.09   -1.553  -3.34   -0.803  0.0512  -0.039  0.0577  -2.487  -0.019  -2.429  

23-2    1.0633  9.14    12.65   8.03    47.246  1.1532  99.98   5.e-3	0.017	0.7404  0.717   0.4791  0.5353  0.6194  0.5965  0.5637  -0.352  0.2054  0.4243  0.1183  1.1828  
23-3    1.0539  9.14    12.63   8.03    47.718  1.1652  99.98   5.e-3	0.017	0.7403  0.7172  0.4791  0.5352  0.6191  0.5964  0.5637  -0.352  0.2054  0.4242  0.1183  1.1823  
23-4    1.045   9.14    12.61   8.03    48.189  1.1808  99.98   5.e-3	0.017	0.7403  0.7173  0.4791  0.5351  0.6187  0.5963  0.5637  -0.352  0.2054  0.424   0.1183  1.1819  
23-5    1.0371  9.14    12.59   8.04    48.662  1.2013  99.98   5.e-3	0.017	0.7403  0.7174  0.4791  0.5349  0.6184  0.5962  0.5637  -0.352  0.2054  0.4238  0.1183  1.1814  
23-6    1.0308  9.14    12.57   8.04    49.132  1.2263  99.98   4.e-3	0.017	0.7403  0.7175  0.479   0.5348  0.6181  0.5961  0.5637  -0.352  0.2054  0.4236  0.1183  1.1809  
23-7    1.0268  9.14    12.56   8.04    49.604  1.2549  99.98   3.e-3	0.017	0.7403  0.7176  0.479   0.5347  0.6177  0.5961  0.5637  -0.352  0.2054  0.4235  0.1183  1.1804  
23-8    1.0261  9.14    12.54   8.04    50.074  1.289   99.98   1.e-4	0.017	0.7403  0.7178  0.479   0.5345  0.6174  0.596   0.5637  -0.352  0.2054  0.4233  0.1183  1.18    
23-9    1.0289  9.14    12.52   8.04    50.544  1.3263  99.98   -6e-3	0.017	0.7403  0.7179  0.479   0.5344  0.617   0.5959  0.5637  -0.352  0.2054  0.4231  0.1183  1.1795  
24      1.0261  9.14    12.54   8.04    50.073  1.2887  99.98   6.e-6	3.e-3	0.7403  0.7178  0.479   0.5345  0.6174  0.596   0.5637  -0.352  0.2054  0.4233  0.1183  1.18    
24      1.0263  9.14    12.54   8.04    50.081  1.2989  99.98   -1e-4	3.e-3	0.7403  0.7178  0.479   0.5345  0.6174  0.596   0.5637  -0.352  0.2054  0.4233  0.1183  1.18    
24      1.0262  9.14    12.54   8.04    50.073  1.2901  99.98   -1e-5	3.e-3	0.7403  0.7178  0.479   0.5345  0.6174  0.596   0.5637  -0.352  0.2054  0.4233  0.1183  1.18    
24      1.0261  9.14    12.54   8.04    50.077  1.2859  99.98   1.e-5	3.e-3	0.7403  0.7178  0.479   0.5345  0.6174  0.596   0.5637  -0.352  0.2054  0.4233  0.1183  1.18    
24      1.0262  9.14    12.54   8.04    50.049  1.2945  99.98   8.e-5	3.e-3	0.7403  0.7178  0.479   0.5345  0.6174  0.596   0.5637  -0.352  0.2054  0.4233  0.1183  1.18    
24      1.0261  9.14    12.54   8.04    50.07   1.2882  99.98   3.e-5	3.e-3	0.7403  0.7178  0.479   0.5345  0.6174  0.596   0.5637  -0.352  0.2054  0.4233  0.1183  1.18    
24      1.0261  9.14    12.54   8.04    50.074  1.2889  99.98   -9e-8	3.e-3	0.7403  0.7178  0.479   0.5345  0.6174  0.596   0.5638  -0.352  0.2054  0.4233  0.1183  1.18    
24      1.0261  9.14    12.54   8.04    50.073  1.2887  99.98   4.e-6	3.e-3	0.7403  0.7178  0.479   0.5345  0.6174  0.596   0.5637  -0.352  0.2054  0.4233  0.1183  1.18    
24      1.0261  9.14    12.54   8.04    50.074  1.2892  99.98   -5e-6	3.e-3	0.7403  0.7178  0.479   0.5345  0.6174  0.596   0.5637  -0.352  0.2054  0.4233  0.1183  1.18    
24      1.0261  9.14    12.54   8.04    50.073  1.2863  99.98   3.e-5	3.e-3	0.7403  0.7178  0.479   0.5345  0.6174  0.596   0.5637  -0.352  0.2054  0.4233  0.1183  1.18    
24      1.0262  9.14    12.54   8.04    50.074  1.2915  99.98   -3e-5	3.e-3	0.7403  0.7178  0.479   0.5345  0.6174  0.596   0.5637  -0.352  0.2054  0.4233  0.1183  1.18    
24      1.0261  9.14    12.54   8.04    50.073  1.2875  99.98   2.e-5	3.e-3	0.7403  0.7178  0.479   0.5345  0.6174  0.596   0.5637  -0.352  0.2054  0.4233  0.1183  1.18    
24-1                                                                          0.1833  -4.713  -0.334  0.4031  2.4796  1.0146  -3.e-3  0.1433  -0.152  1.0683  -0.916  0.5891  

24-2    1.0253  9.14    12.54   8.04    49.971  1.2477  99.98   7.e-4	3.e-3	0.7403  0.7177  0.479   0.5345  0.6174  0.596   0.5637  -0.352  0.2054  0.4233  0.1183  1.18    

Run     SWR     Gain    F/B     F/R     R-a     X-a     Eff.    %Res.   %Stp  Lr      Ld      L1      L2      L3      L4      L5      xr      x1      x2      x3      x5      

25-0    1.0253  9.14    12.54   8.04    49.971  1.2477  99.98   0    	0    	0.7403  0.7177  0.479   0.5345  0.6174  0.596   0.5637  -0.352  0.2054  0.4233  0.1183  1.18    
25      1.0251  9.13    12.54   8.03    49.954  1.2392  99.98   -5e-3	0.1  	0.741   0.7177  0.479   0.5345  0.6174  0.596   0.5637  -0.352  0.2054  0.4233  0.1183  1.18    
25      1.0315  9.13    12.53   8.03    50.205  1.5425  99.98   -9e-3	0.1  	0.7403  0.7184  0.479   0.5345  0.6174  0.596   0.5637  -0.352  0.2054  0.4233  0.1183  1.18    
25      1.026   9.14    12.54   8.04    49.963  1.281   99.98   -3e-4	0.1  	0.7403  0.7177  0.4795  0.5345  0.6174  0.596   0.5637  -0.352  0.2054  0.4233  0.1183  1.18    
25      1.0234  9.14    12.51   8.06    50.078  1.1537  99.98   -2e-3	0.1  	0.7403  0.7177  0.479   0.5351  0.6174  0.596   0.5637  -0.352  0.2054  0.4233  0.1183  1.18    
25      1.0334  9.14    12.6    8.03    49.204  1.4245  99.98   -1e-3	0.1  	0.7403  0.7177  0.479   0.5345  0.618   0.596   0.5637  -0.352  0.2054  0.4233  0.1183  1.18    
25      1.025   9.13    12.54   8.02    49.847  1.2231  99.98   -5e-3	0.1  	0.7403  0.7177  0.479   0.5345  0.6174  0.5966  0.5637  -0.352  0.2054  0.4233  0.1183  1.18    
25      1.0252  9.14    12.54   8.03    49.978  1.2431  99.98   7.e-5	0.1  	0.7403  0.7177  0.479   0.5345  0.6174  0.596   0.5643  -0.352  0.2054  0.4233  0.1183  1.18    
25      1.0251  9.14    12.54   8.04    49.962  1.2367  99.98   3.e-5	0.1  	0.7403  0.7177  0.479   0.5345  0.6174  0.596   0.5637  -0.352  0.2054  0.4233  0.1183  1.18    
25      1.0254  9.14    12.54   8.04    49.981  1.2549  99.98   2.e-6	0.1  	0.7403  0.7177  0.479   0.5345  0.6174  0.596   0.5637  -0.352  0.2056  0.4233  0.1183  1.18    
25      1.0236  9.14    12.53   8.04    49.944  1.1666  99.98   -5e-4	0.1  	0.7403  0.7177  0.479   0.5345  0.6174  0.596   0.5637  -0.352  0.2054  0.4237  0.1183  1.18    
25      1.0268  9.14    12.55   8.04    49.984  1.3204  99.98   4.e-4	0.1  	0.7403  0.7177  0.479   0.5345  0.6174  0.596   0.5637  -0.352  0.2054  0.4233  0.1184  1.18    
25      1.0243  9.13    12.52   8.03    49.959  1.2015  99.98   -6e-3	0.1  	0.7403  0.7177  0.479   0.5345  0.6174  0.596   0.5637  -0.352  0.2054  0.4233  0.1183  1.1812  
25-1                                                                          -1.898  -3.509  -0.114  -0.923  -0.541  -2.097  0.0299  0.0135  9.1e-4  -0.186  0.1805  -2.507  

25-2    67.344  9.07    12.87   8.46    5.1086  -121.2  100     -23.6	10   	0.5998  0.4658  0.4736  0.4852  0.5841  0.471   0.5654  -0.352  0.2054  0.4154  0.1204  0.8841  
26      1.0251  9.13    12.54   8.03    49.954  1.2392  99.98   -5e-3	0.1  	0.741   0.7177  0.479   0.5345  0.6174  0.596   0.5637  -0.352  0.2054  0.4233  0.1183  1.18    
26      1.0315  9.13    12.53   8.03    50.205  1.5425  99.98   -9e-3	0.1  	0.7403  0.7184  0.479   0.5345  0.6174  0.596   0.5637  -0.352  0.2054  0.4233  0.1183  1.18    
26      1.026   9.14    12.54   8.04    49.963  1.281   99.98   -3e-4	0.1  	0.7403  0.7177  0.4795  0.5345  0.6174  0.596   0.5637  -0.352  0.2054  0.4233  0.1183  1.18    
26      1.0234  9.14    12.51   8.06    50.078  1.1537  99.98   -2e-3	0.1  	0.7403  0.7177  0.479   0.5351  0.6174  0.596   0.5637  -0.352  0.2054  0.4233  0.1183  1.18    
26      1.0334  9.14    12.6    8.03    49.204  1.4245  99.98   -1e-3	0.1  	0.7403  0.7177  0.479   0.5345  0.618   0.596   0.5637  -0.352  0.2054  0.4233  0.1183  1.18    
26      1.025   9.13    12.54   8.02    49.847  1.2231  99.98   -5e-3	0.1  	0.7403  0.7177  0.479   0.5345  0.6174  0.5966  0.5637  -0.352  0.2054  0.4233  0.1183  1.18    
26      1.0252  9.14    12.54   8.03    49.978  1.2431  99.98   7.e-5	0.1  	0.7403  0.7177  0.479   0.5345  0.6174  0.596   0.5643  -0.352  0.2054  0.4233  0.1183  1.18    
26      1.0251  9.14    12.54   8.04    49.962  1.2367  99.98   3.e-5	0.1  	0.7403  0.7177  0.479   0.5345  0.6174  0.596   0.5637  -0.352  0.2054  0.4233  0.1183  1.18    
26      1.0254  9.14    12.54   8.04    49.981  1.2549  99.98   2.e-6	0.1  	0.7403  0.7177  0.479   0.5345  0.6174  0.596   0.5637  -0.352  0.2056  0.4233  0.1183  1.18    
26      1.0236  9.14    12.53   8.04    49.944  1.1666  99.98   -5e-4	0.1  	0.7403  0.7177  0.479   0.5345  0.6174  0.596   0.5637  -0.352  0.2054  0.4237  0.1183  1.18    
26      1.0268  9.14    12.55   8.04    49.984  1.3204  99.98   4.e-4	0.1  	0.7403  0.7177  0.479   0.5345  0.6174  0.596   0.5637  -0.352  0.2054  0.4233  0.1184  1.18    
26      1.0243  9.13    12.52   8.03    49.959  1.2015  99.98   -6e-3	0.1  	0.7403  0.7177  0.479   0.5345  0.6174  0.596   0.5637  -0.352  0.2054  0.4233  0.1183  1.1812  
26-1                                                                          -1.898  -3.509  -0.114  -0.923  -0.541  -2.097  0.0299  0.0135  9.1e-4  -0.186  0.1805  -2.507  

26-2    1.4362  9.74    13.94   9.05    42.014  -14.65  99.98   0.219	2    	0.7122  0.6673  0.4779  0.5247  0.6108  0.571   0.5641  -0.352  0.2054  0.4217  0.1187  1.1208  
26-3    2.7852  10.13   15.97   10.01   28.451  -34.11  99.98   -0.18	2    	0.6851  0.6205  0.4768  0.515   0.6042  0.547   0.5644  -0.352  0.2054  0.4202  0.1191  1.0646  
27      2.7853  10.13   15.99   10      28.469  -34.14  99.98   2.e-3	0.1  	0.6858  0.6205  0.4768  0.515   0.6042  0.547   0.5644  -0.352  0.2054  0.4202  0.1191  1.0646  
27      2.7536  10.13   15.97   10      28.597  -33.74  99.98   0.012	0.1  	0.6851  0.6211  0.4768  0.515   0.6042  0.547   0.5644  -0.352  0.2054  0.4202  0.1191  1.0646  
27      2.7855  10.13   15.96   10.01   28.436  -34.09  99.98   -1e-3	0.1  	0.6851  0.6205  0.4773  0.515   0.6042  0.547   0.5644  -0.352  0.2054  0.4202  0.1191  1.0646  
27      2.7775  10.13   15.93   10.02   28.522  -34.07  99.98   -4e-4	0.1  	0.6851  0.6205  0.4768  0.5155  0.6042  0.547   0.5644  -0.352  0.2054  0.4202  0.1191  1.0646  
27      2.811   10.13   16.01   10      28.196  -34.2   99.98   -7e-3	0.1  	0.6851  0.6205  0.4768  0.515   0.6048  0.547   0.5644  -0.352  0.2054  0.4202  0.1191  1.0646  
27      2.7875  10.13   15.97   10      28.456  -34.16  99.98   -8e-4	0.1  	0.6851  0.6205  0.4768  0.515   0.6042  0.5476  0.5644  -0.352  0.2054  0.4202  0.1191  1.0646  
27      2.7836  10.13   15.96   9.99    28.449  -34.08  99.98   -3e-4	0.1  	0.6851  0.6205  0.4768  0.515   0.6042  0.547   0.565   -0.352  0.2054  0.4202  0.1191  1.0646  
27      2.7852  10.13   15.96   10.01   28.459  -34.12  99.98   -8e-4	0.1  	0.6851  0.6205  0.4768  0.515   0.6042  0.547   0.5644  -0.352  0.2054  0.4202  0.1191  1.0646  
27      2.7846  10.13   15.96   10.01   28.453  -34.1   99.98   -6e-4	0.1  	0.6851  0.6205  0.4768  0.515   0.6042  0.547   0.5644  -0.352  0.2056  0.4202  0.1191  1.0646  
27      2.7847  10.13   15.96   10.01   28.476  -34.14  99.98   -6e-4	0.1  	0.6851  0.6205  0.4768  0.515   0.6042  0.547   0.5644  -0.352  0.2054  0.4206  0.1191  1.0646  
27      2.7843  10.13   15.96   10.01   28.444  -34.08  99.98   -6e-4	0.1  	0.6851  0.6205  0.4768  0.515   0.6042  0.547   0.5644  -0.352  0.2054  0.4202  0.1192  1.0646  
27      2.78    10.12   15.9    9.99    28.516  -34.11  99.98   -8e-3	0.1  	0.6851  0.6205  0.4768  0.515   0.6042  0.547   0.5644  -0.352  0.2054  0.4202  0.1191  1.0657  
27-1                                                                          0.6328  4.1767  -0.363  -0.13   -2.434  -0.279  -0.109  -0.289  -0.222  -0.193  -0.202  -2.969  

27-2    1.012   10.17   18.56   9.67    50.357  0.4776  99.98   0.979	2    	0.6938  0.6723  0.4734  0.5136  0.5747  0.544   0.5632  -0.35   0.2045  0.4185  0.1186  1.0014  
27-3    2.0114  10.06   19.23   9.14    80.862  33.223  99.98   -0.5 	2    	0.7026  0.7284  0.4699  0.5123  0.5468  0.541   0.5619  -0.348  0.2036  0.4169  0.1182  0.9419  
28      2.0098  10.06   19.28   9.13    80.863  33.151  99.98   5.e-3	0.1  	0.7033  0.7284  0.4699  0.5123  0.5468  0.541   0.5619  -0.348  0.2036  0.4169  0.1182  0.9419  
28      2.0256  10.06   19.22   9.14    81.261  33.654  99.98   -8e-3	0.1  	0.7026  0.7292  0.4699  0.5123  0.5468  0.541   0.5619  -0.348  0.2036  0.4169  0.1182  0.9419  
28      2.0111  10.06   19.24   9.14    80.794  33.244  99.98   1.e-3	0.1  	0.7026  0.7284  0.4704  0.5123  0.5468  0.541   0.5619  -0.348  0.2036  0.4169  0.1182  0.9419  
28      2.0155  10.07   19.23   9.17    80.909  33.385  99.98   3.e-3	0.1  	0.7026  0.7284  0.4699  0.5128  0.5468  0.541   0.5619  -0.348  0.2036  0.4169  0.1182  0.9419  
28      2.0056  10.06   19.25   9.15    80.67   33.062  99.98   5.e-3	0.1  	0.7026  0.7284  0.4699  0.5123  0.5473  0.541   0.5619  -0.348  0.2036  0.4169  0.1182  0.9419  
28      2.0094  10.06   19.16   9.14    80.923  33.099  99.98   -6e-3	0.1  	0.7026  0.7284  0.4699  0.5123  0.5468  0.5415  0.5619  -0.348  0.2036  0.4169  0.1182  0.9419  
28      2.0098  10.06   19.31   9.12    80.672  33.251  99.98   8.e-3	0.1  	0.7026  0.7284  0.4699  0.5123  0.5468  0.541   0.5625  -0.348  0.2036  0.4169  0.1182  0.9419  
28      2.0106  10.06   19.23   9.14    80.868  33.185  99.98   2.e-4	0.1  	0.7026  0.7284  0.4699  0.5123  0.5468  0.541   0.5619  -0.348  0.2036  0.4169  0.1182  0.9419  
28      2.0118  10.06   19.23   9.14    80.852  33.246  99.98   -9e-5	0.1  	0.7026  0.7284  0.4699  0.5123  0.5468  0.541   0.5619  -0.348  0.2038  0.4169  0.1182  0.9419  
28      2.0116  10.06   19.21   9.14    80.934  33.191  99.98   -2e-3	0.1  	0.7026  0.7284  0.4699  0.5123  0.5468  0.541   0.5619  -0.348  0.2036  0.4173  0.1182  0.9419  
28      2.012   10.06   19.23   9.14    80.839  33.264  99.98   -1e-4	0.1  	0.7026  0.7284  0.4699  0.5123  0.5468  0.541   0.5619  -0.348  0.2036  0.4169  0.1183  0.9419  
28      2.0164  10.06   19.23   9.14    80.93   33.413  99.98   -2e-3	0.1  	0.7026  0.7284  0.4699  0.5123  0.5468  0.541   0.5619  -0.348  0.2036  0.4169  0.1182  0.9429  
28-1                                                                          1.4326  -2.354  0.3924  0.8678  1.4115  -1.658  2.4891  0.0721  -0.027  -0.633  -0.033  -0.629  

28-2    1.3657  10.23   27.99   8.14    49.434  15.547  99.98   1.199	2    	0.7227  0.6941  0.4736  0.5212  0.5622  0.523   0.5899  -0.348  0.2035  0.4117  0.1181  0.9301  
28-3    1.6356  9.91    12.7    6.38    30.774  3.2301  99.99   -1.54	2    	0.7434  0.6615  0.4773  0.5302  0.5781  0.5057  0.6193  -0.349  0.2034  0.4064  0.118   0.9184  
29      1.6346  9.91    12.67   6.38    30.792  3.2185  99.99   -2e-3	0.1  	0.7442  0.6615  0.4773  0.5302  0.5781  0.5057  0.6193  -0.349  0.2034  0.4064  0.118   0.9184  
29      1.6305  9.91    12.7    6.38    30.936  3.6983  99.99   3.e-3	0.1  	0.7434  0.6621  0.4773  0.5302  0.5781  0.5057  0.6193  -0.349  0.2034  0.4064  0.118   0.9184  
29      1.6369  9.91    12.69   6.38    30.752  3.2516  99.99   -1e-3	0.1  	0.7434  0.6615  0.4778  0.5302  0.5781  0.5057  0.6193  -0.349  0.2034  0.4064  0.118   0.9184  
29      1.6348  9.92    12.66   6.4     30.813  3.4028  99.99   2.e-3	0.1  	0.7434  0.6615  0.4773  0.5308  0.5781  0.5057  0.6193  -0.349  0.2034  0.4064  0.118   0.9184  
29      1.6399  9.91    12.68   6.38    30.686  3.1738  99.99   -4e-3	0.1  	0.7434  0.6615  0.4773  0.5302  0.5786  0.5057  0.6193  -0.349  0.2034  0.4064  0.118   0.9184  
29      1.6357  9.91    12.71   6.38    30.768  3.1992  99.99   8.e-4	0.1  	0.7434  0.6615  0.4773  0.5302  0.5781  0.5062  0.6193  -0.349  0.2034  0.4064  0.118   0.9184  
29      1.638   9.89    12.57   6.33    30.757  3.4436  99.99   -0.02	0.1  	0.7434  0.6615  0.4773  0.5302  0.5781  0.5057  0.6199  -0.349  0.2034  0.4064  0.118   0.9184  
29      1.6349  9.91    12.69   6.38    30.788  3.2273  99.99   -6e-4	0.1  	0.7434  0.6615  0.4773  0.5302  0.5781  0.5057  0.6193  -0.349  0.2034  0.4064  0.118   0.9184  
29      1.6359  9.91    12.69   6.38    30.771  3.2445  99.99   -1e-3	0.1  	0.7434  0.6615  0.4773  0.5302  0.5781  0.5057  0.6193  -0.349  0.2036  0.4064  0.118   0.9184  
29      1.6338  9.91    12.7    6.38    30.808  3.2265  99.99   8.e-4	0.1  	0.7434  0.6615  0.4773  0.5302  0.5781  0.5057  0.6193  -0.349  0.2034  0.4068  0.118   0.9184  
29      1.6365  9.91    12.69   6.38    30.759  3.2481  99.99   -1e-3	0.1  	0.7434  0.6615  0.4773  0.5302  0.5781  0.5057  0.6193  -0.349  0.2034  0.4064  0.1181  0.9184  
29      1.6304  9.91    12.68   6.38    30.887  3.3368  99.99   6.e-4	0.1  	0.7434  0.6615  0.4773  0.5302  0.5781  0.5057  0.6193  -0.349  0.2034  0.4064  0.118   0.9193  
29-1                                                                          -0.697  0.8248  -0.455  0.4736  -1.164  0.2613  -6.792  -0.172  -0.31   0.2578  -0.399  0.1941  

29-2    1.0557  9.92    19.89   11.13   52.777  0.1813  99.98   0.935	2    	0.7331  0.6724  0.473   0.5353  0.5646  0.5083  0.5352  -0.348  0.2021  0.4085  0.1171  0.9219  
29-3    1.5406  9.49    14.31   12.1    71.207  15.019  99.98   -0.93	2    	0.7229  0.6835  0.4687  0.5403  0.5515  0.511   0.4625  -0.346  0.2008  0.4106  0.1161  0.9255  
30      1.5396  9.48    14.29   12.07   71.214  14.944  99.98   -6e-3	0.1  	0.7236  0.6835  0.4687  0.5403  0.5515  0.511   0.4625  -0.346  0.2008  0.4106  0.1161  0.9255  
30      1.5528  9.49    14.3    12.1    71.569  15.462  99.98   -7e-3	0.1  	0.7229  0.6841  0.4687  0.5403  0.5515  0.511   0.4625  -0.346  0.2008  0.4106  0.1161  0.9255  
30      1.5399  9.49    14.31   12.1    71.163  15.021  99.98   5.e-4	0.1  	0.7229  0.6835  0.4692  0.5403  0.5515  0.511   0.4625  -0.346  0.2008  0.4106  0.1161  0.9255  
30      1.5451  9.49    14.27   12.14   71.323  15.206  99.98   -6e-3	0.1  	0.7229  0.6835  0.4687  0.5409  0.5515  0.511   0.4625  -0.346  0.2008  0.4106  0.1161  0.9255  
30      1.5359  9.49    14.32   12.11   71.095  14.819  99.98   3.e-3	0.1  	0.7229  0.6835  0.4687  0.5403  0.552   0.511   0.4625  -0.346  0.2008  0.4106  0.1161  0.9255  
30      1.5411  9.49    14.29   12.09   71.262  14.998  99.98   -2e-3	0.1  	0.7229  0.6835  0.4687  0.5403  0.5515  0.5115  0.4625  -0.346  0.2008  0.4106  0.1161  0.9255  
30      1.5398  9.49    14.32   12.1    71.174  15      99.98   1.e-3	0.1  	0.7229  0.6835  0.4687  0.5403  0.5515  0.511   0.4629  -0.346  0.2008  0.4106  0.1161  0.9255  
30      1.5402  9.49    14.3    12.1    71.224  14.977  99.98   -9e-4	0.1  	0.7229  0.6835  0.4687  0.5403  0.5515  0.511   0.4625  -0.347  0.2008  0.4106  0.1161  0.9255  
30      1.5407  9.49    14.31   12.1    71.2    15.034  99.98   -1e-5	0.1  	0.7229  0.6835  0.4687  0.5403  0.5515  0.511   0.4625  -0.346  0.201   0.4106  0.1161  0.9255  
30      1.5416  9.49    14.29   12.1    71.304  14.983  99.98   -3e-3	0.1  	0.7229  0.6835  0.4687  0.5403  0.5515  0.511   0.4625  -0.346  0.2008  0.411   0.1161  0.9255  
30      1.5407  9.49    14.31   12.1    71.187  15.051  99.98   5.e-5	0.1  	0.7229  0.6835  0.4687  0.5403  0.5515  0.511   0.4625  -0.346  0.2008  0.4106  0.1163  0.9255  
30      1.5413  9.49    14.3    12.1    71.197  15.084  99.98   -1e-3	0.1  	0.7229  0.6835  0.4687  0.5403  0.5515  0.511   0.4625  -0.346  0.2008  0.4106  0.1161  0.9264  
30-1                                                                          -2.381  -2.758  0.1773  -2.25   1.2144  -0.879  0.5201  -0.335  -5.e-3  -1.025  0.0181  -0.437  

30-2    1.4077  9.46    16.22   12.13   45.406  -15.72  99.98   0.285	2    	0.6884  0.6458  0.4704  0.516   0.5649  0.502   0.4673  -0.344  0.2008  0.4022  0.1162  0.9174  
30-3    3.2457  9.39    14.56   12.43   27.87   -40.93  99.98   -0.91	2    	0.6557  0.6101  0.472   0.4928  0.5786  0.4932  0.4721  -0.342  0.2008  0.394   0.1162  0.9094  
31      1.4089  9.46    16.27   12.11   45.43   -15.77  99.98   4.e-3	0.1  	0.6891  0.6458  0.4704  0.516   0.5649  0.502   0.4673  -0.344  0.2008  0.4022  0.1162  0.9174  
31      1.3937  9.46    16.22   12.13   45.633  -15.32  99.98   6.e-3	0.1  	0.6884  0.6464  0.4704  0.516   0.5649  0.502   0.4673  -0.344  0.2008  0.4022  0.1162  0.9174  
31      1.408   9.47    16.24   12.15   45.371  -15.71  99.98   6.e-3	0.1  	0.6884  0.6458  0.4708  0.516   0.5649  0.502   0.4673  -0.344  0.2008  0.4022  0.1162  0.9174  
31      1.4046  9.47    16.21   12.17   45.438  -15.62  99.98   5.e-3	0.1  	0.6884  0.6458  0.4704  0.5165  0.5649  0.502   0.4673  -0.344  0.2008  0.4022  0.1162  0.9174  
31      1.4135  9.47    16.26   12.15   45.265  -15.85  99.98   5.e-3	0.1  	0.6884  0.6458  0.4704  0.516   0.5654  0.502   0.4673  -0.344  0.2008  0.4022  0.1162  0.9174  
31      1.4075  9.47    16.2    12.13   45.438  -15.72  99.98   3.e-3	0.1  	0.6884  0.6458  0.4704  0.516   0.5649  0.5025  0.4673  -0.344  0.2008  0.4022  0.1162  0.9174  
31      1.4085  9.47    16.24   12.14   45.385  -15.73  99.98   6.e-3	0.1  	0.6884  0.6458  0.4704  0.516   0.5649  0.502   0.4678  -0.344  0.2008  0.4022  0.1162  0.9174  
31      1.4082  9.46    16.22   12.13   45.418  -15.74  99.98   -1e-4	0.1  	0.6884  0.6458  0.4704  0.516   0.5649  0.502   0.4673  -0.344  0.2008  0.4022  0.1162  0.9174  
31      1.4075  9.46    16.22   12.13   45.4    -15.7   99.98   6.e-5	0.1  	0.6884  0.6458  0.4704  0.516   0.5649  0.502   0.4673  -0.344  0.201   0.4022  0.1162  0.9174  
31      1.4074  9.46    16.2    12.14   45.454  -15.73  99.98   -1e-3	0.1  	0.6884  0.6458  0.4704  0.516   0.5649  0.502   0.4673  -0.344  0.2008  0.4026  0.1162  0.9174  
31      1.4073  9.46    16.22   12.13   45.395  -15.7   99.98   1.e-4	0.1  	0.6884  0.6458  0.4704  0.516   0.5649  0.502   0.4673  -0.344  0.2008  0.4022  0.1163  0.9174  
31      1.4068  9.46    16.23   12.13   45.392  -15.67  99.98   1.e-3	0.1  	0.6884  0.6458  0.4704  0.516   0.5649  0.502   0.4673  -0.344  0.2008  0.4022  0.1162  0.9183  
31-1                                                                          1.2603  1.8982  1.8966  1.5611  1.6673  0.9739  1.8676  -0.037  0.0192  -0.43   0.0326  0.3554  

31-2    1.333   9.52    16.62   12.2    46.089  -13.28  99.98   0.092	0.4  	0.6919  0.6507  0.4739  0.5192  0.5686  0.504   0.4708  -0.344  0.2008  0.4015  0.1162  0.9187  
31-3    1.2625  9.58    16.98   12.28   46.717  -10.81  99.98   0.087	0.4  	0.6954  0.6556  0.4775  0.5225  0.5724  0.5059  0.4743  -0.344  0.2008  0.4008  0.1162  0.92    
31-4    1.196   9.64    17.32   12.38   47.289  -8.281  99.98   0.083	0.4  	0.6989  0.6606  0.4812  0.5257  0.5762  0.5079  0.4778  -0.344  0.2009  0.4002  0.1162  0.9213  
31-5    1.1331  9.7     17.62   12.5    47.808  -5.705  99.98   0.078	0.4  	0.7024  0.6656  0.4848  0.529   0.5801  0.5099  0.4814  -0.344  0.2009  0.3995  0.1162  0.9227  
31-6    1.0744  9.76    17.9    12.63   48.274  -3.076  99.98   0.075	0.4  	0.706   0.6706  0.4885  0.5323  0.5839  0.5119  0.485   -0.344  0.2009  0.3988  0.1163  0.924   
31-7    1.0281  9.83    18.15   12.78   48.688  -0.392  99.98   0.072	0.4  	0.7095  0.6757  0.4922  0.5356  0.5878  0.5138  0.4886  -0.344  0.2009  0.3981  0.1163  0.9253  
31-8    1.0524  9.9     18.38   12.95   49.052  2.3461  99.98   0.045	0.4  	0.7131  0.6809  0.4959  0.539   0.5918  0.5158  0.4923  -0.344  0.2009  0.3974  0.1163  0.9266  
31-9    1.1098  9.97    18.58   13.14   49.364  5.1369  99.98   0.031	0.4  	0.7167  0.686   0.4997  0.5424  0.5957  0.5179  0.496   -0.344  0.2009  0.3967  0.1163  0.9279  
31-10   1.1737  10.05   18.77   13.36   49.622  7.9763  99.98   0.032	0.4  	0.7203  0.6912  0.5035  0.5457  0.5997  0.5199  0.4997  -0.344  0.201   0.396   0.1163  0.9292  
31-11   1.2426  10.12   18.94   13.58   49.823  10.862  99.97   0.023	0.4  	0.7239  0.6965  0.5073  0.5492  0.6037  0.5219  0.5034  -0.343  0.201   0.3954  0.1163  0.9305  
31-12   1.3164  10.2    19.1    13.83   49.96   13.785  99.97   0.025	0.4  	0.7276  0.7018  0.5111  0.5526  0.6077  0.5239  0.5072  -0.343  0.201   0.3947  0.1163  0.9319  
31-13   1.3953  10.28   19.25   14.1    50.023  16.737  99.97   0.022	0.4  	0.7313  0.7071  0.515   0.556   0.6118  0.526   0.5109  -0.343  0.201   0.394   0.1164  0.9332  
31-14   1.4794  10.35   19.38   14.38   49.995  19.708  99.97   0.013	0.4  	0.7349  0.7125  0.5189  0.5595  0.6158  0.528   0.5148  -0.343  0.201   0.3933  0.1164  0.9345  
31-15   1.5693  10.43   19.53   14.69   49.851  22.687  99.97   0.017	0.4  	0.7387  0.7179  0.5229  0.563   0.6199  0.5301  0.5186  -0.343  0.201   0.3926  0.1164  0.9359  
31-16   1.6654  10.51   19.69   15.01   49.558  25.662  99.97   0.015	0.4  	0.7424  0.7233  0.5268  0.5665  0.6241  0.5321  0.5225  -0.343  0.201   0.392   0.1164  0.9372  
31-17   1.7691  10.58   19.86   15.33   49.066  28.625  99.97   7.e-3	0.4  	0.7461  0.7288  0.5308  0.57    0.6282  0.5342  0.5264  -0.343  0.2011  0.3913  0.1164  0.9385  
31-18   1.883   10.65   20.06   15.65   48.31   31.581  99.97   5.e-3	0.4  	0.7499  0.7344  0.5349  0.5736  0.6324  0.5363  0.5303  -0.343  0.2011  0.3906  0.1164  0.9398  
31-19   2.0119  10.71   20.3    15.94   47.203  34.546  99.97   -4e-3	0.4  	0.7537  0.7399  0.5389  0.5772  0.6366  0.5384  0.5343  -0.343  0.2011  0.3899  0.1165  0.9412  
32      2.0114  10.71   20.28   15.95   47.203  34.531  99.97   -1e-3	0.1  	0.7544  0.7399  0.5389  0.5772  0.6366  0.5384  0.5343  -0.343  0.2011  0.3899  0.1165  0.9412  
32      2.0223  10.71   20.3    15.93   47.457  34.926  99.97   -2e-3	0.1  	0.7537  0.7407  0.5389  0.5772  0.6366  0.5384  0.5343  -0.343  0.2011  0.3899  0.1165  0.9412  
32      2.0143  10.71   20.29   15.95   47.216  34.611  99.97   -2e-3	0.1  	0.7537  0.7399  0.5395  0.5772  0.6366  0.5384  0.5343  -0.343  0.2011  0.3899  0.1165  0.9412  
32      1.9969  10.72   20.23   16.03   47.507  34.291  99.97   6.e-3	0.1  	0.7537  0.7399  0.5389  0.5778  0.6366  0.5384  0.5343  -0.343  0.2011  0.3899  0.1165  0.9412  
32      2.0297  10.71   20.39   15.95   46.423  34.636  99.97   -3e-3	0.1  	0.7537  0.7399  0.5389  0.5772  0.6373  0.5384  0.5343  -0.343  0.2011  0.3899  0.1165  0.9412  
32      2.0115  10.72   20.37   15.92   47.119  34.497  99.97   0.01 	0.1  	0.7537  0.7399  0.5389  0.5772  0.6366  0.5389  0.5343  -0.343  0.2011  0.3899  0.1165  0.9412  
32      2.0155  10.72   20.31   15.95   47.21   34.642  99.97   4.e-3	0.1  	0.7537  0.7399  0.5389  0.5772  0.6366  0.5384  0.5348  -0.343  0.2011  0.3899  0.1165  0.9412  
32      2.0114  10.71   20.29   15.95   47.208  34.535  99.97   -6e-4	0.1  	0.7537  0.7399  0.5389  0.5772  0.6366  0.5384  0.5343  -0.343  0.2011  0.3899  0.1165  0.9412  
32      2.0118  10.71   20.29   15.95   47.228  34.553  99.97   -7e-4	0.1  	0.7537  0.7399  0.5389  0.5772  0.6366  0.5384  0.5343  -0.343  0.2013  0.3899  0.1165  0.9412  
32      2.008   10.71   20.31   15.95   47.16   34.424  99.97   2.e-3	0.1  	0.7537  0.7399  0.5389  0.5772  0.6366  0.5384  0.5343  -0.343  0.2011  0.3903  0.1165  0.9412  
32      2.0159  10.71   20.29   15.95   47.2    34.647  99.97   -2e-3	0.1  	0.7537  0.7399  0.5389  0.5772  0.6366  0.5384  0.5343  -0.343  0.2011  0.3899  0.1166  0.9412  
32      2.008   10.71   20.22   15.92   47.315  34.496  99.97   -5e-3	0.1  	0.7537  0.7399  0.5389  0.5772  0.6366  0.5384  0.5343  -0.343  0.2011  0.3899  0.1165  0.9421  
32-1                                                                          -0.462  -0.754  -0.501  1.7334  -0.823  3.1817  1.3003  -0.201  -0.207  0.6338  -0.709  -1.494  

32-2    1.8466  10.82   20.87   16.25   49.163  30.877  99.97   0.166	0.4  	0.7523  0.7377  0.5378  0.5812  0.6346  0.5452  0.5371  -0.343  0.2009  0.3909  0.1161  0.9356  
32-3    1.7074  10.93   21.34   16.61   50.874  27.289  99.97   0.138	0.4  	0.7509  0.7355  0.5368  0.5852  0.6325  0.5522  0.5398  -0.343  0.2008  0.3919  0.1158  0.93    
32-4    1.5929  11.03   21.69   16.39   52.276  23.909  99.97   0.108	0.4  	0.7495  0.7333  0.5357  0.5893  0.6304  0.5592  0.5427  -0.342  0.2006  0.3929  0.1155  0.9244  
32-5    1.5028  11.13   21.93   15.5    53.347  20.917  99.97   0.092	0.4  	0.7481  0.7311  0.5346  0.5934  0.6283  0.5663  0.5455  -0.342  0.2004  0.3939  0.1151  0.9189  
32-6    1.4382  11.21   22.09   14.53   54.132  18.555  99.97   0.068	0.4  	0.7467  0.7288  0.5335  0.5975  0.6262  0.5735  0.5483  -0.342  0.2003  0.3949  0.1148  0.9134  
32-7    1.4022  11.29   22.24   13.55   54.772  17.121  99.97   0.058	0.4  	0.7453  0.7266  0.5325  0.6016  0.6242  0.5808  0.5512  -0.341  0.2001  0.3959  0.1145  0.9079  
32-8    1.4009  11.35   22.39   12.55   55.547  16.967  99.97   0.036	0.4  	0.744   0.7245  0.5314  0.6058  0.6221  0.5882  0.554   -0.341  0.1999  0.3969  0.1142  0.9025  
32-9    1.4453  11.39   22.51   11.47   56.955  18.503  99.97   5.e-3	0.4  	0.7426  0.7223  0.5303  0.61    0.6201  0.5957  0.5569  -0.341  0.1998  0.3979  0.1138  0.8971  
32-10   1.5542  11.39   22.38   10.39   59.865  22.23   99.97   -0.06	0.4  	0.7412  0.7201  0.5293  0.6142  0.618   0.6033  0.5598  -0.341  0.1996  0.3989  0.1135  0.8918  
33      1.4449  11.39   22.56   11.46   56.948  18.486  99.97   4.e-3	0.08 	0.7432  0.7223  0.5303  0.61    0.6201  0.5957  0.5569  -0.341  0.1998  0.3979  0.1138  0.8971  
33      1.4534  11.39   22.5    11.47   57.189  18.783  99.97   -5e-3	0.08 	0.7426  0.7228  0.5303  0.61    0.6201  0.5957  0.5569  -0.341  0.1998  0.3979  0.1138  0.8971  
33      1.4465  11.39   22.53   11.46   56.937  18.553  99.97   1.e-3	0.08 	0.7426  0.7223  0.5308  0.61    0.6201  0.5957  0.5569  -0.341  0.1998  0.3979  0.1138  0.8971  
33      1.4386  11.39   22.53   11.4    57.479  18.123  99.97   1.e-3	0.08 	0.7426  0.7223  0.5303  0.6105  0.6201  0.5957  0.5569  -0.341  0.1998  0.3979  0.1138  0.8971  
33      1.44    11.39   22.52   11.48   56.424  18.386  99.97   5.e-3	0.08 	0.7426  0.7223  0.5303  0.61    0.6206  0.5957  0.5569  -0.341  0.1998  0.3979  0.1138  0.8971  
33      1.4508  11.39   22.47   11.42   56.758  18.759  99.97   -4e-3	0.08 	0.7426  0.7223  0.5303  0.61    0.6201  0.5962  0.5569  -0.341  0.1998  0.3979  0.1138  0.8971  
33      1.4544  11.4    22.68   11.49   57.033  18.852  99.97   0.015	0.08 	0.7426  0.7223  0.5303  0.61    0.6201  0.5957  0.5574  -0.341  0.1998  0.3979  0.1138  0.8971  
33      1.445   11.39   22.52   11.46   56.954  18.489  99.97   9.e-4	0.08 	0.7426  0.7223  0.5303  0.61    0.6201  0.5957  0.5569  -0.341  0.1998  0.3979  0.1138  0.8971  
33      1.4457  11.39   22.52   11.46   56.97   18.514  99.97   6.e-4	0.08 	0.7426  0.7223  0.5303  0.61    0.6201  0.5957  0.5569  -0.341  0.1999  0.3979  0.1138  0.8971  
33      1.4408  11.39   22.45   11.46   56.858  18.341  99.97   -3e-3	0.08 	0.7426  0.7223  0.5303  0.61    0.6201  0.5957  0.5569  -0.341  0.1998  0.3982  0.1138  0.8971  
33      1.4469  11.39   22.52   11.46   56.949  18.568  99.97   3.e-4	0.08 	0.7426  0.7223  0.5303  0.61    0.6201  0.5957  0.5569  -0.341  0.1998  0.3979  0.1139  0.8971  
33      1.4431  11.39   22.54   11.47   57.087  18.389  99.97   3.e-3	0.08 	0.7426  0.7223  0.5303  0.61    0.6201  0.5957  0.5569  -0.341  0.1998  0.3979  0.1138  0.8978  
33-1                                                                          1.1817  -1.334  0.3634  0.3773  1.4682  -1.17   4.0988  0.2592  0.1704  -0.789  0.0789  0.7087  

33-2    1.4569  11.43   23.47   11.61   56.804  18.99   99.97   0.094	0.08 	0.7433  0.7215  0.5305  0.6102  0.6208  0.5951  0.5587  -0.341  0.1998  0.3977  0.1138  0.8976  
33-3    1.469   11.47   24.54   11.76   56.729  19.477  99.97   0.102	0.08 	0.744   0.7207  0.5306  0.6104  0.6215  0.5946  0.5606  -0.341  0.1998  0.3974  0.1139  0.8981  
33-4    1.4815  11.52   25.78   11.93   56.741  19.962  99.97   0.119	0.08 	0.7447  0.72    0.5308  0.6105  0.6223  0.594   0.5624  -0.341  0.1999  0.3972  0.1139  0.8986  
33-5    1.4943  11.56   27.16   12.09   56.844  20.442  99.97   0.124	0.08 	0.7454  0.7192  0.531   0.6107  0.623   0.5935  0.5643  -0.341  0.1999  0.3969  0.1139  0.8992  
33-6    1.5073  11.6    28.69   12.26   57.047  20.911  99.97   0.134	0.08 	0.7461  0.7184  0.5311  0.6109  0.6237  0.5929  0.5661  -0.341  0.1999  0.3967  0.1139  0.8997  
33-7    1.5202  11.64   30.24   12.44   57.36   21.363  99.97   0.133	0.08 	0.7468  0.7177  0.5313  0.6111  0.6245  0.5924  0.568   -0.341  0.1999  0.3964  0.1139  0.9002  
33-8    1.533   11.68   31.42   12.62   57.793  21.789  99.97   0.103	0.08 	0.7475  0.7169  0.5314  0.6113  0.6252  0.5918  0.5698  -0.341  0.2     0.3962  0.1139  0.9007  
33-9    1.5454  11.72   31.6    12.82   58.361  22.178  99.97   0.025	0.08 	0.7482  0.7161  0.5316  0.6115  0.6259  0.5913  0.5717  -0.341  0.2     0.3959  0.1139  0.9012  
33-10   1.5575  11.75   30.58   13.02   59.072  22.52   99.97   -0.07	0.08 	0.7489  0.7154  0.5317  0.6117  0.6267  0.5907  0.5736  -0.342  0.2     0.3957  0.1139  0.9017  
34      1.5453  11.72   31.6    12.82   58.361  22.173  99.97   4.e-5	0.016	0.7483  0.7161  0.5316  0.6115  0.6259  0.5913  0.5717  -0.341  0.2     0.3959  0.1139  0.9012  
34      1.5472  11.72   31.61   12.82   58.411  22.237  99.97   -1e-4	0.016	0.7482  0.7162  0.5316  0.6115  0.6259  0.5913  0.5717  -0.341  0.2     0.3959  0.1139  0.9012  
34      1.5457  11.72   31.6    12.82   58.359  22.186  99.97   -7e-5	0.016	0.7482  0.7161  0.5317  0.6115  0.6259  0.5913  0.5717  -0.341  0.2     0.3959  0.1139  0.9012  
34      1.5432  11.71   31.72   12.8    58.501  22.07   99.97   5.e-3	0.016	0.7482  0.7161  0.5316  0.6116  0.6259  0.5913  0.5717  -0.341  0.2     0.3959  0.1139  0.9012  
34      1.5438  11.72   31.53   12.82   58.254  22.131  99.97   -4e-3	0.016	0.7482  0.7161  0.5316  0.6115  0.626   0.5913  0.5717  -0.341  0.2     0.3959  0.1139  0.9012  
34      1.547   11.72   31.45   12.81   58.329  22.242  99.97   -0.01	0.016	0.7482  0.7161  0.5316  0.6115  0.6259  0.5914  0.5717  -0.341  0.2     0.3959  0.1139  0.9012  
34      1.5479  11.72   31.54   12.83   58.417  22.261  99.97   -6e-3	0.016	0.7482  0.7161  0.5316  0.6115  0.6259  0.5913  0.5718  -0.341  0.2     0.3959  0.1139  0.9012  
34      1.5454  11.72   31.6    12.82   58.362  22.175  99.97   2.e-5	0.016	0.7482  0.7161  0.5316  0.6115  0.6259  0.5913  0.5717  -0.341  0.2     0.3959  0.1139  0.9012  
34      1.5455  11.72   31.6    12.82   58.365  22.18   99.97   -4e-5	0.016	0.7482  0.7161  0.5316  0.6115  0.6259  0.5913  0.5717  -0.341  0.2     0.3959  0.1139  0.9012  
34      1.5444  11.72   31.6    12.82   58.34   22.142  99.97   5.e-4	0.016	0.7482  0.7161  0.5316  0.6115  0.6259  0.5913  0.5717  -0.341  0.2     0.396   0.1139  0.9012  
34      1.5458  11.72   31.6    12.82   58.358  22.193  99.97   -1e-4	0.016	0.7482  0.7161  0.5316  0.6115  0.6259  0.5913  0.5717  -0.341  0.2     0.3959  0.1139  0.9012  
34      1.5446  11.72   31.67   12.82   58.387  22.141  99.97   6.e-3	0.016	0.7482  0.7161  0.5316  0.6115  0.6259  0.5913  0.5717  -0.341  0.2     0.3959  0.1139  0.9013  
34-1                                                                          0.015   -0.041  -0.026  1.7289  -1.539  -4.32   -2.083  7.5e-3  -0.015  0.1664  -0.046  2.0118  

34-2    1.5309  11.71   32.93   12.8    58.835  21.529  99.97   0.1  	0.016	0.7482  0.7161  0.5316  0.6116  0.6258  0.5909  0.5715  -0.341  0.2     0.3959  0.1139  0.9015  
34-3    1.517   11.7    34.46   12.78   59.31   20.876  99.97   0.114	0.016	0.7482  0.7161  0.5316  0.6118  0.6256  0.5904  0.5713  -0.341  0.2     0.3959  0.1139  0.9018  
34-4    1.5038  11.69   36.23   12.76   59.781  20.219  99.97   0.13 	0.016	0.7482  0.7161  0.5316  0.612   0.6255  0.59    0.5711  -0.341  0.2     0.3959  0.1139  0.9021  
34-5    1.4913  11.68   38.25   12.74   60.253  19.556  99.97   0.147	0.016	0.7482  0.7161  0.5316  0.6121  0.6253  0.5896  0.5709  -0.341  0.2     0.396   0.1139  0.9024  
34-6    1.4795  11.67   40.41   12.73   60.723  18.891  99.97   0.155	0.016	0.7482  0.7161  0.5316  0.6123  0.6252  0.5892  0.5707  -0.341  0.2     0.396   0.1139  0.9026  
34-7    1.4685  11.66   42.04   12.71   61.188  18.222  99.97   0.114	0.016	0.7482  0.7161  0.5316  0.6125  0.625   0.5888  0.5706  -0.341  0.2     0.396   0.1139  0.9029  
34-8    1.4582  11.66   42.01   12.7    61.654  17.548  99.97   -8e-4	0.016	0.7482  0.7161  0.5316  0.6127  0.6248  0.5884  0.5704  -0.341  0.2     0.396   0.1139  0.9032  
35      1.4581  11.65   42.08   12.68   61.653  17.544  99.97   5.e-4	0.016	0.7483  0.7161  0.5316  0.6127  0.6248  0.5884  0.5704  -0.341  0.2     0.396   0.1139  0.9032  
35      1.4599  11.66   41.99   12.7    61.706  17.604  99.97   -2e-3	0.016	0.7482  0.7162  0.5316  0.6127  0.6248  0.5884  0.5704  -0.341  0.2     0.396   0.1139  0.9032  
35      1.4583  11.66   42.04   12.7    61.652  17.557  99.97   2.e-3	0.016	0.7482  0.7161  0.5316  0.6127  0.6248  0.5884  0.5704  -0.341  0.2     0.396   0.1139  0.9032  
35      1.4566  11.65   41.97   12.67   61.781  17.417  99.97   -7e-3	0.016	0.7482  0.7161  0.5316  0.6128  0.6248  0.5884  0.5704  -0.341  0.2     0.396   0.1139  0.9032  
35      1.4559  11.66   42.01   12.7    61.533  17.501  99.97   1.e-3	0.016	0.7482  0.7161  0.5316  0.6127  0.6249  0.5884  0.5704  -0.341  0.2     0.396   0.1139  0.9032  
35      1.4592  11.66   41.99   12.69   61.622  17.613  99.97   -2e-3	0.016	0.7482  0.7161  0.5316  0.6127  0.6248  0.5885  0.5704  -0.341  0.2     0.396   0.1139  0.9032  
35      1.4604  11.66   42.5    12.7    61.713  17.625  99.97   0.034	0.016	0.7482  0.7161  0.5316  0.6127  0.6248  0.5884  0.5705  -0.341  0.2     0.396   0.1139  0.9032  
35      1.4581  11.66   42.03   12.7    61.654  17.545  99.97   1.e-3	0.016	0.7482  0.7161  0.5316  0.6127  0.6248  0.5884  0.5704  -0.341  0.2     0.396   0.1139  0.9032  
35      1.4582  11.66   42.02   12.7    61.658  17.55   99.97   7.e-4	0.016	0.7482  0.7161  0.5316  0.6127  0.6248  0.5884  0.5704  -0.341  0.2     0.396   0.1139  0.9032  
35      1.4572  11.65   41.88   12.69   61.629  17.513  99.97   -0.01	0.016	0.7482  0.7161  0.5316  0.6127  0.6248  0.5884  0.5704  -0.341  0.2     0.3961  0.1139  0.9032  
35      1.4585  11.66   42.03   12.7    61.653  17.564  99.97   1.e-3	0.016	0.7482  0.7161  0.5316  0.6127  0.6248  0.5884  0.5704  -0.341  0.2     0.396   0.1139  0.9032  
35      1.4575  11.65   41.99   12.69   61.678  17.508  99.97   -6e-3	0.016	0.7482  0.7161  0.5316  0.6127  0.6248  0.5884  0.5704  -0.341  0.2     0.396   0.1139  0.9034  
35-1                                                                          0.0822  -0.383  0.3485  -1.248  0.2334  -0.274  5.6516  0.2423  0.1113  -2.226  0.2198  -0.979  

35-2    1.4742  11.67   45.3    12.76   61.815  18.219  99.97   0.231	0.016	0.7482  0.7161  0.5316  0.6125  0.6249  0.5884  0.5709  -0.341  0.2     0.3958  0.1139  0.9031  
35-3    1.4906  11.68   47.67   12.82   61.973  18.894  99.97   0.162	0.016	0.7482  0.716   0.5316  0.6124  0.6249  0.5884  0.5714  -0.341  0.2     0.3957  0.1139  0.9029  
35-4    1.5073  11.69   45.83   12.89   62.131  19.577  99.97   -0.13	0.016	0.7483  0.716   0.5316  0.6123  0.6249  0.5883  0.5719  -0.341  0.2     0.3956  0.1139  0.9028  
36      1.5072  11.69   45.79   12.89   62.13   19.572  99.97   -3e-3	0.016	0.7484  0.716   0.5316  0.6123  0.6249  0.5883  0.5719  -0.341  0.2     0.3956  0.1139  0.9028  
36      1.5091  11.69   45.85   12.89   62.184  19.634  99.97   5.e-4	0.016	0.7483  0.7161  0.5316  0.6123  0.6249  0.5883  0.5719  -0.341  0.2     0.3956  0.1139  0.9028  
36      1.5075  11.69   45.8    12.89   62.129  19.585  99.97   -2e-3	0.016	0.7483  0.716   0.5317  0.6123  0.6249  0.5883  0.5719  -0.341  0.2     0.3956  0.1139  0.9028  
36      1.5057  11.69   46.52   12.88   62.269  19.448  99.97   0.048	0.016	0.7483  0.716   0.5316  0.6124  0.6249  0.5883  0.5719  -0.341  0.2     0.3956  0.1139  0.9028  
36      1.5051  11.69   45.47   12.9    62.014  19.524  99.97   -0.02	0.016	0.7483  0.716   0.5316  0.6123  0.625   0.5883  0.5719  -0.341  0.2     0.3956  0.1139  0.9028  
36      1.5084  11.69   45.11   12.88   62.098  19.641  99.97   -0.05	0.016	0.7483  0.716   0.5316  0.6123  0.6249  0.5884  0.5719  -0.341  0.2     0.3956  0.1139  0.9028  
36      1.5096  11.7    45.43   12.91   62.191  19.656  99.97   -0.02	0.016	0.7483  0.716   0.5316  0.6123  0.6249  0.5883  0.572   -0.341  0.2     0.3956  0.1139  0.9028  
36      1.5072  11.69   45.83   12.89   62.132  19.573  99.97   3.e-5	0.016	0.7483  0.716   0.5316  0.6123  0.6249  0.5883  0.5719  -0.342  0.2     0.3956  0.1139  0.9028  
36      1.5074  11.69   45.83   12.89   62.135  19.578  99.97   -5e-5	0.016	0.7483  0.716   0.5316  0.6123  0.6249  0.5883  0.5719  -0.341  0.2     0.3956  0.1139  0.9028  
36      1.5063  11.69   45.85   12.89   62.108  19.54   99.97   2.e-3	0.016	0.7483  0.716   0.5316  0.6123  0.6249  0.5883  0.5719  -0.341  0.2     0.3956  0.1139  0.9028  
36      1.5076  11.69   45.81   12.89   62.129  19.592  99.97   -1e-3	0.016	0.7483  0.716   0.5316  0.6123  0.6249  0.5883  0.5719  -0.341  0.2     0.3956  0.1139  0.9028  
36      1.5066  11.69   46.19   12.89   62.156  19.536  99.97   0.025	0.016	0.7483  0.716   0.5316  0.6123  0.6249  0.5883  0.5719  -0.341  0.2     0.3956  0.1139  0.9029  
36-1                                                                          -0.182  0.0328  -0.143  3.1877  -1.575  -3.351  -1.625  1.7e-3  -3.e-3  0.1248  -0.1    1.6749  

36-2    1.4971  11.68   57      12.84   62.806  18.824  99.97   0.767	0.016	0.7482  0.716   0.5316  0.6126  0.6248  0.588   0.5718  -0.341  0.2     0.3956  0.1139  0.903   
36-3    1.4878  11.67   51.62   12.79   63.477  18.056  99.97   -0.35	0.016	0.7482  0.716   0.5316  0.6129  0.6246  0.5877  0.5716  -0.341  0.2     0.3956  0.1139  0.9033  
37      1.4877  11.67   51.76   12.79   63.475  18.051  99.97   9.e-3	0.016	0.7483  0.716   0.5316  0.6129  0.6246  0.5877  0.5716  -0.341  0.2     0.3956  0.1139  0.9033  
37      1.4895  11.67   51.56   12.79   63.53   18.111  99.97   -5e-3	0.016	0.7482  0.7161  0.5316  0.6129  0.6246  0.5877  0.5716  -0.341  0.2     0.3956  0.1139  0.9033  
37      1.488   11.67   51.68   12.79   63.475  18.065  99.97   4.e-3	0.016	0.7482  0.716   0.5317  0.6129  0.6246  0.5877  0.5716  -0.341  0.2     0.3956  0.1139  0.9033  
37      1.4864  11.67   50.46   12.78   63.612  17.916  99.97   -0.08	0.016	0.7482  0.716   0.5316  0.613   0.6246  0.5877  0.5716  -0.341  0.2     0.3956  0.1139  0.9033  
37      1.4854  11.68   52.27   12.81   63.355  18.002  99.97   0.049	0.016	0.7482  0.716   0.5316  0.6129  0.6247  0.5877  0.5716  -0.341  0.2     0.3956  0.1139  0.9033  
37      1.4888  11.68   52.98   12.8    63.445  18.121  99.97   0.095	0.016	0.7482  0.716   0.5316  0.6129  0.6246  0.5878  0.5716  -0.341  0.2     0.3956  0.1139  0.9033  
37      1.4901  11.68   52.83   12.81   63.54   18.134  99.97   0.084	0.016	0.7482  0.716   0.5316  0.6129  0.6246  0.5877  0.5717  -0.341  0.2     0.3956  0.1139  0.9033  
37      1.4877  11.67   51.63   12.79   63.477  18.052  99.97   7.e-4	0.016	0.7482  0.716   0.5316  0.6129  0.6246  0.5877  0.5716  -0.342  0.2     0.3956  0.1139  0.9033  
37      1.4879  11.67   51.62   12.79   63.481  18.058  99.97   -5e-5	0.016	0.7482  0.716   0.5316  0.6129  0.6246  0.5877  0.5716  -0.341  0.2     0.3956  0.1139  0.9033  
37      1.4868  11.67   51.45   12.79   63.452  18.019  99.97   -0.01	0.016	0.7482  0.716   0.5316  0.6129  0.6246  0.5877  0.5716  -0.341  0.2     0.3956  0.1139  0.9033  
37      1.4881  11.67   51.66   12.79   63.475  18.072  99.97   3.e-3	0.016	0.7482  0.716   0.5316  0.6129  0.6246  0.5877  0.5716  -0.341  0.2     0.3956  0.1139  0.9033  
37      1.4872  11.67   51      12.79   63.501  18.014  99.97   -0.04	0.016	0.7482  0.716   0.5316  0.6129  0.6246  0.5877  0.5716  -0.341  0.2     0.3956  0.1139  0.9034  
37-1                                                                          0.2966  -0.154  0.125   -2.451  1.5603  3.004   2.6581  0.022   -1.e-3  -0.343  0.081   -1.304  

37-2    1.4978  11.68   59.58   12.84   62.993  18.771  99.97   0.532	0.016	0.7483  0.716   0.5316  0.6127  0.6248  0.588   0.5719  -0.341  0.2     0.3956  0.1139  0.9031  
37-3    1.5085  11.69   46.63   12.88   62.504  19.478  99.97   -0.81	0.016	0.7483  0.7159  0.5316  0.6124  0.6249  0.5883  0.5721  -0.341  0.2     0.3955  0.1139  0.9029  
38      1.5084  11.69   46.57   12.88   62.503  19.473  99.97   -4e-3	0.016	0.7484  0.7159  0.5316  0.6124  0.6249  0.5883  0.5721  -0.341  0.2     0.3955  0.1139  0.9029  
38      1.5103  11.69   46.66   12.88   62.557  19.534  99.97   1.e-3	0.016	0.7483  0.716   0.5316  0.6124  0.6249  0.5883  0.5721  -0.341  0.2     0.3955  0.1139  0.9029  
38      1.5087  11.69   46.6    12.88   62.502  19.486  99.97   -2e-3	0.016	0.7483  0.7159  0.5317  0.6124  0.6249  0.5883  0.5721  -0.341  0.2     0.3955  0.1139  0.9029  
38      1.5069  11.69   47.37   12.87   62.643  19.346  99.97   0.051	0.016	0.7483  0.7159  0.5316  0.6125  0.6249  0.5883  0.5721  -0.341  0.2     0.3955  0.1139  0.9029  
38      1.5062  11.7    46.28   12.9    62.386  19.424  99.97   -0.02	0.016	0.7483  0.7159  0.5316  0.6124  0.625   0.5883  0.5721  -0.341  0.2     0.3955  0.1139  0.9029  
38      1.5097  11.7    45.89   12.89   62.471  19.543  99.97   -0.05	0.016	0.7483  0.7159  0.5316  0.6124  0.6249  0.5884  0.5721  -0.341  0.2     0.3955  0.1139  0.9029  
38      1.5109  11.7    46.04   12.9    62.566  19.558  99.97   -0.04	0.016	0.7483  0.7159  0.5316  0.6124  0.6249  0.5883  0.5722  -0.341  0.2     0.3955  0.1139  0.9029  
38      1.5084  11.69   46.63   12.88   62.505  19.474  99.97   3.e-5	0.016	0.7483  0.7159  0.5316  0.6124  0.6249  0.5883  0.5721  -0.342  0.2     0.3955  0.1139  0.9029  
38      1.5086  11.69   46.64   12.88   62.508  19.479  99.97   6.e-4	0.016	0.7483  0.7159  0.5316  0.6124  0.6249  0.5883  0.5721  -0.341  0.2     0.3955  0.1139  0.9029  
38      1.5075  11.69   46.7    12.88   62.481  19.441  99.97   5.e-3	0.016	0.7483  0.7159  0.5316  0.6124  0.6249  0.5883  0.5721  -0.341  0.2     0.3956  0.1139  0.9029  
38      1.5089  11.69   46.61   12.88   62.502  19.494  99.97   -1e-3	0.016	0.7483  0.7159  0.5316  0.6124  0.6249  0.5883  0.5721  -0.341  0.2     0.3955  0.1139  0.9029  
38      1.5078  11.69   47.02   12.88   62.529  19.436  99.97   0.027	0.016	0.7483  0.7159  0.5316  0.6124  0.6249  0.5883  0.5721  -0.341  0.2     0.3955  0.1139  0.9031  
38-1                                                                          -0.252  0.0728  -0.131  3.1321  -1.12   -2.876  -2.296  1.6e-3  0.0396  0.3269  -0.092  1.662   

38-2    1.4964  11.68   60.4    12.83   63.056  18.673  99.97   0.942	0.016	0.7483  0.7159  0.5316  0.6127  0.6248  0.588   0.5719  -0.341  0.2     0.3956  0.1139  0.9031  
38-3    1.485   11.67   51.19   12.78   63.599  17.852  99.97   -0.58	0.016	0.7482  0.716   0.5316  0.613   0.6247  0.5877  0.5717  -0.341  0.2     0.3956  0.1139  0.9034  
39      1.4848  11.67   51.3    12.78   63.598  17.847  99.97   7.e-3	0.016	0.7483  0.716   0.5316  0.613   0.6247  0.5877  0.5717  -0.341  0.2     0.3956  0.1139  0.9034  
39      1.4867  11.67   51.14   12.78   63.653  17.907  99.97   -4e-3	0.016	0.7482  0.7161  0.5316  0.613   0.6247  0.5877  0.5717  -0.341  0.2     0.3956  0.1139  0.9034  
39      1.4851  11.67   51.25   12.78   63.597  17.861  99.97   4.e-3	0.016	0.7482  0.716   0.5317  0.613   0.6247  0.5877  0.5717  -0.341  0.2     0.3956  0.1139  0.9034  
39      1.4836  11.67   50.05   12.76   63.733  17.711  99.97   -0.08	0.016	0.7482  0.716   0.5316  0.6131  0.6247  0.5877  0.5717  -0.341  0.2     0.3956  0.1139  0.9034  
39      1.4825  11.68   51.86   12.79   63.476  17.798  99.97   0.051	0.016	0.7482  0.716   0.5316  0.613   0.6248  0.5877  0.5717  -0.341  0.2     0.3956  0.1139  0.9034  
39      1.486   11.68   52.59   12.78   63.568  17.918  99.97   0.098	0.016	0.7482  0.716   0.5316  0.613   0.6247  0.5878  0.5717  -0.341  0.2     0.3956  0.1139  0.9034  
39      1.4873  11.68   52.16   12.79   63.664  17.929  99.97   0.068	0.016	0.7482  0.716   0.5316  0.613   0.6247  0.5877  0.5718  -0.341  0.2     0.3956  0.1139  0.9034  
39      1.4849  11.67   51.2    12.78   63.6    17.848  99.97   7.e-4	0.016	0.7482  0.716   0.5316  0.613   0.6247  0.5877  0.5717  -0.342  0.2     0.3956  0.1139  0.9034  
39      1.485   11.67   51.19   12.78   63.603  17.854  99.97   -5e-5	0.016	0.7482  0.716   0.5316  0.613   0.6247  0.5877  0.5717  -0.341  0.2     0.3956  0.1139  0.9034  
39      1.4839  11.67   51.07   12.78   63.574  17.815  99.97   -7e-3	0.016	0.7482  0.716   0.5316  0.613   0.6247  0.5877  0.5717  -0.341  0.2     0.3956  0.1139  0.9034  
39      1.4853  11.67   51.23   12.78   63.598  17.868  99.97   3.e-3	0.016	0.7482  0.716   0.5316  0.613   0.6247  0.5877  0.5717  -0.341  0.2     0.3956  0.1139  0.9034  
39      1.4843  11.67   50.58   12.78   63.623  17.809  99.97   -0.04	0.016	0.7482  0.716   0.5316  0.613   0.6247  0.5877  0.5717  -0.341  0.2     0.3956  0.1139  0.9035  
39-1                                                                          0.2463  -0.141  0.132   -2.543  1.6917  3.2599  2.2717  0.0231  -2.e-3  -0.251  0.0855  -1.354  

39-2    1.4941  11.68   60.59   12.82   63.055  18.566  99.97   0.63 	0.016	0.7483  0.7159  0.5316  0.6128  0.6249  0.588   0.5719  -0.341  0.2     0.3956  0.1139  0.9032  
39-3    1.504   11.69   46.71   12.86   62.508  19.27   99.97   -0.87	0.016	0.7483  0.7159  0.5316  0.6125  0.625   0.5883  0.5721  -0.341  0.2     0.3955  0.1139  0.903   
40      1.5038  11.69   46.64   12.86   62.507  19.265  99.97   -5e-3	0.016	0.7484  0.7159  0.5316  0.6125  0.625   0.5883  0.5721  -0.341  0.2     0.3955  0.1139  0.903   
40      1.5057  11.69   46.74   12.86   62.561  19.326  99.97   1.e-3	0.016	0.7483  0.716   0.5316  0.6125  0.625   0.5883  0.5721  -0.341  0.2     0.3955  0.1139  0.903   
40      1.5041  11.69   46.67   12.86   62.506  19.279  99.97   -3e-3	0.016	0.7483  0.7159  0.5317  0.6125  0.625   0.5883  0.5721  -0.341  0.2     0.3955  0.1139  0.903   
40      1.5023  11.69   47.46   12.85   62.646  19.137  99.97   0.051	0.016	0.7483  0.7159  0.5316  0.6126  0.625   0.5883  0.5721  -0.341  0.2     0.3955  0.1139  0.903   
40      1.5016  11.69   46.33   12.87   62.39   19.216  99.97   -0.02	0.016	0.7483  0.7159  0.5316  0.6125  0.6251  0.5883  0.5721  -0.341  0.2     0.3955  0.1139  0.903   
40      1.5051  11.69   45.94   12.86   62.476  19.336  99.97   -0.05	0.016	0.7483  0.7159  0.5316  0.6125  0.625   0.5884  0.5721  -0.341  0.2     0.3955  0.1139  0.903   
40      1.5063  11.7    46.12   12.88   62.571  19.35   99.97   -0.04	0.016	0.7483  0.7159  0.5316  0.6125  0.625   0.5883  0.5722  -0.341  0.2     0.3955  0.1139  0.903   
40      1.5039  11.69   46.7    12.86   62.509  19.267  99.97   -7e-4	0.016	0.7483  0.7159  0.5316  0.6125  0.625   0.5883  0.5721  -0.342  0.2     0.3955  0.1139  0.903   
40      1.504   11.69   46.71   12.86   62.512  19.272  99.97   -5e-5	0.016	0.7483  0.7159  0.5316  0.6125  0.625   0.5883  0.5721  -0.341  0.2     0.3955  0.1139  0.903   
40      1.5029  11.69   46.77   12.86   62.484  19.233  99.97   5.e-3	0.016	0.7483  0.7159  0.5316  0.6125  0.625   0.5883  0.5721  -0.341  0.2     0.3956  0.1139  0.903   
40      1.5043  11.69   46.69   12.86   62.506  19.286  99.97   -1e-3	0.016	0.7483  0.7159  0.5316  0.6125  0.625   0.5883  0.5721  -0.341  0.2     0.3955  0.1139  0.903   
40      1.5033  11.69   47.1    12.86   62.533  19.228  99.97   0.027	0.016	0.7483  0.7159  0.5316  0.6125  0.625   0.5883  0.5721  -0.341  0.2     0.3955  0.1139  0.9031  
40-1                                                                          -0.274  0.0676  -0.161  2.9533  -1.419  -3.053  -2.135  -0.038  -3.e-3  0.2647  -0.085  1.546   

40-2    1.4931  11.68   60.82   12.82   63.082  18.506  99.97   0.965	0.016	0.7483  0.7159  0.5316  0.6128  0.6249  0.588   0.5719  -0.341  0.2     0.3956  0.1139  0.9032  
40-3    1.483   11.67   51.12   12.77   63.646  17.73   99.97   -0.61	0.016	0.7482  0.7159  0.5316  0.6131  0.6247  0.5878  0.5717  -0.341  0.2     0.3956  0.1139  0.9034  
41      1.4829  11.67   51.21   12.76   63.644  17.726  99.97   6.e-3	0.016	0.7483  0.7159  0.5316  0.6131  0.6247  0.5878  0.5717  -0.341  0.2     0.3956  0.1139  0.9034  
41      1.4847  11.67   51.07   12.77   63.699  17.785  99.97   -4e-3	0.016	0.7482  0.716   0.5316  0.6131  0.6247  0.5878  0.5717  -0.341  0.2     0.3956  0.1139  0.9034  
41      1.4831  11.67   51.17   12.77   63.643  17.739  99.97   3.e-3	0.016	0.7482  0.7159  0.5317  0.6131  0.6247  0.5878  0.5717  -0.341  0.2     0.3956  0.1139  0.9034  
41      1.4816  11.67   49.97   12.75   63.779  17.588  99.97   -0.08	0.016	0.7482  0.7159  0.5316  0.6132  0.6247  0.5878  0.5717  -0.341  0.2     0.3956  0.1139  0.9034  
41      1.4805  11.67   51.78   12.77   63.522  17.677  99.97   0.045	0.016	0.7482  0.7159  0.5316  0.6131  0.6248  0.5878  0.5717  -0.341  0.2     0.3956  0.1139  0.9034  
41      1.484   11.68   52.53   12.77   63.614  17.797  99.97   0.098	0.016	0.7482  0.7159  0.5316  0.6131  0.6247  0.5879  0.5717  -0.341  0.2     0.3956  0.1139  0.9034  
41      1.4853  11.68   52.01   12.78   63.71   17.807  99.97   0.063	0.016	0.7482  0.7159  0.5316  0.6131  0.6247  0.5878  0.5718  -0.341  0.2     0.3956  0.1139  0.9034  
41      1.4829  11.67   51.12   12.77   63.646  17.726  99.97   3.e-5	0.016	0.7482  0.7159  0.5316  0.6131  0.6247  0.5878  0.5717  -0.342  0.2     0.3956  0.1139  0.9034  
41      1.4831  11.67   51.11   12.77   63.649  17.732  99.97   -7e-4	0.016	0.7482  0.7159  0.5316  0.6131  0.6247  0.5878  0.5717  -0.341  0.2     0.3956  0.1139  0.9034  
41      1.4819  11.67   51.01   12.77   63.62   17.693  99.97   -7e-3	0.016	0.7482  0.7159  0.5316  0.6131  0.6247  0.5878  0.5717  -0.341  0.2     0.3956  0.1139  0.9034  
41      1.4833  11.67   51.15   12.77   63.644  17.747  99.97   2.e-3	0.016	0.7482  0.7159  0.5316  0.6131  0.6247  0.5878  0.5717  -0.341  0.2     0.3956  0.1139  0.9034  
41      1.4824  11.67   50.5    12.77   63.669  17.687  99.97   -0.04	0.016	0.7482  0.7159  0.5316  0.6131  0.6247  0.5878  0.5717  -0.341  0.2     0.3956  0.1139  0.9036  
41-1                                                                          0.2088  -0.145  0.1135  -2.652  1.5706  3.394   2.1653  9.3e-4  -0.025  -0.236  0.0654  -1.423  

41-2    1.4924  11.68   60.42   12.81   63.093  18.47   99.97   0.623	0.016	0.7482  0.7159  0.5316  0.6129  0.6249  0.5881  0.5719  -0.341  0.2     0.3956  0.1139  0.9032  
41-3    1.5027  11.69   46.55   12.85   62.533  19.2    99.97   -0.87	0.016	0.7483  0.7159  0.5316  0.6126  0.6251  0.5884  0.5721  -0.341  0.2     0.3956  0.1139  0.903   
42      1.5025  11.69   46.49   12.85   62.532  19.196  99.97   -4e-3	0.016	0.7484  0.7159  0.5316  0.6126  0.6251  0.5884  0.5721  -0.341  0.2     0.3956  0.1139  0.903   
42      1.5044  11.69   46.58   12.85   62.586  19.257  99.97   1.e-3	0.016	0.7483  0.716   0.5316  0.6126  0.6251  0.5884  0.5721  -0.341  0.2     0.3956  0.1139  0.903   
42      1.5028  11.69   46.52   12.85   62.531  19.209  99.97   -2e-3	0.016	0.7483  0.7159  0.5317  0.6126  0.6251  0.5884  0.5721  -0.341  0.2     0.3956  0.1139  0.903   
42      1.501   11.69   47.29   12.84   62.671  19.067  99.97   0.051	0.016	0.7483  0.7159  0.5316  0.6127  0.6251  0.5884  0.5721  -0.341  0.2     0.3956  0.1139  0.903   
42      1.5003  11.69   46.19   12.86   62.414  19.147  99.97   -0.02	0.016	0.7483  0.7159  0.5316  0.6126  0.6252  0.5884  0.5721  -0.341  0.2     0.3956  0.1139  0.903   
42      1.5038  11.69   45.8    12.84   62.501  19.266  99.97   -0.05	0.016	0.7483  0.7159  0.5316  0.6126  0.6251  0.5885  0.5721  -0.341  0.2     0.3956  0.1139  0.903   
42      1.505   11.7    45.99   12.87   62.596  19.279  99.97   -0.04	0.016	0.7483  0.7159  0.5316  0.6126  0.6251  0.5884  0.5722  -0.341  0.2     0.3956  0.1139  0.903   
42      1.5026  11.69   46.55   12.85   62.534  19.196  99.97   3.e-5	0.016	0.7483  0.7159  0.5316  0.6126  0.6251  0.5884  0.5721  -0.342  0.2     0.3956  0.1139  0.903   
42      1.5027  11.69   46.56   12.85   62.537  19.202  99.97   6.e-4	0.016	0.7483  0.7159  0.5316  0.6126  0.6251  0.5884  0.5721  -0.341  0.2     0.3956  0.1139  0.903   
42      1.5016  11.69   46.62   12.85   62.509  19.164  99.97   5.e-3	0.016	0.7483  0.7159  0.5316  0.6126  0.6251  0.5884  0.5721  -0.341  0.2     0.3956  0.1139  0.903   
42      1.503   11.69   46.53   12.85   62.531  19.216  99.97   -1e-3	0.016	0.7483  0.7159  0.5316  0.6126  0.6251  0.5884  0.5721  -0.341  0.2     0.3956  0.1139  0.903   
42      1.502   11.69   46.94   12.85   62.558  19.159  99.97   0.027	0.016	0.7483  0.7159  0.5316  0.6126  0.6251  0.5884  0.5721  -0.341  0.2     0.3956  0.1139  0.9032  
42-1                                                                          -0.241  0.0698  -0.125  3.0037  -1.381  -3.066  -2.078  1.6e-3  0.038   0.3136  -0.088  1.5937  

42-2    1.4917  11.68   60.13   12.8    63.111  18.427  99.97   0.929	0.016	0.7482  0.7159  0.5316  0.6129  0.6249  0.5881  0.5719  -0.341  0.2     0.3956  0.1139  0.9033  
42-3    1.4814  11.67   51.25   12.75   63.68   17.636  99.97   -0.56	0.016	0.7482  0.7159  0.5316  0.6132  0.6248  0.5878  0.5717  -0.341  0.2     0.3956  0.1139  0.9035  
43      1.4813  11.67   51.34   12.75   63.678  17.632  99.97   6.e-3	0.016	0.7483  0.7159  0.5316  0.6132  0.6248  0.5878  0.5717  -0.341  0.2     0.3956  0.1139  0.9035  
43      1.4832  11.67   51.2    12.75   63.733  17.691  99.97   -4e-3	0.016	0.7482  0.716   0.5316  0.6132  0.6248  0.5878  0.5717  -0.341  0.2     0.3956  0.1139  0.9035  
43      1.4816  11.67   51.3    12.75   63.677  17.645  99.97   3.e-3	0.016	0.7482  0.7159  0.5317  0.6132  0.6248  0.5878  0.5717  -0.341  0.2     0.3956  0.1139  0.9035  
43      1.48    11.67   50.08   12.74   63.812  17.493  99.97   -0.08	0.016	0.7482  0.7159  0.5316  0.6133  0.6248  0.5878  0.5717  -0.341  0.2     0.3956  0.1139  0.9035  
43      1.4789  11.67   51.92   12.76   63.555  17.582  99.97   0.046	0.016	0.7482  0.7159  0.5316  0.6132  0.6249  0.5878  0.5717  -0.341  0.2     0.3956  0.1139  0.9035  
43      1.4824  11.67   52.68   12.74   63.649  17.703  99.97   0.095	0.016	0.7482  0.7159  0.5316  0.6132  0.6248  0.5879  0.5717  -0.341  0.2     0.3956  0.1139  0.9035  
43      1.4838  11.68   52.16   12.77   63.745  17.714  99.97   0.064	0.016	0.7482  0.7159  0.5316  0.6132  0.6248  0.5878  0.5718  -0.341  0.2     0.3956  0.1139  0.9035  
43      1.4814  11.67   51.25   12.75   63.68   17.632  99.97   3.e-5	0.016	0.7482  0.7159  0.5316  0.6132  0.6248  0.5878  0.5717  -0.342  0.2     0.3956  0.1139  0.9035  
43      1.4815  11.67   51.24   12.75   63.683  17.638  99.97   -7e-4	0.016	0.7482  0.7159  0.5316  0.6132  0.6248  0.5878  0.5717  -0.341  0.2     0.3956  0.1139  0.9035  
43      1.4804  11.67   51.14   12.75   63.654  17.599  99.97   -7e-3	0.016	0.7482  0.7159  0.5316  0.6132  0.6248  0.5878  0.5717  -0.341  0.2     0.3957  0.1139  0.9035  
43      1.4818  11.67   51.29   12.75   63.678  17.652  99.97   3.e-3	0.016	0.7482  0.7159  0.5316  0.6132  0.6248  0.5878  0.5717  -0.341  0.2     0.3956  0.1139  0.9035  
43      1.4808  11.67   50.62   12.75   63.703  17.593  99.97   -0.04	0.016	0.7482  0.7159  0.5316  0.6132  0.6248  0.5878  0.5717  -0.341  0.2     0.3956  0.1139  0.9036  
43-1                                                                          0.2079  -0.145  0.1131  -2.687  1.5871  3.2701  2.2014  9.3e-4  -0.025  -0.235  0.0881  -1.44   

43-2    1.4909  11.68   60.06   12.8    63.127  18.381  99.97   0.59 	0.016	0.7482  0.7159  0.5316  0.6129  0.6249  0.5881  0.5719  -0.341  0.2     0.3956  0.1139  0.9033  
43-3    1.5011  11.69   46.52   12.84   62.57   19.113  99.97   -0.85	0.016	0.7483  0.7159  0.5316  0.6127  0.6251  0.5884  0.5721  -0.341  0.2     0.3956  0.1139  0.9031  
44      1.501   11.69   46.46   12.84   62.569  19.108  99.97   -4e-3	0.016	0.7484  0.7159  0.5316  0.6127  0.6251  0.5884  0.5721  -0.341  0.2     0.3956  0.1139  0.9031  
44      1.5029  11.69   46.55   12.84   62.624  19.17   99.97   1.e-3	0.016	0.7483  0.716   0.5316  0.6127  0.6251  0.5884  0.5721  -0.341  0.2     0.3956  0.1139  0.9031  
44      1.5013  11.69   46.49   12.84   62.568  19.122  99.97   -2e-3	0.016	0.7483  0.7159  0.5317  0.6127  0.6251  0.5884  0.5721  -0.341  0.2     0.3956  0.1139  0.9031  
44      1.4995  11.69   47.26   12.83   62.708  18.978  99.97   0.051	0.016	0.7483  0.7159  0.5316  0.6128  0.6251  0.5884  0.5721  -0.341  0.2     0.3956  0.1139  0.9031  
44      1.4988  11.69   46.16   12.85   62.451  19.059  99.97   -0.02	0.016	0.7483  0.7159  0.5316  0.6127  0.6252  0.5884  0.5721  -0.341  0.2     0.3956  0.1139  0.9031  
44      1.5022  11.69   45.78   12.83   62.539  19.179  99.97   -0.05	0.016	0.7483  0.7159  0.5316  0.6127  0.6251  0.5885  0.5721  -0.341  0.2     0.3956  0.1139  0.9031  
44      1.5035  11.7    45.94   12.86   62.634  19.192  99.97   -0.04	0.016	0.7483  0.7159  0.5316  0.6127  0.6251  0.5884  0.5722  -0.341  0.2     0.3956  0.1139  0.9031  
44      1.501   11.69   46.52   12.84   62.571  19.109  99.97   3.e-5	0.016	0.7483  0.7159  0.5316  0.6127  0.6251  0.5884  0.5721  -0.342  0.2     0.3956  0.1139  0.9031  
44      1.5012  11.69   46.53   12.84   62.574  19.115  99.97   6.e-4	0.016	0.7483  0.7159  0.5316  0.6127  0.6251  0.5884  0.5721  -0.341  0.2     0.3956  0.1139  0.9031  
44      1.5     11.69   46.59   12.84   62.546  19.076  99.97   5.e-3	0.016	0.7483  0.7159  0.5316  0.6127  0.6251  0.5884  0.5721  -0.341  0.2     0.3956  0.1139  0.9031  
44      1.5014  11.69   46.5    12.84   62.568  19.129  99.97   -1e-3	0.016	0.7483  0.7159  0.5316  0.6127  0.6251  0.5884  0.5721  -0.341  0.2     0.3956  0.1139  0.9031  
44      1.5004  11.69   46.9    12.84   62.595  19.071  99.97   0.026	0.016	0.7483  0.7159  0.5316  0.6127  0.6251  0.5884  0.5721  -0.341  0.2     0.3956  0.1139  0.9032  
44-1                                                                          -0.241  0.0694  -0.125  3.0036  -1.381  -3.025  -2.161  1.6e-3  0.038   0.3136  -0.088  1.5531  

44-2    1.49    11.68   59.99   12.79   63.137  18.333  99.97   0.922	0.016	0.7482  0.7159  0.5316  0.613   0.625   0.5882  0.5719  -0.341  0.2     0.3956  0.1139  0.9033  
44-3    1.4796  11.67   51.3    12.74   63.696  17.539  99.97   -0.55	0.016	0.7482  0.7159  0.5316  0.6133  0.6248  0.5879  0.5717  -0.341  0.2     0.3956  0.1139  0.9035  
45      1.4795  11.67   51.4    12.74   63.694  17.534  99.97   7.e-3	0.016	0.7483  0.7159  0.5316  0.6133  0.6248  0.5879  0.5717  -0.341  0.2     0.3956  0.1139  0.9035  
45      1.4814  11.67   51.25   12.74   63.749  17.594  99.97   -4e-3	0.016	0.7482  0.716   0.5316  0.6133  0.6248  0.5879  0.5717  -0.341  0.2     0.3956  0.1139  0.9035  
45      1.4798  11.67   51.36   12.74   63.694  17.547  99.97   4.e-3	0.016	0.7482  0.7159  0.5317  0.6133  0.6248  0.5879  0.5717  -0.341  0.2     0.3956  0.1139  0.9035  
45      1.4782  11.67   50.13   12.73   63.828  17.394  99.97   -0.08	0.016	0.7482  0.7159  0.5316  0.6134  0.6248  0.5879  0.5717  -0.341  0.2     0.3956  0.1139  0.9035  
45      1.4771  11.67   51.98   12.74   63.571  17.485  99.97   0.047	0.016	0.7482  0.7159  0.5316  0.6133  0.6249  0.5879  0.5717  -0.341  0.2     0.3956  0.1139  0.9035  
45      1.4806  11.67   52.74   12.73   63.665  17.605  99.97   0.096	0.016	0.7482  0.7159  0.5316  0.6133  0.6248  0.588   0.5717  -0.341  0.2     0.3956  0.1139  0.9035  
45      1.4819  11.68   52.22   12.76   63.761  17.616  99.97   0.065	0.016	0.7482  0.7159  0.5316  0.6133  0.6248  0.5879  0.5718  -0.341  0.2     0.3956  0.1139  0.9035  
45      1.4796  11.67   51.31   12.74   63.696  17.535  99.97   7.e-4	0.016	0.7482  0.7159  0.5316  0.6133  0.6248  0.5879  0.5717  -0.342  0.2     0.3956  0.1139  0.9035  
45      1.4797  11.67   51.3    12.74   63.699  17.54   99.97   -5e-5	0.016	0.7482  0.7159  0.5316  0.6133  0.6248  0.5879  0.5717  -0.341  0.2     0.3956  0.1139  0.9035  
45      1.4786  11.67   51.19   12.74   63.669  17.501  99.97   -7e-3	0.016	0.7482  0.7159  0.5316  0.6133  0.6248  0.5879  0.5717  -0.341  0.2     0.3957  0.1139  0.9035  
45      1.48    11.67   51.34   12.74   63.694  17.555  99.97   3.e-3	0.016	0.7482  0.7159  0.5316  0.6133  0.6248  0.5879  0.5717  -0.341  0.2     0.3956  0.1139  0.9035  
45      1.479   11.67   50.67   12.74   63.719  17.495  99.97   -0.04	0.016	0.7482  0.7159  0.5316  0.6133  0.6248  0.5879  0.5717  -0.341  0.2     0.3956  0.1139  0.9037  
45-1                                                                          0.2286  -0.144  0.1347  -2.661  1.595   3.2618  2.2035  0.0236  -2.e-3  -0.232  0.0872  -1.427  

45-2    1.489   11.68   60.06   12.78   63.15   18.28   99.97   0.587	0.016	0.7482  0.7159  0.5316  0.613   0.625   0.5882  0.5719  -0.341  0.2     0.3956  0.1139  0.9033  
45-3    1.4991  11.69   46.53   12.83   62.597  19.012  99.97   -0.85	0.016	0.7483  0.7159  0.5316  0.6127  0.6251  0.5885  0.5721  -0.341  0.2     0.3956  0.1139  0.9031  
46      1.499   11.69   46.46   12.83   62.596  19.007  99.97   -5e-3	0.016	0.7484  0.7159  0.5316  0.6127  0.6251  0.5885  0.5721  -0.341  0.2     0.3956  0.1139  0.9031  
46      1.5009  11.69   46.56   12.83   62.65   19.068  99.97   1.e-3	0.016	0.7483  0.716   0.5316  0.6127  0.6251  0.5885  0.5721  -0.341  0.2     0.3956  0.1139  0.9031  
46      1.4993  11.69   46.49   12.83   62.595  19.02   99.97   -3e-3	0.016	0.7483  0.7159  0.5317  0.6127  0.6251  0.5885  0.5721  -0.341  0.2     0.3956  0.1139  0.9031  
46      1.4975  11.69   47.26   12.81   62.734  18.876  99.97   0.05 	0.016	0.7483  0.7159  0.5316  0.6128  0.6251  0.5885  0.5721  -0.341  0.2     0.3956  0.1139  0.9031  
46      1.4968  11.69   46.16   12.83   62.478  18.958  99.97   -0.02	0.016	0.7483  0.7159  0.5316  0.6127  0.6252  0.5885  0.5721  -0.341  0.2     0.3956  0.1139  0.9031  
46      1.5003  11.69   45.78   12.82   62.566  19.078  99.97   -0.05	0.016	0.7483  0.7159  0.5316  0.6127  0.6251  0.5886  0.5721  -0.341  0.2     0.3956  0.1139  0.9031  
46      1.5015  11.7    45.94   12.84   62.662  19.091  99.97   -0.04	0.016	0.7483  0.7159  0.5316  0.6127  0.6251  0.5885  0.5722  -0.341  0.2     0.3956  0.1139  0.9031  
46      1.4991  11.69   46.52   12.83   62.598  19.008  99.97   -7e-4	0.016	0.7483  0.7159  0.5316  0.6127  0.6251  0.5885  0.5721  -0.342  0.2     0.3956  0.1139  0.9031  
46      1.4992  11.69   46.53   12.83   62.601  19.013  99.97   -5e-5	0.016	0.7483  0.7159  0.5316  0.6127  0.6251  0.5885  0.5721  -0.341  0.2     0.3956  0.1139  0.9031  
46      1.4981  11.69   46.59   12.83   62.573  18.975  99.97   5.e-3	0.016	0.7483  0.7159  0.5316  0.6127  0.6251  0.5885  0.5721  -0.341  0.2     0.3956  0.1139  0.9031  
46      1.4995  11.69   46.5    12.83   62.596  19.028  99.97   -2e-3	0.016	0.7483  0.7159  0.5316  0.6127  0.6251  0.5885  0.5721  -0.341  0.2     0.3956  0.1139  0.9031  
46      1.4984  11.69   46.91   12.83   62.622  18.97   99.97   0.026	0.016	0.7483  0.7159  0.5316  0.6127  0.6251  0.5885  0.5721  -0.341  0.2     0.3956  0.1139  0.9033  
46-1                                                                          -0.278  0.0689  -0.164  2.9225  -1.402  -3.024  -2.171  -0.039  -3.e-3  0.2692  -0.127  1.5318  

46-2    1.4883  11.68   59.86   12.78   63.153  18.243  99.97   0.912	0.016	0.7482  0.7159  0.5316  0.613   0.625   0.5882  0.5719  -0.341  0.2     0.3956  0.1139  0.9033  
46-3    1.4781  11.67   51.43   12.73   63.703  17.457  99.97   -0.53	0.016	0.7482  0.7159  0.5316  0.6133  0.6249  0.5879  0.5717  -0.341  0.2     0.3956  0.1139  0.9036  
47      1.478   11.67   51.52   12.73   63.702  17.452  99.97   6.e-3	0.016	0.7483  0.7159  0.5316  0.6133  0.6249  0.5879  0.5717  -0.341  0.2     0.3956  0.1139  0.9036  
47      1.4798  11.67   51.37   12.73   63.757  17.512  99.97   -5e-3	0.016	0.7482  0.716   0.5316  0.6133  0.6249  0.5879  0.5717  -0.341  0.2     0.3956  0.1139  0.9036  
47      1.4782  11.67   51.48   12.73   63.701  17.466  99.97   3.e-3	0.016	0.7482  0.7159  0.5317  0.6133  0.6249  0.5879  0.5717  -0.341  0.2     0.3956  0.1139  0.9036  
47      1.4767  11.67   50.23   12.72   63.836  17.312  99.97   -0.08	0.016	0.7482  0.7159  0.5316  0.6134  0.6249  0.5879  0.5717  -0.341  0.2     0.3956  0.1139  0.9036  
47      1.4756  11.67   52.11   12.74   63.578  17.403  99.97   0.047	0.016	0.7482  0.7159  0.5316  0.6133  0.625   0.5879  0.5717  -0.341  0.2     0.3956  0.1139  0.9036  
47      1.4791  11.67   52.88   12.72   63.673  17.524  99.97   0.096	0.016	0.7482  0.7159  0.5316  0.6133  0.6249  0.588   0.5717  -0.341  0.2     0.3956  0.1139  0.9036  
47      1.4804  11.68   52.36   12.75   63.77   17.534  99.97   0.065	0.016	0.7482  0.7159  0.5316  0.6133  0.6249  0.5879  0.5718  -0.341  0.2     0.3956  0.1139  0.9036  
47      1.478   11.67   51.43   12.73   63.704  17.453  99.97   3.e-5	0.016	0.7482  0.7159  0.5316  0.6133  0.6249  0.5879  0.5717  -0.342  0.2     0.3956  0.1139  0.9036  
47      1.4782  11.67   51.42   12.73   63.707  17.459  99.97   -7e-4	0.016	0.7482  0.7159  0.5316  0.6133  0.6249  0.5879  0.5717  -0.341  0.2     0.3956  0.1139  0.9036  
47      1.477   11.67   51.31   12.73   63.677  17.42   99.97   -7e-3	0.016	0.7482  0.7159  0.5316  0.6133  0.6249  0.5879  0.5717  -0.341  0.2     0.3957  0.1139  0.9036  
47      1.4784  11.67   51.46   12.73   63.702  17.473  99.97   2.e-3	0.016	0.7482  0.7159  0.5316  0.6133  0.6249  0.5879  0.5717  -0.341  0.2     0.3956  0.1139  0.9036  
47      1.4775  11.67   50.79   12.73   63.727  17.413  99.97   -0.04	0.016	0.7482  0.7159  0.5316  0.6133  0.6249  0.5879  0.5717  -0.341  0.2     0.3956  0.1139  0.9037  
47-1                                                                          0.204   -0.164  0.1109  -2.704  1.5802  3.2536  2.2053  8.8e-4  -0.024  -0.253  0.0639  -1.436  

47-2    1.4875  11.68   59.6    12.78   63.154  18.208  99.97   0.547	0.016	0.7482  0.7159  0.5316  0.613   0.625   0.5882  0.5719  -0.341  0.2     0.3956  0.1139  0.9033  
47-3    1.4978  11.69   46.4    12.82   62.599  18.949  99.97   -0.83	0.016	0.7482  0.7158  0.5316  0.6128  0.6252  0.5885  0.5721  -0.341  0.2     0.3956  0.1139  0.9031  
48      1.4977  11.69   46.34   12.82   62.598  18.944  99.97   -4e-3	0.016	0.7484  0.7158  0.5316  0.6128  0.6252  0.5885  0.5721  -0.341  0.2     0.3956  0.1139  0.9031  
48      1.4995  11.69   46.43   12.82   62.652  19.005  99.97   1.e-3	0.016	0.7482  0.716   0.5316  0.6128  0.6252  0.5885  0.5721  -0.341  0.2     0.3956  0.1139  0.9031  
48      1.4979  11.69   46.37   12.82   62.597  18.957  99.97   -2e-3	0.016	0.7482  0.7158  0.5317  0.6128  0.6252  0.5885  0.5721  -0.341  0.2     0.3956  0.1139  0.9031  
48      1.4961  11.69   47.12   12.81   62.736  18.812  99.97   0.049	0.016	0.7482  0.7158  0.5316  0.6129  0.6252  0.5885  0.5721  -0.341  0.2     0.3956  0.1139  0.9031  
48      1.4954  11.69   46.04   12.83   62.479  18.895  99.97   -0.02	0.016	0.7482  0.7158  0.5316  0.6128  0.6253  0.5885  0.5721  -0.341  0.2     0.3956  0.1139  0.9031  
48      1.4989  11.69   45.65   12.81   62.567  19.016  99.97   -0.05	0.016	0.7482  0.7158  0.5316  0.6128  0.6252  0.5886  0.5721  -0.341  0.2     0.3956  0.1139  0.9031  
48      1.5001  11.7    45.82   12.84   62.664  19.028  99.97   -0.04	0.016	0.7482  0.7158  0.5316  0.6128  0.6252  0.5885  0.5722  -0.341  0.2     0.3956  0.1139  0.9031  
48      1.4977  11.69   46.39   12.82   62.599  18.945  99.97   -7e-4	0.016	0.7482  0.7158  0.5316  0.6128  0.6252  0.5885  0.5721  -0.342  0.2     0.3956  0.1139  0.9031  
48      1.4978  11.69   46.4    12.82   62.603  18.95   99.97   -5e-5	0.016	0.7482  0.7158  0.5316  0.6128  0.6252  0.5885  0.5721  -0.341  0.2     0.3956  0.1139  0.9031  
48      1.4967  11.69   46.46   12.82   62.575  18.912  99.97   5.e-3	0.016	0.7482  0.7158  0.5316  0.6128  0.6252  0.5885  0.5721  -0.341  0.2     0.3956  0.1139  0.9031  
48      1.4981  11.69   46.38   12.82   62.597  18.965  99.97   -1e-3	0.016	0.7482  0.7158  0.5316  0.6128  0.6252  0.5885  0.5721  -0.341  0.2     0.3956  0.1139  0.9031  
48      1.4971  11.69   46.77   12.82   62.623  18.906  99.97   0.026	0.016	0.7482  0.7158  0.5316  0.6128  0.6252  0.5885  0.5721  -0.341  0.2     0.3956  0.1139  0.9033  
48-1                                                                          -0.244  0.0706  -0.126  2.9515  -1.394  -3.097  -2.183  -0.04   -3.e-3  0.2756  -0.089  1.5275  

48-2    1.4866  11.68   59.61   12.77   63.156  18.165  99.97   0.905	0.016	0.7482  0.7159  0.5316  0.6131  0.625   0.5882  0.5719  -0.341  0.2     0.3956  0.1139  0.9034  
48-3    1.4763  11.67   51.39   12.72   63.708  17.369  99.97   -0.52	0.016	0.7482  0.7159  0.5316  0.6134  0.6249  0.5879  0.5717  -0.341  0.2     0.3956  0.1139  0.9036  
49      1.4762  11.67   51.49   12.72   63.706  17.364  99.97   7.e-3	0.016	0.7483  0.7159  0.5316  0.6134  0.6249  0.5879  0.5717  -0.341  0.2     0.3956  0.1139  0.9036  
49      1.4781  11.67   51.33   12.72   63.761  17.424  99.97   -5e-3	0.016	0.7482  0.716   0.5316  0.6134  0.6249  0.5879  0.5717  -0.341  0.2     0.3956  0.1139  0.9036  
49      1.4765  11.67   51.44   12.72   63.705  17.378  99.97   3.e-3	0.016	0.7482  0.7159  0.5317  0.6134  0.6249  0.5879  0.5717  -0.341  0.2     0.3956  0.1139  0.9036  
49      1.4749  11.67   50.2    12.71   63.839  17.223  99.97   -0.08	0.016	0.7482  0.7159  0.5316  0.6135  0.6249  0.5879  0.5717  -0.341  0.2     0.3956  0.1139  0.9036  
49      1.4738  11.67   52.07   12.73   63.582  17.315  99.97   0.047	0.016	0.7482  0.7159  0.5316  0.6134  0.625   0.5879  0.5717  -0.341  0.2     0.3956  0.1139  0.9036  
49      1.4774  11.67   52.84   12.71   63.677  17.436  99.97   0.096	0.016	0.7482  0.7159  0.5316  0.6134  0.6249  0.588   0.5717  -0.341  0.2     0.3956  0.1139  0.9036  
49      1.4786  11.68   52.32   12.74   63.774  17.445  99.97   0.065	0.016	0.7482  0.7159  0.5316  0.6134  0.6249  0.5879  0.5718  -0.341  0.2     0.3956  0.1139  0.9036  
49      1.4763  11.67   51.39   12.72   63.708  17.365  99.97   2.e-5	0.016	0.7482  0.7159  0.5316  0.6134  0.6249  0.5879  0.5717  -0.342  0.2     0.3956  0.1139  0.9036  
49      1.4764  11.67   51.38   12.72   63.711  17.371  99.97   -7e-4	0.016	0.7482  0.7159  0.5316  0.6134  0.6249  0.5879  0.5717  -0.341  0.2     0.3956  0.1139  0.9036  
49      1.4753  11.67   51.27   12.72   63.681  17.332  99.97   -7e-3	0.016	0.7482  0.7159  0.5316  0.6134  0.6249  0.5879  0.5717  -0.341  0.2     0.3957  0.1139  0.9036  
49      1.4767  11.67   51.43   12.72   63.706  17.386  99.97   3.e-3	0.016	0.7482  0.7159  0.5316  0.6134  0.6249  0.5879  0.5717  -0.341  0.2     0.3956  0.1139  0.9036  
49      1.4757  11.67   50.76   12.72   63.73   17.325  99.97   -0.04	0.016	0.7482  0.7159  0.5316  0.6134  0.6249  0.5879  0.5717  -0.341  0.2     0.3956  0.1139  0.9037  
49-1                                                                          0.2265  -0.164  0.111   -2.681  1.5804  3.2536  2.2054  7.6e-4  -0.024  -0.253  0.0862  -1.413  

49-2    1.4858  11.68   59.77   12.77   63.164  18.119  99.97   0.561	0.016	0.7482  0.7158  0.5316  0.6131  0.6251  0.5882  0.5719  -0.341  0.2     0.3956  0.1139  0.9034  
49-3    1.4959  11.69   46.46   12.81   62.616  18.857  99.97   -0.83	0.016	0.7482  0.7158  0.5316  0.6128  0.6252  0.5886  0.5721  -0.341  0.2     0.3956  0.1139  0.9032  
50      1.4958  11.69   46.39   12.81   62.615  18.852  99.97   -5e-3	0.016	0.7484  0.7158  0.5316  0.6128  0.6252  0.5886  0.5721  -0.341  0.2     0.3956  0.1139  0.9032  
50      1.4977  11.69   46.49   12.81   62.669  18.913  99.97   1.e-3	0.016	0.7482  0.7159  0.5316  0.6128  0.6252  0.5886  0.5721  -0.341  0.2     0.3956  0.1139  0.9032  
50      1.4961  11.69   46.42   12.81   62.614  18.866  99.97   -3e-3	0.016	0.7482  0.7158  0.5317  0.6128  0.6252  0.5886  0.5721  -0.341  0.2     0.3956  0.1139  0.9032  
50      1.4943  11.69   47.19   12.8    62.752  18.72   99.97   0.05 	0.016	0.7482  0.7158  0.5316  0.6129  0.6252  0.5886  0.5721  -0.341  0.2     0.3956  0.1139  0.9032  
50      1.4936  11.69   46.09   12.82   62.496  18.803  99.97   -0.02	0.016	0.7482  0.7158  0.5316  0.6128  0.6253  0.5886  0.5721  -0.341  0.2     0.3956  0.1139  0.9032  
50      1.4971  11.69   45.71   12.8    62.585  18.923  99.97   -0.05	0.016	0.7482  0.7158  0.5316  0.6128  0.6252  0.5886  0.5721  -0.341  0.2     0.3956  0.1139  0.9032  
50      1.4983  11.69   45.87   12.82   62.681  18.936  99.97   -0.04	0.016	0.7482  0.7158  0.5316  0.6128  0.6252  0.5886  0.5722  -0.341  0.2     0.3956  0.1139  0.9032  
50      1.4959  11.69   46.45   12.81   62.616  18.853  99.97   -7e-4	0.016	0.7482  0.7158  0.5316  0.6128  0.6252  0.5886  0.5721  -0.342  0.2     0.3956  0.1139  0.9032  
50      1.496   11.69   46.46   12.81   62.62   18.859  99.97   -5e-5	0.016	0.7482  0.7158  0.5316  0.6128  0.6252  0.5886  0.5721  -0.341  0.2     0.3956  0.1139  0.9032  
50      1.4949  11.69   46.52   12.81   62.591  18.82   99.97   5.e-3	0.016	0.7482  0.7158  0.5316  0.6128  0.6252  0.5886  0.5721  -0.341  0.2     0.3956  0.1139  0.9032  
50      1.4963  11.69   46.43   12.81   62.614  18.873  99.97   -2e-3	0.016	0.7482  0.7158  0.5316  0.6128  0.6252  0.5886  0.5721  -0.341  0.2     0.3956  0.1139  0.9032  
50      1.4952  11.69   46.84   12.81   62.64   18.814  99.97   0.026	0.016	0.7482  0.7158  0.5316  0.6128  0.6252  0.5886  0.5721  -0.341  0.2     0.3956  0.1139  0.9033  
50-1                                                                          -0.272  0.0677  -0.16   2.8598  -1.371  -2.959  -2.383  -0.038  -3.e-3  0.2634  -0.124  1.4989  

50-2    1.4846  11.68   59.58   12.76   63.139  18.078  99.97   0.899	0.016	0.7482  0.7158  0.5316  0.6131  0.6251  0.5883  0.5719  -0.341  0.2     0.3956  0.1139  0.9034  
50-3    1.4741  11.67   51.53   12.71   63.653  17.289  99.97   -0.51	0.016	0.7482  0.7158  0.5316  0.6134  0.6249  0.588   0.5717  -0.341  0.2     0.3956  0.1139  0.9036  
51      1.474   11.67   51.65   12.71   63.651  17.284  99.97   8.e-3	0.016	0.7483  0.7158  0.5316  0.6134  0.6249  0.588   0.5717  -0.341  0.2     0.3956  0.1139  0.9036  
51      1.4758  11.67   51.48   12.71   63.706  17.343  99.97   -4e-3	0.016	0.7482  0.716   0.5316  0.6134  0.6249  0.588   0.5717  -0.341  0.2     0.3956  0.1139  0.9036  
51      1.4743  11.67   51.59   12.71   63.651  17.297  99.97   4.e-3	0.016	0.7482  0.7158  0.5317  0.6134  0.6249  0.588   0.5717  -0.341  0.2     0.3956  0.1139  0.9036  
51      1.4727  11.67   50.35   12.7    63.784  17.143  99.97   -0.08	0.016	0.7482  0.7158  0.5316  0.6135  0.6249  0.588   0.5717  -0.341  0.2     0.3956  0.1139  0.9036  
51      1.4716  11.67   52.21   12.72   63.527  17.235  99.97   0.047	0.016	0.7482  0.7158  0.5316  0.6134  0.625   0.588   0.5717  -0.341  0.2     0.3956  0.1139  0.9036  
51      1.4751  11.67   52.96   12.7    63.623  17.356  99.97   0.095	0.016	0.7482  0.7158  0.5316  0.6134  0.6249  0.5881  0.5717  -0.341  0.2     0.3956  0.1139  0.9036  
51      1.4764  11.67   52.58   12.72   63.719  17.364  99.97   0.069	0.016	0.7482  0.7158  0.5316  0.6134  0.6249  0.588   0.5718  -0.341  0.2     0.3956  0.1139  0.9036  
51      1.474   11.67   51.54   12.71   63.653  17.285  99.97   7.e-4	0.016	0.7482  0.7158  0.5316  0.6134  0.6249  0.588   0.5717  -0.342  0.2     0.3956  0.1139  0.9036  
51      1.4742  11.67   51.53   12.71   63.657  17.291  99.97   -5e-5	0.016	0.7482  0.7158  0.5316  0.6134  0.6249  0.588   0.5717  -0.341  0.2     0.3956  0.1139  0.9036  
51      1.4731  11.67   51.39   12.71   63.626  17.251  99.97   -9e-3	0.016	0.7482  0.7158  0.5316  0.6134  0.6249  0.588   0.5717  -0.341  0.2     0.3957  0.1139  0.9036  
51      1.4744  11.67   51.58   12.71   63.652  17.305  99.97   3.e-3	0.016	0.7482  0.7158  0.5316  0.6134  0.6249  0.588   0.5717  -0.341  0.2     0.3956  0.1139  0.9036  
51      1.4735  11.67   50.9    12.71   63.676  17.245  99.97   -0.04	0.016	0.7482  0.7158  0.5316  0.6134  0.6249  0.588   0.5717  -0.341  0.2     0.3956  0.1139  0.9038  
51-1                                                                          0.2678  -0.14   0.1317  -2.623  1.5594  3.1657  2.2918  0.0231  -2.e-3  -0.294  0.1075  -1.394  

51-2    1.4837  11.68   59.66   12.76   63.133  18.035  99.97   0.544	0.016	0.7482  0.7158  0.5316  0.6131  0.6251  0.5883  0.5719  -0.341  0.2     0.3956  0.1139  0.9034  
51-3    1.4939  11.69   46.52   12.8    62.608  18.768  99.97   -0.82	0.016	0.7482  0.7158  0.5316  0.6129  0.6253  0.5886  0.5721  -0.341  0.2     0.3956  0.1139  0.9032  
52      1.4938  11.69   46.46   12.8    62.607  18.764  99.97   -4e-3	0.016	0.7484  0.7158  0.5316  0.6129  0.6253  0.5886  0.5721  -0.341  0.2     0.3956  0.1139  0.9032  
52      1.4957  11.69   46.55   12.8    62.661  18.825  99.97   1.e-3	0.016	0.7482  0.7159  0.5316  0.6129  0.6253  0.5886  0.5721  -0.341  0.2     0.3956  0.1139  0.9032  
52      1.4941  11.69   46.49   12.8    62.607  18.777  99.97   -2e-3	0.016	0.7482  0.7158  0.5317  0.6129  0.6253  0.5886  0.5721  -0.341  0.2     0.3956  0.1139  0.9032  
52      1.4923  11.69   47.26   12.79   62.745  18.631  99.97   0.051	0.016	0.7482  0.7158  0.5316  0.613   0.6253  0.5886  0.5721  -0.341  0.2     0.3956  0.1139  0.9032  
52      1.4916  11.69   46.15   12.81   62.488  18.715  99.97   -0.02	0.016	0.7482  0.7158  0.5316  0.6129  0.6254  0.5886  0.5721  -0.341  0.2     0.3956  0.1139  0.9032  
52      1.4951  11.69   45.75   12.79   62.577  18.836  99.97   -0.05	0.016	0.7482  0.7158  0.5316  0.6129  0.6253  0.5887  0.5721  -0.341  0.2     0.3956  0.1139  0.9032  
52      1.4963  11.69   45.93   12.81   62.674  18.847  99.97   -0.04	0.016	0.7482  0.7158  0.5316  0.6129  0.6253  0.5886  0.5722  -0.341  0.2     0.3956  0.1139  0.9032  
52      1.4939  11.69   46.51   12.8    62.609  18.765  99.97   -7e-4	0.016	0.7482  0.7158  0.5316  0.6129  0.6253  0.5886  0.5721  -0.342  0.2     0.3956  0.1139  0.9032  
52      1.494   11.69   46.52   12.8    62.612  18.77   99.97   -5e-5	0.016	0.7482  0.7158  0.5316  0.6129  0.6253  0.5886  0.5721  -0.341  0.2     0.3956  0.1139  0.9032  
52      1.4929  11.69   46.58   12.8    62.584  18.732  99.97   5.e-3	0.016	0.7482  0.7158  0.5316  0.6129  0.6253  0.5886  0.5721  -0.341  0.2     0.3956  0.1139  0.9032  
52      1.4943  11.69   46.5    12.8    62.607  18.784  99.97   -1e-3	0.016	0.7482  0.7158  0.5316  0.6129  0.6253  0.5886  0.5721  -0.341  0.2     0.3956  0.1139  0.9032  
52      1.4932  11.69   46.9    12.8    62.632  18.726  99.97   0.026	0.016	0.7482  0.7158  0.5316  0.6129  0.6253  0.5886  0.5721  -0.341  0.2     0.3956  0.1139  0.9033  
52-1                                                                          -0.233  0.0675  -0.121  2.8992  -1.371  -3.038  -2.383  -0.038  -3.e-3  0.2635  -0.085  1.499   

52-2    1.4825  11.68   60.22   12.75   63.137  17.978  99.97   0.938	0.016	0.7482  0.7158  0.5316  0.6132  0.6251  0.5883  0.5719  -0.341  0.2     0.3956  0.1139  0.9034  
52-3    1.4719  11.67   51.1    12.7    63.657  17.176  99.97   -0.58	0.016	0.7482  0.7158  0.5316  0.6134  0.625   0.588   0.5717  -0.341  0.2     0.3956  0.1139  0.9036  
53      1.4718  11.67   51.21   12.7    63.655  17.171  99.97   7.e-3	0.016	0.7483  0.7158  0.5316  0.6134  0.625   0.588   0.5717  -0.341  0.2     0.3956  0.1139  0.9036  
53      1.4736  11.67   51.04   12.7    63.71   17.23   99.97   -5e-3	0.016	0.7482  0.7159  0.5316  0.6134  0.625   0.588   0.5717  -0.341  0.2     0.3956  0.1139  0.9036  
53      1.472   11.67   51.16   12.7    63.655  17.184  99.97   4.e-3	0.016	0.7482  0.7158  0.5317  0.6134  0.625   0.588   0.5717  -0.341  0.2     0.3956  0.1139  0.9036  
53      1.4705  11.67   49.97   12.69   63.787  17.029  99.97   -0.08	0.016	0.7482  0.7158  0.5316  0.6135  0.625   0.588   0.5717  -0.341  0.2     0.3956  0.1139  0.9036  
53      1.4694  11.67   51.73   12.71   63.531  17.122  99.97   0.043	0.016	0.7482  0.7158  0.5316  0.6134  0.6251  0.588   0.5717  -0.341  0.2     0.3956  0.1139  0.9036  
53      1.4729  11.67   52.44   12.69   63.627  17.243  99.97   0.089	0.016	0.7482  0.7158  0.5316  0.6134  0.625   0.5881  0.5717  -0.341  0.2     0.3956  0.1139  0.9036  
53      1.4742  11.67   52.13   12.71   63.724  17.252  99.97   0.067	0.016	0.7482  0.7158  0.5316  0.6134  0.625   0.588   0.5718  -0.341  0.2     0.3956  0.1139  0.9036  
53      1.4718  11.67   51.11   12.7    63.657  17.172  99.97   7.e-4	0.016	0.7482  0.7158  0.5316  0.6134  0.625   0.588   0.5717  -0.342  0.2     0.3956  0.1139  0.9036  
53      1.472   11.67   51.09   12.7    63.66   17.177  99.97   -7e-4	0.016	0.7482  0.7158  0.5316  0.6134  0.625   0.588   0.5717  -0.341  0.2     0.3956  0.1139  0.9036  
53      1.4708  11.67   50.96   12.7    63.63   17.138  99.97   -9e-3	0.016	0.7482  0.7158  0.5316  0.6134  0.625   0.588   0.5717  -0.341  0.2     0.3957  0.1139  0.9036  
53      1.4722  11.67   51.14   12.7    63.655  17.192  99.97   3.e-3	0.016	0.7482  0.7158  0.5316  0.6134  0.625   0.588   0.5717  -0.341  0.2     0.3956  0.1139  0.9036  
53      1.4713  11.67   50.5    12.7    63.679  17.132  99.97   -0.04	0.016	0.7482  0.7158  0.5316  0.6134  0.625   0.588   0.5717  -0.341  0.2     0.3956  0.1139  0.9038  
53-1                                                                          0.257   -0.169  0.1378  -2.629  1.5158  3.104   2.3514  0.0241  -0.025  -0.307  0.0892  -1.39   

53-2    1.4816  11.68   60.94   12.75   63.15   17.926  99.97   0.659	0.016	0.7482  0.7158  0.5316  0.6132  0.6251  0.5883  0.5719  -0.341  0.2     0.3956  0.1139  0.9034  
53-3    1.492   11.69   46.8    12.79   62.635  18.665  99.97   -0.88	0.016	0.7482  0.7158  0.5316  0.6129  0.6253  0.5886  0.5721  -0.341  0.2     0.3956  0.1139  0.9032  
54      1.4919  11.69   46.74   12.79   62.633  18.661  99.97   -4e-3	0.016	0.7484  0.7158  0.5316  0.6129  0.6253  0.5886  0.5721  -0.341  0.2     0.3956  0.1139  0.9032  
54      1.4937  11.69   46.83   12.79   62.687  18.721  99.97   1.e-3	0.016	0.7482  0.7159  0.5316  0.6129  0.6253  0.5886  0.5721  -0.341  0.2     0.3956  0.1139  0.9032  
54      1.4921  11.69   46.77   12.79   62.633  18.674  99.97   -2e-3	0.016	0.7482  0.7158  0.5317  0.6129  0.6253  0.5886  0.5721  -0.341  0.2     0.3956  0.1139  0.9032  
54      1.4903  11.69   47.57   12.78   62.771  18.527  99.97   0.053	0.016	0.7482  0.7158  0.5316  0.613   0.6253  0.5886  0.5721  -0.341  0.2     0.3956  0.1139  0.9032  
54      1.4896  11.69   46.42   12.8    62.514  18.612  99.97   -0.02	0.016	0.7482  0.7158  0.5316  0.6129  0.6254  0.5886  0.5721  -0.341  0.2     0.3956  0.1139  0.9032  
54      1.4931  11.69   46.02   12.78   62.604  18.734  99.97   -0.05	0.016	0.7482  0.7158  0.5316  0.6129  0.6253  0.5887  0.5721  -0.341  0.2     0.3956  0.1139  0.9032  
54      1.4943  11.69   46.2    12.8    62.701  18.744  99.97   -0.04	0.016	0.7482  0.7158  0.5316  0.6129  0.6253  0.5886  0.5722  -0.341  0.2     0.3956  0.1139  0.9032  
54      1.4919  11.69   46.8    12.79   62.635  18.662  99.97   3.e-5	0.016	0.7482  0.7158  0.5316  0.6129  0.6253  0.5886  0.5721  -0.342  0.2     0.3956  0.1139  0.9032  
54      1.492   11.69   46.81   12.79   62.639  18.667  99.97   6.e-4	0.016	0.7482  0.7158  0.5316  0.6129  0.6253  0.5886  0.5721  -0.341  0.2     0.3956  0.1139  0.9032  
54      1.4909  11.69   46.87   12.79   62.61   18.629  99.97   5.e-3	0.016	0.7482  0.7158  0.5316  0.6129  0.6253  0.5886  0.5721  -0.341  0.2     0.3956  0.1139  0.9032  
54      1.4923  11.69   46.78   12.79   62.633  18.682  99.97   -1e-3	0.016	0.7482  0.7158  0.5316  0.6129  0.6253  0.5886  0.5721  -0.341  0.2     0.3956  0.1139  0.9032  
54      1.4913  11.69   47.2    12.79   62.658  18.623  99.97   0.028	0.016	0.7482  0.7158  0.5316  0.6129  0.6253  0.5886  0.5721  -0.341  0.2     0.3956  0.1139  0.9034  
54-1                                                                          -0.226  0.0657  -0.117  2.9313  -1.37   -2.99   -2.353  1.4e-3  0.0355  0.2942  -0.082  1.5327  

54-2    1.4806  11.68   61.53   12.74   63.165  17.873  99.97   1.007	0.016	0.7482  0.7158  0.5316  0.6132  0.6251  0.5883  0.5719  -0.341  0.2     0.3956  0.1139  0.9035  
54-3    1.47    11.67   50.69   12.69   63.689  17.063  99.97   -0.68	0.016	0.7482  0.7158  0.5316  0.6135  0.625   0.588   0.5717  -0.341  0.2     0.3956  0.1139  0.9037  
55      1.4699  11.67   50.8    12.69   63.687  17.059  99.97   7.e-3	0.016	0.7483  0.7158  0.5316  0.6135  0.625   0.588   0.5717  -0.341  0.2     0.3956  0.1139  0.9037  
55      1.4717  11.67   50.64   12.69   63.742  17.118  99.97   -4e-3	0.016	0.7482  0.7159  0.5316  0.6135  0.625   0.588   0.5717  -0.341  0.2     0.3956  0.1139  0.9037  
55      1.4702  11.67   50.75   12.69   63.687  17.072  99.97   4.e-3	0.016	0.7482  0.7158  0.5317  0.6135  0.625   0.588   0.5717  -0.341  0.2     0.3956  0.1139  0.9037  
55      1.4686  11.67   49.61   12.68   63.819  16.916  99.97   -0.07	0.016	0.7482  0.7158  0.5316  0.6136  0.625   0.588   0.5717  -0.341  0.2     0.3956  0.1139  0.9037  
55      1.4675  11.67   51.3    12.7    63.562  17.01   99.97   0.042	0.016	0.7482  0.7158  0.5316  0.6135  0.6251  0.588   0.5717  -0.341  0.2     0.3956  0.1139  0.9037  
55      1.471   11.67   51.99   12.68   63.66   17.131  99.97   0.087	0.016	0.7482  0.7158  0.5316  0.6135  0.625   0.5881  0.5717  -0.341  0.2     0.3956  0.1139  0.9037  
55      1.4723  11.67   51.65   12.7    63.756  17.139  99.97   0.063	0.016	0.7482  0.7158  0.5316  0.6135  0.625   0.588   0.5718  -0.341  0.2     0.3956  0.1139  0.9037  
55      1.4699  11.67   50.7    12.69   63.689  17.059  99.97   7.e-4	0.016	0.7482  0.7158  0.5316  0.6135  0.625   0.588   0.5717  -0.342  0.2     0.3956  0.1139  0.9037  
55      1.4701  11.67   50.69   12.69   63.693  17.065  99.97   -5e-5	0.016	0.7482  0.7158  0.5316  0.6135  0.625   0.588   0.5717  -0.341  0.2     0.3956  0.1139  0.9037  
55      1.469   11.67   50.57   12.69   63.662  17.027  99.97   -8e-3	0.016	0.7482  0.7158  0.5316  0.6135  0.625   0.588   0.5717  -0.341  0.2     0.3957  0.1139  0.9037  
55      1.4703  11.67   50.73   12.69   63.688  17.08   99.97   3.e-3	0.016	0.7482  0.7158  0.5316  0.6135  0.625   0.588   0.5717  -0.341  0.2     0.3956  0.1139  0.9037  
55      1.4694  11.67   50.12   12.69   63.711  17.02   99.97   -0.04	0.016	0.7482  0.7158  0.5316  0.6135  0.625   0.588   0.5717  -0.341  0.2     0.3956  0.1139  0.9038  
55-1                                                                          0.2701  -0.154  0.1448  -2.641  1.5441  3.1641  2.3004  0.0254  -2.e-3  -0.275  0.0938  -1.387  

55-2    1.4796  11.68   62.08   12.74   63.173  17.817  99.97   0.765	0.016	0.7482  0.7158  0.5316  0.6132  0.6252  0.5883  0.5719  -0.341  0.2     0.3956  0.1139  0.9035  
55-3    1.4898  11.69   46.96   12.78   62.65   18.561  99.97   -0.94	0.016	0.7483  0.7158  0.5316  0.613   0.6253  0.5886  0.5721  -0.341  0.2     0.3956  0.1139  0.9033  
56      1.4897  11.69   46.89   12.78   62.648  18.556  99.97   -5e-3	0.016	0.7484  0.7158  0.5316  0.613   0.6253  0.5886  0.5721  -0.341  0.2     0.3956  0.1139  0.9033  
56      1.4916  11.69   46.99   12.78   62.702  18.616  99.97   1.e-3	0.016	0.7483  0.7159  0.5316  0.613   0.6253  0.5886  0.5721  -0.341  0.2     0.3956  0.1139  0.9033  
56      1.49    11.69   46.92   12.78   62.648  18.569  99.97   -3e-3	0.016	0.7483  0.7158  0.5317  0.613   0.6253  0.5886  0.5721  -0.341  0.2     0.3956  0.1139  0.9033  
56      1.4882  11.69   47.75   12.77   62.787  18.419  99.97   0.054	0.016	0.7483  0.7158  0.5316  0.6131  0.6253  0.5886  0.5721  -0.341  0.2     0.3956  0.1139  0.9033  
56      1.4875  11.69   46.57   12.79   62.528  18.507  99.97   -0.03	0.016	0.7483  0.7158  0.5316  0.613   0.6254  0.5886  0.5721  -0.341  0.2     0.3956  0.1139  0.9033  
56      1.491   11.69   46.17   12.77   62.619  18.628  99.97   -0.05	0.016	0.7483  0.7158  0.5316  0.613   0.6253  0.5887  0.5721  -0.341  0.2     0.3956  0.1139  0.9033  
56      1.4922  11.69   46.36   12.79   62.715  18.638  99.97   -0.04	0.016	0.7483  0.7158  0.5316  0.613   0.6253  0.5886  0.5722  -0.341  0.2     0.3956  0.1139  0.9033  
56      1.4898  11.69   46.95   12.78   62.65   18.557  99.97   -7e-4	0.016	0.7483  0.7158  0.5316  0.613   0.6253  0.5886  0.5721  -0.342  0.2     0.3956  0.1139  0.9033  
56      1.4899  11.69   46.96   12.78   62.653  18.562  99.97   -5e-5	0.016	0.7483  0.7158  0.5316  0.613   0.6253  0.5886  0.5721  -0.341  0.2     0.3956  0.1139  0.9033  
56      1.4888  11.69   47.02   12.78   62.625  18.524  99.97   5.e-3	0.016	0.7483  0.7158  0.5316  0.613   0.6253  0.5886  0.5721  -0.341  0.2     0.3956  0.1139  0.9033  
56      1.4902  11.69   46.93   12.78   62.648  18.578  99.97   -2e-3	0.016	0.7483  0.7158  0.5316  0.613   0.6253  0.5886  0.5721  -0.341  0.2     0.3956  0.1139  0.9033  
56      1.4892  11.69   47.36   12.78   62.673  18.518  99.97   0.028	0.016	0.7483  0.7158  0.5316  0.613   0.6253  0.5886  0.5721  -0.341  0.2     0.3956  0.1139  0.9034  
56-1                                                                          -0.259  0.0646  -0.152  2.9511  -1.381  -2.971  -2.308  -0.036  -2.e-3  0.2514  -0.119  1.5038  

56-2    1.4787  11.68   62.42   12.73   63.186  17.767  99.97   1.056	0.016	0.7482  0.7158  0.5316  0.6133  0.6252  0.5884  0.5719  -0.341  0.2     0.3956  0.1139  0.9035  
56-3    1.4683  11.67   50.51   12.68   63.713  16.961  99.97   -0.74	0.016	0.7482  0.7158  0.5316  0.6136  0.625   0.5881  0.5717  -0.341  0.2     0.3956  0.1139  0.9037  
57      1.4681  11.67   50.61   12.68   63.711  16.957  99.97   7.e-3	0.016	0.7483  0.7158  0.5316  0.6136  0.625   0.5881  0.5717  -0.341  0.2     0.3956  0.1139  0.9037  
57      1.4699  11.67   50.46   12.68   63.766  17.016  99.97   -4e-3	0.016	0.7482  0.7159  0.5316  0.6136  0.625   0.5881  0.5717  -0.341  0.2     0.3956  0.1139  0.9037  
57      1.4684  11.67   50.56   12.68   63.711  16.97   99.97   3.e-3	0.016	0.7482  0.7158  0.5317  0.6136  0.625   0.5881  0.5717  -0.341  0.2     0.3956  0.1139  0.9037  
57      1.4668  11.67   49.44   12.67   63.843  16.812  99.97   -0.07	0.016	0.7482  0.7158  0.5316  0.6137  0.625   0.5881  0.5717  -0.341  0.2     0.3956  0.1139  0.9037  
57      1.4657  11.67   51.1    12.68   63.586  16.908  99.97   0.041	0.016	0.7482  0.7158  0.5316  0.6136  0.6251  0.5881  0.5717  -0.341  0.2     0.3956  0.1139  0.9037  
57      1.4693  11.67   51.77   12.67   63.684  17.029  99.97   0.084	0.016	0.7482  0.7158  0.5316  0.6136  0.625   0.5882  0.5717  -0.341  0.2     0.3956  0.1139  0.9037  
57      1.4705  11.67   51.44   12.69   63.78   17.037  99.97   0.061	0.016	0.7482  0.7158  0.5316  0.6136  0.625   0.5881  0.5718  -0.341  0.2     0.3956  0.1139  0.9037  
57      1.4682  11.67   50.51   12.68   63.713  16.957  99.97   3.e-5	0.016	0.7482  0.7158  0.5316  0.6136  0.625   0.5881  0.5717  -0.342  0.2     0.3956  0.1139  0.9037  
57      1.4683  11.67   50.5    12.68   63.716  16.963  99.97   -7e-4	0.016	0.7482  0.7158  0.5316  0.6136  0.625   0.5881  0.5717  -0.341  0.2     0.3956  0.1139  0.9037  
57      1.4672  11.67   50.38   12.68   63.686  16.925  99.97   -8e-3	0.016	0.7482  0.7158  0.5316  0.6136  0.625   0.5881  0.5717  -0.341  0.2     0.3957  0.1139  0.9037  
57      1.4686  11.67   50.54   12.68   63.711  16.978  99.97   2.e-3	0.016	0.7482  0.7158  0.5316  0.6136  0.625   0.5881  0.5717  -0.341  0.2     0.3956  0.1139  0.9037  
57      1.4676  11.67   49.94   12.68   63.735  16.918  99.97   -0.04	0.016	0.7482  0.7158  0.5316  0.6136  0.625   0.5881  0.5717  -0.341  0.2     0.3956  0.1139  0.9039  
57-1                                                                          0.2519  -0.157  0.1234  -2.682  1.5328  3.1431  2.2829  1.e-3   -0.027  -0.306  0.0711  -1.422  

57-2    1.4778  11.68   62.65   12.73   63.194  17.723  99.97   0.816	0.016	0.7482  0.7158  0.5316  0.6133  0.6252  0.5884  0.5719  -0.341  0.2     0.3956  0.1139  0.9035  
57-3    1.4882  11.69   47.06   12.77   62.67   18.473  99.97   -0.96	0.016	0.7482  0.7157  0.5316  0.613   0.6253  0.5887  0.5721  -0.341  0.2     0.3956  0.1139  0.9033  
58      1.4881  11.69   47      12.77   62.668  18.469  99.97   -4e-3	0.016	0.7484  0.7157  0.5316  0.613   0.6253  0.5887  0.5721  -0.341  0.2     0.3956  0.1139  0.9033  
58      1.4899  11.69   47.09   12.77   62.722  18.529  99.97   1.e-3	0.016	0.7482  0.7159  0.5316  0.613   0.6253  0.5887  0.5721  -0.341  0.2     0.3956  0.1139  0.9033  
58      1.4883  11.69   47.03   12.77   62.668  18.482  99.97   -2e-3	0.016	0.7482  0.7157  0.5317  0.613   0.6253  0.5887  0.5721  -0.341  0.2     0.3956  0.1139  0.9033  
58      1.4866  11.69   47.86   12.76   62.805  18.334  99.97   0.055	0.016	0.7482  0.7157  0.5316  0.6131  0.6253  0.5887  0.5721  -0.341  0.2     0.3956  0.1139  0.9033  
58      1.4858  11.69   46.67   12.78   62.548  18.42   99.97   -0.03	0.016	0.7482  0.7157  0.5316  0.613   0.6254  0.5887  0.5721  -0.341  0.2     0.3956  0.1139  0.9033  
58      1.4893  11.69   46.26   12.76   62.64   18.541  99.97   -0.06	0.016	0.7482  0.7157  0.5316  0.613   0.6253  0.5888  0.5721  -0.341  0.2     0.3956  0.1139  0.9033  
58      1.4905  11.69   46.45   12.78   62.736  18.551  99.97   -0.04	0.016	0.7482  0.7157  0.5316  0.613   0.6253  0.5887  0.5722  -0.341  0.2     0.3956  0.1139  0.9033  
58      1.4881  11.69   47.06   12.77   62.67   18.47   99.97   3.e-5	0.016	0.7482  0.7157  0.5316  0.613   0.6253  0.5887  0.5721  -0.342  0.2     0.3956  0.1139  0.9033  
58      1.4882  11.69   47.06   12.77   62.674  18.475  99.97   -5e-5	0.016	0.7482  0.7157  0.5316  0.613   0.6253  0.5887  0.5721  -0.341  0.2     0.3956  0.1139  0.9033  
58      1.4871  11.69   47.12   12.77   62.645  18.437  99.97   5.e-3	0.016	0.7482  0.7157  0.5316  0.613   0.6253  0.5887  0.5721  -0.341  0.2     0.3956  0.1139  0.9033  
58      1.4885  11.69   47.04   12.77   62.668  18.49   99.97   -1e-3	0.016	0.7482  0.7157  0.5316  0.613   0.6253  0.5887  0.5721  -0.341  0.2     0.3956  0.1139  0.9033  
58      1.4875  11.69   47.47   12.77   62.693  18.43   99.97   0.028	0.016	0.7482  0.7157  0.5316  0.613   0.6253  0.5887  0.5721  -0.341  0.2     0.3956  0.1139  0.9034  
58-1                                                                          -0.222  0.0646  -0.115  2.9878  -1.38   -3.008  -2.346  1.4e-3  -3.e-3  0.2513  -0.081  1.541   

58-2    1.4768  11.68   63.51   12.72   63.206  17.666  99.97   1.123	0.016	0.7482  0.7157  0.5316  0.6133  0.6252  0.5884  0.5719  -0.341  0.2     0.3956  0.1139  0.9035  
58-3    1.4662  11.67   50.1    12.67   63.733  16.845  99.97   -0.83	0.016	0.7482  0.7158  0.5316  0.6136  0.6251  0.5881  0.5717  -0.341  0.2     0.3956  0.1139  0.9037  
59      1.4661  11.67   50.2    12.67   63.731  16.841  99.97   7.e-3	0.016	0.7483  0.7158  0.5316  0.6136  0.6251  0.5881  0.5717  -0.341  0.2     0.3956  0.1139  0.9037  
59      1.4679  11.67   50.05   12.67   63.786  16.899  99.97   -4e-3	0.016	0.7482  0.7159  0.5316  0.6136  0.6251  0.5881  0.5717  -0.341  0.2     0.3956  0.1139  0.9037  
59      1.4663  11.67   50.15   12.67   63.731  16.854  99.97   3.e-3	0.016	0.7482  0.7158  0.5317  0.6136  0.6251  0.5881  0.5717  -0.341  0.2     0.3956  0.1139  0.9037  
59      1.4648  11.67   49.08   12.65   63.863  16.695  99.97   -0.07	0.016	0.7482  0.7158  0.5316  0.6137  0.6251  0.5881  0.5717  -0.341  0.2     0.3956  0.1139  0.9037  
59      1.4636  11.67   50.67   12.67   63.606  16.792  99.97   0.04 	0.016	0.7482  0.7158  0.5316  0.6136  0.6252  0.5881  0.5717  -0.341  0.2     0.3956  0.1139  0.9037  
59      1.4672  11.67   51.3    12.66   63.704  16.913  99.97   0.08 	0.016	0.7482  0.7158  0.5316  0.6136  0.6251  0.5882  0.5717  -0.341  0.2     0.3956  0.1139  0.9037  
59      1.4685  11.67   51      12.67   63.801  16.921  99.97   0.059	0.016	0.7482  0.7158  0.5316  0.6136  0.6251  0.5881  0.5718  -0.341  0.2     0.3956  0.1139  0.9037  
59      1.4661  11.67   50.11   12.67   63.733  16.841  99.97   7.e-4	0.016	0.7482  0.7158  0.5316  0.6136  0.6251  0.5881  0.5717  -0.342  0.2     0.3956  0.1139  0.9037  
59      1.4663  11.67   50.1    12.67   63.737  16.847  99.97   -5e-5	0.016	0.7482  0.7158  0.5316  0.6136  0.6251  0.5881  0.5717  -0.341  0.2     0.3956  0.1139  0.9037  
59      1.4651  11.67   49.98   12.67   63.706  16.808  99.97   -8e-3	0.016	0.7482  0.7158  0.5316  0.6136  0.6251  0.5881  0.5717  -0.341  0.2     0.3957  0.1139  0.9037  
59      1.4665  11.67   50.13   12.67   63.732  16.862  99.97   2.e-3	0.016	0.7482  0.7158  0.5316  0.6136  0.6251  0.5881  0.5717  -0.341  0.2     0.3956  0.1139  0.9037  
59      1.4656  11.67   49.56   12.67   63.755  16.801  99.97   -0.04	0.016	0.7482  0.7158  0.5316  0.6136  0.6251  0.5881  0.5717  -0.341  0.2     0.3956  0.1139  0.9039  
59-1                                                                          0.2628  -0.164  0.1288  -2.668  1.5474  3.1233  2.3038  0.0271  -2.e-3  -0.294  0.0742  -1.405  

59-2    1.4757  11.68   64.57   12.72   63.22   17.606  99.97   0.974	0.016	0.7482  0.7157  0.5316  0.6134  0.6252  0.5884  0.5719  -0.341  0.2     0.3956  0.1139  0.9035  
59-3    1.4859  11.69   47.37   12.76   62.701  18.355  99.97   -1.05	0.016	0.7483  0.7157  0.5316  0.6131  0.6254  0.5887  0.5721  -0.341  0.2     0.3956  0.1139  0.9033  
60      1.4858  11.69   47.3    12.76   62.7    18.35   99.97   -5e-3	0.016	0.7484  0.7157  0.5316  0.6131  0.6254  0.5887  0.5721  -0.341  0.2     0.3956  0.1139  0.9033  
60      1.4877  11.69   47.41   12.76   62.754  18.41   99.97   2.e-3	0.016	0.7483  0.7158  0.5316  0.6131  0.6254  0.5887  0.5721  -0.341  0.2     0.3956  0.1139  0.9033  
60      1.4861  11.69   47.34   12.76   62.699  18.364  99.97   -2e-3	0.016	0.7483  0.7157  0.5317  0.6131  0.6254  0.5887  0.5721  -0.341  0.2     0.3956  0.1139  0.9033  
60      1.4843  11.69   48.2    12.75   62.836  18.214  99.97   0.057	0.016	0.7483  0.7157  0.5316  0.6132  0.6254  0.5887  0.5721  -0.341  0.2     0.3956  0.1139  0.9033  
60      1.4836  11.69   46.96   12.77   62.579  18.301  99.97   -0.03	0.016	0.7483  0.7157  0.5316  0.6131  0.6255  0.5887  0.5721  -0.341  0.2     0.3956  0.1139  0.9033  
60      1.4871  11.69   46.54   12.75   62.671  18.422  99.97   -0.06	0.016	0.7483  0.7157  0.5316  0.6131  0.6254  0.5888  0.5721  -0.341  0.2     0.3956  0.1139  0.9033  
60      1.4883  11.69   46.73   12.77   62.767  18.432  99.97   -0.04	0.016	0.7483  0.7157  0.5316  0.6131  0.6254  0.5887  0.5722  -0.341  0.2     0.3956  0.1139  0.9033  
60      1.4859  11.69   47.37   12.76   62.701  18.351  99.97   2.e-5	0.016	0.7483  0.7157  0.5316  0.6131  0.6254  0.5887  0.5721  -0.342  0.2     0.3956  0.1139  0.9033  
60      1.486   11.69   47.38   12.76   62.705  18.357  99.97   6.e-4	0.016	0.7483  0.7157  0.5316  0.6131  0.6254  0.5887  0.5721  -0.341  0.2     0.3956  0.1139  0.9033  
60      1.4849  11.69   47.44   12.76   62.676  18.318  99.97   5.e-3	0.016	0.7483  0.7157  0.5316  0.6131  0.6254  0.5887  0.5721  -0.341  0.2     0.3956  0.1139  0.9033  
60      1.4863  11.69   47.35   12.76   62.699  18.371  99.97   -1e-3	0.016	0.7483  0.7157  0.5316  0.6131  0.6254  0.5887  0.5721  -0.341  0.2     0.3956  0.1139  0.9033  
60      1.4853  11.69   47.79   12.76   62.724  18.312  99.97   0.029	0.016	0.7483  0.7157  0.5316  0.6131  0.6254  0.5887  0.5721  -0.341  0.2     0.3956  0.1139  0.9035  
60-1                                                                          -0.247  0.0971  -0.11   2.9541  -1.386  -2.973  -2.342  1.1e-3  0.0332  0.2752  -0.077  1.504   

60-2    1.4748  11.68   65.24   12.71   63.23   17.555  99.97   1.217	0.016	0.7482  0.7157  0.5316  0.6134  0.6252  0.5884  0.5719  -0.341  0.2     0.3956  0.1139  0.9036  
60-3    1.4644  11.67   49.85   12.66   63.751  16.743  99.97   -0.94	0.016	0.7482  0.7157  0.5316  0.6137  0.6251  0.5881  0.5717  -0.341  0.2     0.3956  0.1139  0.9038  
61      1.4643  11.67   49.95   12.66   63.749  16.738  99.97   7.e-3	0.016	0.7483  0.7157  0.5316  0.6137  0.6251  0.5881  0.5717  -0.341  0.2     0.3956  0.1139  0.9038  
61      1.4661  11.67   49.8    12.66   63.804  16.797  99.97   -4e-3	0.016	0.7482  0.7159  0.5316  0.6137  0.6251  0.5881  0.5717  -0.341  0.2     0.3956  0.1139  0.9038  
61      1.4645  11.67   49.9    12.66   63.749  16.751  99.97   3.e-3	0.016	0.7482  0.7157  0.5317  0.6137  0.6251  0.5881  0.5717  -0.341  0.2     0.3956  0.1139  0.9038  
61      1.463   11.67   48.86   12.64   63.88   16.592  99.97   -0.07	0.016	0.7482  0.7157  0.5316  0.6138  0.6251  0.5881  0.5717  -0.341  0.2     0.3956  0.1139  0.9038  
61      1.4618  11.67   50.4    12.66   63.623  16.689  99.97   0.038	0.016	0.7482  0.7157  0.5316  0.6137  0.6252  0.5881  0.5717  -0.341  0.2     0.3956  0.1139  0.9038  
61      1.4654  11.67   51.01   12.65   63.723  16.811  99.97   0.078	0.016	0.7482  0.7157  0.5316  0.6137  0.6251  0.5882  0.5717  -0.341  0.2     0.3956  0.1139  0.9038  
61      1.4667  11.67   50.73   12.66   63.82   16.818  99.97   0.058	0.016	0.7482  0.7157  0.5316  0.6137  0.6251  0.5881  0.5718  -0.341  0.2     0.3956  0.1139  0.9038  
61      1.4643  11.67   49.85   12.66   63.751  16.739  99.97   2.e-5	0.016	0.7482  0.7157  0.5316  0.6137  0.6251  0.5881  0.5717  -0.342  0.2     0.3956  0.1139  0.9038  
61      1.4645  11.67   49.84   12.66   63.755  16.744  99.97   -7e-4	0.016	0.7482  0.7157  0.5316  0.6137  0.6251  0.5881  0.5717  -0.341  0.2     0.3956  0.1139  0.9038  
61      1.4633  11.67   49.73   12.66   63.724  16.706  99.97   -8e-3	0.016	0.7482  0.7157  0.5316  0.6137  0.6251  0.5881  0.5717  -0.341  0.2     0.3957  0.1139  0.9038  
61      1.4647  11.67   49.88   12.66   63.75   16.759  99.97   2.e-3	0.016	0.7482  0.7157  0.5316  0.6137  0.6251  0.5881  0.5717  -0.341  0.2     0.3956  0.1139  0.9038  
61      1.4638  11.67   49.32   12.66   63.773  16.698  99.97   -0.04	0.016	0.7482  0.7157  0.5316  0.6137  0.6251  0.5881  0.5717  -0.341  0.2     0.3956  0.1139  0.9039  
61-1                                                                          0.2699  -0.168  0.1323  -2.659  1.5354  3.0999  2.312   9.e-4   -0.029  -0.301  0.0762  -1.416  

61-2    1.4739  11.68   66.19   12.7    63.244  17.504  99.97   1.101	0.016	0.7482  0.7157  0.5316  0.6134  0.6253  0.5884  0.5719  -0.341  0.2     0.3956  0.1139  0.9036  
61-3    1.4841  11.69   47.61   12.75   62.73   18.254  99.97   -1.12	0.016	0.7483  0.7157  0.5316  0.6132  0.6254  0.5887  0.5721  -0.341  0.2     0.3956  0.1139  0.9034  
62      1.484   11.69   47.54   12.75   62.728  18.249  99.97   -5e-3	0.016	0.7484  0.7157  0.5316  0.6132  0.6254  0.5887  0.5721  -0.341  0.2     0.3956  0.1139  0.9034  
62      1.4858  11.69   47.64   12.75   62.783  18.309  99.97   1.e-3	0.016	0.7483  0.7158  0.5316  0.6132  0.6254  0.5887  0.5721  -0.341  0.2     0.3956  0.1139  0.9034  
62      1.4842  11.69   47.57   12.75   62.728  18.262  99.97   -3e-3	0.016	0.7483  0.7157  0.5317  0.6132  0.6254  0.5887  0.5721  -0.341  0.2     0.3956  0.1139  0.9034  
62      1.4825  11.69   48.46   12.73   62.864  18.112  99.97   0.058	0.016	0.7483  0.7157  0.5316  0.6133  0.6254  0.5887  0.5721  -0.341  0.2     0.3956  0.1139  0.9034  
62      1.4817  11.69   47.19   12.75   62.607  18.2    99.97   -0.03	0.016	0.7483  0.7157  0.5316  0.6132  0.6255  0.5887  0.5721  -0.341  0.2     0.3956  0.1139  0.9034  
62      1.4852  11.69   46.75   12.74   62.7    18.322  99.97   -0.06	0.016	0.7483  0.7157  0.5316  0.6132  0.6254  0.5888  0.5721  -0.341  0.2     0.3956  0.1139  0.9034  
62      1.4864  11.69   46.95   12.76   62.797  18.331  99.97   -0.05	0.016	0.7483  0.7157  0.5316  0.6132  0.6254  0.5887  0.5722  -0.341  0.2     0.3956  0.1139  0.9034  
62      1.484   11.69   47.6    12.75   62.73   18.25   99.97   -7e-4	0.016	0.7483  0.7157  0.5316  0.6132  0.6254  0.5887  0.5721  -0.342  0.2     0.3956  0.1139  0.9034  
62      1.4842  11.69   47.61   12.75   62.734  18.255  99.97   -5e-5	0.016	0.7483  0.7157  0.5316  0.6132  0.6254  0.5887  0.5721  -0.341  0.2     0.3956  0.1139  0.9034  
62      1.483   11.69   47.68   12.75   62.704  18.217  99.97   5.e-3	0.016	0.7483  0.7157  0.5316  0.6132  0.6254  0.5887  0.5721  -0.341  0.2     0.3956  0.1139  0.9034  
62      1.4844  11.69   47.58   12.75   62.728  18.271  99.97   -2e-3	0.016	0.7483  0.7157  0.5316  0.6132  0.6254  0.5887  0.5721  -0.341  0.2     0.3956  0.1139  0.9034  
62      1.4834  11.69   48.05   12.75   62.753  18.21   99.97   0.03 	0.016	0.7483  0.7157  0.5316  0.6132  0.6254  0.5887  0.5721  -0.341  0.2     0.3956  0.1139  0.9035  
62-1                                                                          -0.239  0.0593  -0.141  2.9288  -1.376  -2.982  -2.337  -0.033  -2.e-3  0.267   -0.109  1.5251  

62-2    1.4729  11.68   67.24   12.7    63.253  17.451  99.97   1.336	0.016	0.7482  0.7157  0.5316  0.6134  0.6253  0.5884  0.5719  -0.341  0.2     0.3956  0.1139  0.9036  
62-3    1.4625  11.67   49.57   12.65   63.764  16.637  99.97   -1.07	0.016	0.7482  0.7157  0.5316  0.6137  0.6251  0.5882  0.5717  -0.341  0.2     0.3956  0.1139  0.9038  
63      1.4623  11.67   49.67   12.65   63.762  16.633  99.97   7.e-3	0.016	0.7483  0.7157  0.5316  0.6137  0.6251  0.5882  0.5717  -0.341  0.2     0.3956  0.1139  0.9038  
63      1.4641  11.67   49.53   12.65   63.817  16.691  99.97   -4e-3	0.016	0.7482  0.7158  0.5316  0.6137  0.6251  0.5882  0.5717  -0.341  0.2     0.3956  0.1139  0.9038  
63      1.4626  11.67   49.62   12.65   63.762  16.646  99.97   3.e-3	0.016	0.7482  0.7157  0.5317  0.6137  0.6251  0.5882  0.5717  -0.341  0.2     0.3956  0.1139  0.9038  
63      1.4611  11.67   48.61   12.63   63.893  16.486  99.97   -0.06	0.016	0.7482  0.7157  0.5316  0.6138  0.6251  0.5882  0.5717  -0.341  0.2     0.3956  0.1139  0.9038  
63      1.4599  11.67   50.11   12.65   63.636  16.584  99.97   0.038	0.016	0.7482  0.7157  0.5316  0.6137  0.6252  0.5882  0.5717  -0.341  0.2     0.3956  0.1139  0.9038  
63      1.4635  11.67   50.7    12.64   63.736  16.706  99.97   0.076	0.016	0.7482  0.7157  0.5316  0.6137  0.6251  0.5882  0.5717  -0.341  0.2     0.3956  0.1139  0.9038  
63      1.4648  11.67   50.42   12.66   63.833  16.713  99.97   0.056	0.016	0.7482  0.7157  0.5316  0.6137  0.6251  0.5882  0.5718  -0.341  0.2     0.3956  0.1139  0.9038  
63      1.4624  11.67   49.58   12.65   63.764  16.633  99.97   7.e-4	0.016	0.7482  0.7157  0.5316  0.6137  0.6251  0.5882  0.5717  -0.342  0.2     0.3956  0.1139  0.9038  
63      1.4625  11.67   49.57   12.65   63.768  16.639  99.97   -5e-5	0.016	0.7482  0.7157  0.5316  0.6137  0.6251  0.5882  0.5717  -0.341  0.2     0.3956  0.1139  0.9038  
63      1.4614  11.67   49.46   12.65   63.737  16.601  99.97   -7e-3	0.016	0.7482  0.7157  0.5316  0.6137  0.6251  0.5882  0.5717  -0.341  0.2     0.3957  0.1139  0.9038  
63      1.4628  11.67   49.6    12.65   63.763  16.654  99.97   2.e-3	0.016	0.7482  0.7157  0.5316  0.6137  0.6251  0.5882  0.5717  -0.341  0.2     0.3956  0.1139  0.9038  
63      1.4619  11.67   49.06   12.65   63.786  16.593  99.97   -0.03	0.016	0.7482  0.7157  0.5316  0.6137  0.6251  0.5882  0.5717  -0.341  0.2     0.3956  0.1139  0.904   
63-1                                                                          0.2786  -0.146  0.1366  -2.662  1.5573  3.1169  2.3037  0.0288  -2.e-3  -0.284  0.0787  -1.406  

63-2    1.4719  11.68   67.98   12.7    63.256  17.398  99.97   1.243	0.016	0.7482  0.7157  0.5316  0.6135  0.6253  0.5884  0.5719  -0.341  0.2     0.3956  0.1139  0.9036  
63-3    1.4821  11.69   47.77   12.74   62.741  18.153  99.97   -1.21	0.016	0.7483  0.7157  0.5316  0.6132  0.6254  0.5887  0.5721  -0.341  0.2     0.3956  0.1139  0.9034  
64      1.4819  11.69   47.7    12.74   62.74   18.148  99.97   -5e-3	0.016	0.7484  0.7157  0.5316  0.6132  0.6254  0.5887  0.5721  -0.341  0.2     0.3956  0.1139  0.9034  
64      1.4838  11.69   47.81   12.74   62.794  18.209  99.97   2.e-3	0.016	0.7483  0.7158  0.5316  0.6132  0.6254  0.5887  0.5721  -0.341  0.2     0.3956  0.1139  0.9034  
64      1.4822  11.69   47.74   12.74   62.739  18.162  99.97   -2e-3	0.016	0.7483  0.7157  0.5317  0.6132  0.6254  0.5887  0.5721  -0.341  0.2     0.3956  0.1139  0.9034  
64      1.4804  11.69   48.65   12.73   62.876  18.01   99.97   0.06 	0.016	0.7483  0.7157  0.5316  0.6133  0.6254  0.5887  0.5721  -0.341  0.2     0.3956  0.1139  0.9034  
64      1.4797  11.69   47.34   12.75   62.618  18.1    99.97   -0.03	0.016	0.7483  0.7157  0.5316  0.6132  0.6255  0.5887  0.5721  -0.341  0.2     0.3956  0.1139  0.9034  
64      1.4832  11.69   46.91   12.73   62.712  18.221  99.97   -0.06	0.016	0.7483  0.7157  0.5316  0.6132  0.6254  0.5888  0.5721  -0.341  0.2     0.3956  0.1139  0.9034  
64      1.4844  11.69   47.11   12.75   62.808  18.23   99.97   -0.05	0.016	0.7483  0.7157  0.5316  0.6132  0.6254  0.5887  0.5722  -0.341  0.2     0.3956  0.1139  0.9034  
64      1.482   11.69   47.77   12.74   62.742  18.15   99.97   2.e-5	0.016	0.7483  0.7157  0.5316  0.6132  0.6254  0.5887  0.5721  -0.342  0.2     0.3956  0.1139  0.9034  
64      1.4821  11.69   47.78   12.74   62.745  18.155  99.97   6.e-4	0.016	0.7483  0.7157  0.5316  0.6132  0.6254  0.5887  0.5721  -0.341  0.2     0.3956  0.1139  0.9034  
64      1.481   11.69   47.84   12.74   62.715  18.116  99.97   5.e-3	0.016	0.7483  0.7157  0.5316  0.6132  0.6254  0.5887  0.5721  -0.341  0.2     0.3956  0.1139  0.9034  
64      1.4824  11.69   47.75   12.74   62.74   18.17   99.97   -1e-3	0.016	0.7483  0.7157  0.5316  0.6132  0.6254  0.5887  0.5721  -0.341  0.2     0.3956  0.1139  0.9034  
64      1.4814  11.69   48.22   12.74   62.764  18.11   99.97   0.031	0.016	0.7483  0.7157  0.5316  0.6132  0.6254  0.5887  0.5721  -0.341  0.2     0.3956  0.1139  0.9035  
64-1                                                                          -0.237  0.0927  -0.105  2.9987  -1.394  -2.948  -2.311  1.1e-3  0.0319  0.264   -0.074  1.5423  

64-2    1.4709  11.68   69.24   12.69   63.275  17.343  99.97   1.459	0.016	0.7482  0.7157  0.5316  0.6135  0.6253  0.5885  0.5719  -0.341  0.2     0.3956  0.1139  0.9036  
64-3    1.4607  11.67   49.28   12.64   63.801  16.524  99.97   -1.19	0.016	0.7482  0.7157  0.5316  0.6138  0.6252  0.5882  0.5717  -0.341  0.2     0.3956  0.1139  0.9038  
65      1.4606  11.67   49.37   12.64   63.799  16.519  99.97   6.e-3	0.016	0.7483  0.7157  0.5316  0.6138  0.6252  0.5882  0.5717  -0.341  0.2     0.3956  0.1139  0.9038  
65      1.4624  11.67   49.24   12.64   63.854  16.577  99.97   -4e-3	0.016	0.7482  0.7158  0.5316  0.6138  0.6252  0.5882  0.5717  -0.341  0.2     0.3956  0.1139  0.9038  
65      1.4608  11.67   49.33   12.64   63.799  16.532  99.97   3.e-3	0.016	0.7482  0.7157  0.5317  0.6138  0.6252  0.5882  0.5717  -0.341  0.2     0.3956  0.1139  0.9038  
65      1.4593  11.67   48.34   12.62   63.929  16.372  99.97   -0.06	0.016	0.7482  0.7157  0.5316  0.6139  0.6252  0.5882  0.5717  -0.341  0.2     0.3956  0.1139  0.9038  
65      1.4581  11.67   49.8    12.64   63.672  16.47   99.97   0.037	0.016	0.7482  0.7157  0.5316  0.6138  0.6253  0.5882  0.5717  -0.341  0.2     0.3956  0.1139  0.9038  
65      1.4617  11.67   50.38   12.63   63.773  16.592  99.97   0.074	0.016	0.7482  0.7157  0.5316  0.6138  0.6252  0.5883  0.5717  -0.341  0.2     0.3956  0.1139  0.9038  
65      1.4629  11.67   50.08   12.64   63.869  16.597  99.97   0.053	0.016	0.7482  0.7157  0.5316  0.6138  0.6252  0.5882  0.5718  -0.341  0.2     0.3956  0.1139  0.9038  
65      1.4606  11.67   49.29   12.64   63.801  16.52   99.97   7.e-4	0.016	0.7482  0.7157  0.5316  0.6138  0.6252  0.5882  0.5717  -0.342  0.2     0.3956  0.1139  0.9038  
65      1.4608  11.67   49.28   12.64   63.805  16.525  99.97   -5e-5	0.016	0.7482  0.7157  0.5316  0.6138  0.6252  0.5882  0.5717  -0.341  0.2     0.3956  0.1139  0.9038  
65      1.4596  11.67   49.18   12.64   63.774  16.487  99.97   -6e-3	0.016	0.7482  0.7157  0.5316  0.6138  0.6252  0.5882  0.5717  -0.341  0.2     0.3956  0.1139  0.9038  
65      1.461   11.67   49.31   12.64   63.8    16.54   99.97   2.e-3	0.016	0.7482  0.7157  0.5316  0.6138  0.6252  0.5882  0.5717  -0.341  0.2     0.3956  0.1139  0.9038  
65      1.4601  11.67   48.79   12.64   63.823  16.479  99.97   -0.03	0.016	0.7482  0.7157  0.5316  0.6138  0.6252  0.5882  0.5717  -0.341  0.2     0.3956  0.1139  0.904   
65-1                                                                          0.2605  -0.151  0.1418  -2.706  1.5596  3.1499  2.2491  0.0296  -2.e-3  -0.266  0.0817  -1.403  

65-2    1.47    11.68   69.84   12.68   63.283  17.294  99.97   1.39 	0.016	0.7482  0.7157  0.5316  0.6135  0.6253  0.5885  0.5719  -0.341  0.2     0.3956  0.1139  0.9036  
65-3    1.4801  11.69   47.95   12.73   62.759  18.051  99.97   -1.29	0.016	0.7483  0.7157  0.5316  0.6133  0.6255  0.5888  0.5721  -0.341  0.2     0.3956  0.1139  0.9034  
66      1.48    11.69   47.88   12.73   62.758  18.046  99.97   -5e-3	0.016	0.7484  0.7157  0.5316  0.6133  0.6255  0.5888  0.5721  -0.341  0.2     0.3956  0.1139  0.9034  
66      1.4818  11.69   47.99   12.73   62.812  18.107  99.97   2.e-3	0.016	0.7483  0.7158  0.5316  0.6133  0.6255  0.5888  0.5721  -0.341  0.2     0.3956  0.1139  0.9034  
66      1.4802  11.69   47.92   12.73   62.757  18.06   99.97   -2e-3	0.016	0.7483  0.7157  0.5317  0.6133  0.6255  0.5888  0.5721  -0.341  0.2     0.3956  0.1139  0.9034  
66      1.4785  11.69   48.85   12.71   62.892  17.908  99.97   0.061	0.016	0.7483  0.7157  0.5316  0.6134  0.6255  0.5888  0.5721  -0.341  0.2     0.3956  0.1139  0.9034  
66      1.4777  11.69   47.51   12.73   62.635  17.998  99.97   -0.03	0.016	0.7483  0.7157  0.5316  0.6133  0.6256  0.5888  0.5721  -0.341  0.2     0.3956  0.1139  0.9034  
66      1.4812  11.69   47.07   12.72   62.73   18.119  99.97   -0.06	0.016	0.7483  0.7157  0.5316  0.6133  0.6255  0.5889  0.5721  -0.341  0.2     0.3956  0.1139  0.9034  
66      1.4824  11.69   47.28   12.73   62.827  18.128  99.97   -0.05	0.016	0.7483  0.7157  0.5316  0.6133  0.6255  0.5888  0.5722  -0.341  0.2     0.3956  0.1139  0.9034  
66      1.48    11.69   47.95   12.73   62.759  18.048  99.97   2.e-5	0.016	0.7483  0.7157  0.5316  0.6133  0.6255  0.5888  0.5721  -0.342  0.2     0.3956  0.1139  0.9034  
66      1.4802  11.69   47.96   12.73   62.763  18.053  99.97   6.e-4	0.016	0.7483  0.7157  0.5316  0.6133  0.6255  0.5888  0.5721  -0.341  0.2     0.3956  0.1139  0.9034  
66      1.479   11.69   48.02   12.73   62.733  18.015  99.97   5.e-3	0.016	0.7483  0.7157  0.5316  0.6133  0.6255  0.5888  0.5721  -0.341  0.2     0.3956  0.1139  0.9034  
66      1.4804  11.69   47.93   12.73   62.757  18.067  99.97   -1e-3	0.016	0.7483  0.7157  0.5316  0.6133  0.6255  0.5888  0.5721  -0.341  0.2     0.3956  0.1139  0.9034  
66      1.4794  11.69   48.41   12.73   62.782  18.008  99.97   0.031	0.016	0.7483  0.7157  0.5316  0.6133  0.6255  0.5888  0.5721  -0.341  0.2     0.3956  0.1139  0.9036  
66-1                                                                          -0.232  0.0905  -0.103  3.0074  -1.4    -2.958  -2.3    1.e-3   0.0312  0.2586  -0.072  1.5458  

66-2    1.469   11.68   70.91   12.68   63.293  17.24   99.97   1.559	0.016	0.7483  0.7157  0.5316  0.6136  0.6253  0.5885  0.5719  -0.341  0.2     0.3956  0.1139  0.9037  
66-3    1.4588  11.67   49.03   12.63   63.82   16.415  99.97   -1.29	0.016	0.7482  0.7157  0.5316  0.6139  0.6252  0.5882  0.5716  -0.341  0.2     0.3956  0.1139  0.9039  
67      1.4587  11.67   49.12   12.62   63.818  16.41   99.97   6.e-3	0.016	0.7483  0.7157  0.5316  0.6139  0.6252  0.5882  0.5716  -0.341  0.2     0.3956  0.1139  0.9039  
67      1.4605  11.67   48.99   12.63   63.873  16.468  99.97   -4e-3	0.016	0.7482  0.7158  0.5316  0.6139  0.6252  0.5882  0.5716  -0.341  0.2     0.3956  0.1139  0.9039  
67      1.4589  11.67   49.08   12.63   63.818  16.424  99.97   3.e-3	0.016	0.7482  0.7157  0.5317  0.6139  0.6252  0.5882  0.5716  -0.341  0.2     0.3956  0.1139  0.9039  
67      1.4574  11.67   48.12   12.61   63.948  16.262  99.97   -0.06	0.016	0.7482  0.7157  0.5316  0.614   0.6252  0.5882  0.5716  -0.341  0.2     0.3956  0.1139  0.9039  
67      1.4562  11.67   49.54   12.63   63.691  16.361  99.97   0.036	0.016	0.7482  0.7157  0.5316  0.6139  0.6253  0.5882  0.5716  -0.341  0.2     0.3956  0.1139  0.9039  
67      1.4598  11.67   50.09   12.62   63.792  16.483  99.97   0.071	0.016	0.7482  0.7157  0.5316  0.6139  0.6252  0.5883  0.5716  -0.341  0.2     0.3956  0.1139  0.9039  
67      1.4611  11.67   49.83   12.63   63.889  16.489  99.97   0.053	0.016	0.7482  0.7157  0.5316  0.6139  0.6252  0.5882  0.5717  -0.341  0.2     0.3956  0.1139  0.9039  
67      1.4587  11.67   49.04   12.63   63.82   16.411  99.97   7.e-4	0.016	0.7482  0.7157  0.5316  0.6139  0.6252  0.5882  0.5716  -0.342  0.2     0.3956  0.1139  0.9039  
67      1.4589  11.67   49.03   12.63   63.824  16.416  99.97   -5e-5	0.016	0.7482  0.7157  0.5316  0.6139  0.6252  0.5882  0.5716  -0.341  0.2     0.3956  0.1139  0.9039  
67      1.4578  11.67   48.93   12.63   63.792  16.378  99.97   -6e-3	0.016	0.7482  0.7157  0.5316  0.6139  0.6252  0.5882  0.5716  -0.341  0.2     0.3956  0.1139  0.9039  
67      1.4591  11.67   49.06   12.63   63.819  16.431  99.97   2.e-3	0.016	0.7482  0.7157  0.5316  0.6139  0.6252  0.5882  0.5716  -0.341  0.2     0.3956  0.1139  0.9039  
67      1.4582  11.67   48.55   12.63   63.841  16.37   99.97   -0.03	0.016	0.7482  0.7157  0.5316  0.6139  0.6252  0.5882  0.5716  -0.341  0.2     0.3956  0.1139  0.904   
67-1                                                                          0.2662  -0.155  0.145   -2.677  1.5648  3.102   2.2982  0.0303  -2.e-3  -0.272  0.0836  -1.404  

67-2    1.4681  11.68   72.97   12.67   63.311  17.184  99.97   1.621	0.016	0.7483  0.7157  0.5316  0.6136  0.6254  0.5885  0.5719  -0.341  0.2     0.3956  0.1139  0.9037  
67-3    1.4782  11.69   48.22   12.72   62.798  17.942  99.97   -1.44	0.016	0.7483  0.7157  0.5316  0.6133  0.6255  0.5888  0.5721  -0.341  0.2     0.3955  0.1139  0.9035  
68      1.4781  11.69   48.14   12.72   62.797  17.937  99.97   -5e-3	0.016	0.7484  0.7157  0.5316  0.6133  0.6255  0.5888  0.5721  -0.341  0.2     0.3955  0.1139  0.9035  
68      1.4799  11.69   48.25   12.72   62.851  17.998  99.97   1.e-3	0.016	0.7483  0.7158  0.5316  0.6133  0.6255  0.5888  0.5721  -0.341  0.2     0.3955  0.1139  0.9035  
68      1.4783  11.69   48.18   12.72   62.797  17.951  99.97   -3e-3	0.016	0.7483  0.7157  0.5317  0.6133  0.6255  0.5888  0.5721  -0.341  0.2     0.3955  0.1139  0.9035  
68      1.4766  11.69   49.14   12.7    62.931  17.798  99.97   0.062	0.016	0.7483  0.7157  0.5316  0.6134  0.6255  0.5888  0.5721  -0.341  0.2     0.3955  0.1139  0.9035  
68      1.4758  11.69   47.77   12.72   62.674  17.889  99.97   -0.03	0.016	0.7483  0.7157  0.5316  0.6133  0.6256  0.5888  0.5721  -0.341  0.2     0.3955  0.1139  0.9035  
68      1.4793  11.69   47.31   12.71   62.77   18.01   99.97   -0.06	0.016	0.7483  0.7157  0.5316  0.6133  0.6255  0.5889  0.5721  -0.341  0.2     0.3955  0.1139  0.9035  
68      1.4805  11.69   47.52   12.72   62.867  18.019  99.97   -0.05	0.016	0.7483  0.7157  0.5316  0.6133  0.6255  0.5888  0.5722  -0.341  0.2     0.3955  0.1139  0.9035  
68      1.4781  11.69   48.21   12.72   62.799  17.938  99.97   -7e-4	0.016	0.7483  0.7157  0.5316  0.6133  0.6255  0.5888  0.5721  -0.342  0.2     0.3955  0.1139  0.9035  
68      1.4783  11.69   48.22   12.72   62.802  17.944  99.97   -5e-5	0.016	0.7483  0.7157  0.5316  0.6133  0.6255  0.5888  0.5721  -0.341  0.2     0.3955  0.1139  0.9035  
68      1.4771  11.69   48.29   12.72   62.772  17.905  99.97   5.e-3	0.016	0.7483  0.7157  0.5316  0.6133  0.6255  0.5888  0.5721  -0.341  0.2     0.3956  0.1139  0.9035  
68      1.4785  11.69   48.19   12.72   62.797  17.958  99.97   -2e-3	0.016	0.7483  0.7157  0.5316  0.6133  0.6255  0.5888  0.5721  -0.341  0.2     0.3955  0.1139  0.9035  
68      1.4775  11.69   48.69   12.72   62.821  17.898  99.97   0.032	0.016	0.7483  0.7157  0.5316  0.6133  0.6255  0.5888  0.5721  -0.341  0.2     0.3955  0.1139  0.9036  
68-1                                                                          -0.257  0.0556  -0.132  2.9742  -1.387  -2.959  -2.322  -0.031  -2.e-3  0.2506  -0.102  1.5278  

68-2    1.4671  11.68   74.58   12.67   63.321  17.128  99.97   1.787	0.016	0.7483  0.7157  0.5316  0.6136  0.6254  0.5885  0.5719  -0.341  0.2     0.3956  0.1139  0.9037  
68-3    1.4567  11.67   48.79   12.62   63.833  16.301  99.97   -1.49	0.016	0.7482  0.7157  0.5316  0.6139  0.6252  0.5882  0.5716  -0.341  0.2     0.3956  0.1139  0.9039  
69      1.4566  11.67   48.88   12.61   63.831  16.296  99.97   6.e-3	0.016	0.7483  0.7157  0.5316  0.6139  0.6252  0.5882  0.5716  -0.341  0.2     0.3956  0.1139  0.9039  
69      1.4584  11.67   48.75   12.62   63.887  16.355  99.97   -4e-3	0.016	0.7482  0.7158  0.5316  0.6139  0.6252  0.5882  0.5716  -0.341  0.2     0.3956  0.1139  0.9039  
69      1.4569  11.67   48.84   12.62   63.831  16.309  99.97   3.e-3	0.016	0.7482  0.7157  0.5317  0.6139  0.6252  0.5882  0.5716  -0.341  0.2     0.3956  0.1139  0.9039  
69      1.4553  11.67   47.91   12.6    63.96   16.147  99.97   -0.06	0.016	0.7482  0.7157  0.5316  0.614   0.6252  0.5882  0.5716  -0.341  0.2     0.3956  0.1139  0.9039  
69      1.4541  11.67   49.29   12.62   63.704  16.247  99.97   0.035	0.016	0.7482  0.7157  0.5316  0.6139  0.6253  0.5882  0.5716  -0.341  0.2     0.3956  0.1139  0.9039  
69      1.4577  11.67   49.83   12.61   63.806  16.369  99.97   0.07 	0.016	0.7482  0.7157  0.5316  0.6139  0.6252  0.5883  0.5716  -0.341  0.2     0.3956  0.1139  0.9039  
69      1.459   11.67   49.56   12.62   63.902  16.374  99.97   0.051	0.016	0.7482  0.7157  0.5316  0.6139  0.6252  0.5882  0.5717  -0.341  0.2     0.3956  0.1139  0.9039  
69      1.4567  11.67   48.8    12.62   63.833  16.297  99.97   7.e-4	0.016	0.7482  0.7157  0.5316  0.6139  0.6252  0.5882  0.5716  -0.342  0.2     0.3956  0.1139  0.9039  
69      1.4568  11.67   48.79   12.62   63.837  16.302  99.97   -5e-5	0.016	0.7482  0.7157  0.5316  0.6139  0.6252  0.5882  0.5716  -0.341  0.2     0.3956  0.1139  0.9039  
69      1.4557  11.67   48.69   12.62   63.805  16.264  99.97   -6e-3	0.016	0.7482  0.7157  0.5316  0.6139  0.6252  0.5882  0.5716  -0.341  0.2     0.3956  0.1139  0.9039  
69      1.4571  11.67   48.83   12.62   63.832  16.318  99.97   3.e-3	0.016	0.7482  0.7157  0.5316  0.6139  0.6252  0.5882  0.5716  -0.341  0.2     0.3956  0.1139  0.9039  
69      1.4561  11.67   48.33   12.62   63.854  16.256  99.97   -0.03	0.016	0.7482  0.7157  0.5316  0.6139  0.6252  0.5882  0.5716  -0.341  0.2     0.3956  0.1139  0.9041  
69-1                                                                          0.2729  -0.159  0.1486  -2.654  1.574   3.1194  2.266   0.0311  -2.e-3  -0.278  0.1155  -1.379  

69-2    1.4659  11.68   75.7    12.66   63.328  17.066  99.97   1.824	0.016	0.7483  0.7156  0.5316  0.6137  0.6254  0.5885  0.5719  -0.341  0.2     0.3956  0.1139  0.9037  
69-3    1.4758  11.69   48.5    12.71   62.817  17.822  99.97   -1.55	0.016	0.7483  0.7156  0.5316  0.6134  0.6256  0.5888  0.5721  -0.341  0.2     0.3955  0.1139  0.9035  
70      1.4757  11.69   48.42   12.7    62.815  17.817  99.97   -5e-3	0.016	0.7484  0.7156  0.5316  0.6134  0.6256  0.5888  0.5721  -0.341  0.2     0.3955  0.1139  0.9035  
70      1.4776  11.69   48.53   12.71   62.869  17.877  99.97   1.e-3	0.016	0.7483  0.7157  0.5316  0.6134  0.6256  0.5888  0.5721  -0.341  0.2     0.3955  0.1139  0.9035  
70      1.476   11.69   48.46   12.71   62.815  17.831  99.97   -3e-3	0.016	0.7483  0.7156  0.5317  0.6134  0.6256  0.5888  0.5721  -0.341  0.2     0.3955  0.1139  0.9035  
70      1.4742  11.68   49.44   12.68   62.949  17.677  99.97   0.059	0.016	0.7483  0.7156  0.5316  0.6135  0.6256  0.5888  0.5721  -0.341  0.2     0.3955  0.1139  0.9035  
70      1.4734  11.69   48.03   12.71   62.692  17.769  99.97   -0.03	0.016	0.7483  0.7156  0.5316  0.6134  0.6257  0.5888  0.5721  -0.341  0.2     0.3955  0.1139  0.9035  
70      1.477   11.69   47.56   12.7    62.788  17.89   99.97   -0.06	0.016	0.7483  0.7156  0.5316  0.6134  0.6256  0.5889  0.5721  -0.341  0.2     0.3955  0.1139  0.9035  
70      1.4782  11.69   47.78   12.71   62.885  17.898  99.97   -0.05	0.016	0.7483  0.7156  0.5316  0.6134  0.6256  0.5888  0.5722  -0.341  0.2     0.3955  0.1139  0.9035  
70      1.4758  11.69   48.49   12.71   62.817  17.818  99.97   -7e-4	0.016	0.7483  0.7156  0.5316  0.6134  0.6256  0.5888  0.5721  -0.342  0.2     0.3955  0.1139  0.9035  
70      1.4759  11.69   48.5    12.71   62.82   17.824  99.97   -5e-5	0.016	0.7483  0.7156  0.5316  0.6134  0.6256  0.5888  0.5721  -0.341  0.2     0.3955  0.1139  0.9035  
70      1.4748  11.69   48.57   12.71   62.79   17.786  99.97   5.e-3	0.016	0.7483  0.7156  0.5316  0.6134  0.6256  0.5888  0.5721  -0.341  0.2     0.3956  0.1139  0.9035  
70      1.4762  11.69   48.47   12.71   62.815  17.838  99.97   -2e-3	0.016	0.7483  0.7156  0.5316  0.6134  0.6256  0.5888  0.5721  -0.341  0.2     0.3955  0.1139  0.9035  
70      1.4752  11.69   48.98   12.71   62.839  17.778  99.97   0.033	0.016	0.7483  0.7156  0.5316  0.6134  0.6256  0.5888  0.5721  -0.341  0.2     0.3955  0.1139  0.9037  
70-1                                                                          -0.254  0.0552  -0.131  2.7982  -1.438  -3.029  -2.365  -0.031  -2.e-3  0.2481  -0.101  1.5464  

70-2    1.465   11.68   74.72   12.66   63.318  17.026  99.97   1.774	0.016	0.7483  0.7156  0.5316  0.6137  0.6254  0.5885  0.5718  -0.341  0.2     0.3956  0.1139  0.9037  
70-3    1.4549  11.67   48.53   12.61   63.814  16.217  99.97   -1.51	0.016	0.7482  0.7156  0.5316  0.6139  0.6253  0.5883  0.5716  -0.341  0.2     0.3956  0.1139  0.904   
71      1.4548  11.67   48.62   12.61   63.813  16.213  99.97   6.e-3	0.016	0.7484  0.7156  0.5316  0.6139  0.6253  0.5883  0.5716  -0.341  0.2     0.3956  0.1139  0.904   
71      1.4566  11.67   48.49   12.61   63.868  16.271  99.97   -4e-3	0.016	0.7482  0.7158  0.5316  0.6139  0.6253  0.5883  0.5716  -0.341  0.2     0.3956  0.1139  0.904   
71      1.455   11.67   48.58   12.61   63.812  16.226  99.97   3.e-3	0.016	0.7482  0.7156  0.5317  0.6139  0.6253  0.5883  0.5716  -0.341  0.2     0.3956  0.1139  0.904   
71      1.4535  11.66   47.66   12.58   63.941  16.063  99.97   -0.06	0.016	0.7482  0.7156  0.5316  0.614   0.6253  0.5883  0.5716  -0.341  0.2     0.3956  0.1139  0.904   
71      1.4523  11.67   49.01   12.61   63.684  16.164  99.97   0.034	0.016	0.7482  0.7156  0.5316  0.6139  0.6254  0.5883  0.5716  -0.341  0.2     0.3956  0.1139  0.904   
71      1.4559  11.67   49.53   12.6    63.787  16.286  99.97   0.068	0.016	0.7482  0.7156  0.5316  0.6139  0.6253  0.5884  0.5716  -0.341  0.2     0.3956  0.1139  0.904   
71      1.4572  11.67   49.29   12.62   63.883  16.29   99.97   0.05 	0.016	0.7482  0.7156  0.5316  0.6139  0.6253  0.5883  0.5717  -0.341  0.2     0.3956  0.1139  0.904   
71      1.4548  11.67   48.54   12.61   63.814  16.214  99.97   7.e-4	0.016	0.7482  0.7156  0.5316  0.6139  0.6253  0.5883  0.5716  -0.342  0.2     0.3956  0.1139  0.904   
71      1.455   11.67   48.53   12.61   63.818  16.219  99.97   -5e-5	0.016	0.7482  0.7156  0.5316  0.6139  0.6253  0.5883  0.5716  -0.341  0.2     0.3956  0.1139  0.904   
71      1.4538  11.67   48.43   12.61   63.786  16.18   99.97   -6e-3	0.016	0.7482  0.7156  0.5316  0.6139  0.6253  0.5883  0.5716  -0.341  0.2     0.3956  0.1139  0.904   
71      1.4552  11.67   48.56   12.61   63.813  16.234  99.97   2.e-3	0.016	0.7482  0.7156  0.5316  0.6139  0.6253  0.5883  0.5716  -0.341  0.2     0.3956  0.1139  0.904   
71      1.4543  11.67   48.08   12.61   63.835  16.172  99.97   -0.03	0.016	0.7482  0.7156  0.5316  0.6139  0.6253  0.5883  0.5716  -0.341  0.2     0.3956  0.1139  0.9041  
71-1                                                                          0.2752  -0.16   0.1499  -2.848  1.5266  3.0243  2.2549  0.0313  -2.e-3  -0.28   0.0864  -1.36   

71-2    1.4643  11.68   73.15   12.66   63.294  17.006  99.97   1.672	0.016	0.7483  0.7156  0.5316  0.6137  0.6254  0.5885  0.5718  -0.341  0.2     0.3956  0.1139  0.9038  
71-3    1.4745  11.69   48.64   12.71   62.765  17.784  99.97   -1.42	0.016	0.7483  0.7156  0.5316  0.6134  0.6256  0.5888  0.572   -0.341  0.2     0.3955  0.1139  0.9036  
72      1.4744  11.69   48.57   12.71   62.764  17.779  99.97   -5e-3	0.016	0.7484  0.7156  0.5316  0.6134  0.6256  0.5888  0.572   -0.341  0.2     0.3955  0.1139  0.9036  
72      1.4762  11.69   48.68   12.71   62.818  17.839  99.97   2.e-3	0.016	0.7483  0.7157  0.5316  0.6134  0.6256  0.5888  0.572   -0.341  0.2     0.3955  0.1139  0.9036  
72      1.4747  11.69   48.6    12.71   62.763  17.792  99.97   -3e-3	0.016	0.7483  0.7156  0.5317  0.6134  0.6256  0.5888  0.572   -0.341  0.2     0.3955  0.1139  0.9036  
72      1.4729  11.68   49.61   12.68   62.897  17.639  99.97   0.061	0.016	0.7483  0.7156  0.5316  0.6135  0.6256  0.5888  0.572   -0.341  0.2     0.3955  0.1139  0.9036  
72      1.4721  11.69   48.16   12.71   62.641  17.731  99.97   -0.03	0.016	0.7483  0.7156  0.5316  0.6134  0.6257  0.5888  0.572   -0.341  0.2     0.3955  0.1139  0.9036  
72      1.4756  11.69   47.68   12.7    62.737  17.852  99.97   -0.07	0.016	0.7483  0.7156  0.5316  0.6134  0.6256  0.5889  0.572   -0.341  0.2     0.3955  0.1139  0.9036  
72      1.4768  11.69   47.93   12.71   62.833  17.86   99.97   -0.05	0.016	0.7483  0.7156  0.5316  0.6134  0.6256  0.5888  0.5721  -0.341  0.2     0.3955  0.1139  0.9036  
72      1.4744  11.69   48.64   12.71   62.765  17.78   99.97   3.e-5	0.016	0.7483  0.7156  0.5316  0.6134  0.6256  0.5888  0.572   -0.342  0.2     0.3955  0.1139  0.9036  
72      1.4746  11.69   48.65   12.71   62.769  17.785  99.97   6.e-4	0.016	0.7483  0.7156  0.5316  0.6134  0.6256  0.5888  0.572   -0.341  0.2     0.3955  0.1139  0.9036  
72      1.4735  11.69   48.71   12.71   62.739  17.747  99.97   5.e-3	0.016	0.7483  0.7156  0.5316  0.6134  0.6256  0.5888  0.572   -0.341  0.2     0.3956  0.1139  0.9036  
72      1.4748  11.69   48.61   12.71   62.764  17.8    99.97   -2e-3	0.016	0.7483  0.7156  0.5316  0.6134  0.6256  0.5888  0.572   -0.341  0.2     0.3955  0.1139  0.9036  
72      1.4738  11.69   49.14   12.71   62.787  17.74   99.97   0.034	0.016	0.7483  0.7156  0.5316  0.6134  0.6256  0.5888  0.572   -0.341  0.2     0.3955  0.1139  0.9037  
72-1                                                                          -0.218  0.0857  -0.128  2.8416  -1.444  -3.037  -2.291  1.2e-3  0.0294  0.2436  -0.1    1.5811  

72-2    1.4638  11.68   72.82   12.66   63.281  16.985  99.97   1.634	0.016	0.7483  0.7156  0.5316  0.6137  0.6254  0.5885  0.5718  -0.341  0.2     0.3956  0.1139  0.9038  
72-3    1.4538  11.67   48.36   12.61   63.79   16.177  99.97   -1.43	0.016	0.7482  0.7156  0.5316  0.6139  0.6253  0.5883  0.5716  -0.341  0.2     0.3956  0.1139  0.904   
73      1.4537  11.67   48.44   12.61   63.788  16.173  99.97   5.e-3	0.016	0.7484  0.7156  0.5316  0.6139  0.6253  0.5883  0.5716  -0.341  0.2     0.3956  0.1139  0.904   
73      1.4555  11.67   48.32   12.61   63.843  16.231  99.97   -4e-3	0.016	0.7482  0.7157  0.5316  0.6139  0.6253  0.5883  0.5716  -0.341  0.2     0.3956  0.1139  0.904   
73      1.454   11.67   48.4    12.61   63.788  16.186  99.97   3.e-3	0.016	0.7482  0.7156  0.5317  0.6139  0.6253  0.5883  0.5716  -0.341  0.2     0.3956  0.1139  0.904   
73      1.4524  11.66   47.5    12.58   63.916  16.023  99.97   -0.06	0.016	0.7482  0.7156  0.5316  0.614   0.6253  0.5883  0.5716  -0.341  0.2     0.3956  0.1139  0.904   
73      1.4512  11.67   48.82   12.61   63.66   16.124  99.97   0.033	0.016	0.7482  0.7156  0.5316  0.6139  0.6254  0.5883  0.5716  -0.341  0.2     0.3956  0.1139  0.904   
73      1.4548  11.67   49.33   12.6    63.763  16.246  99.97   0.066	0.016	0.7482  0.7156  0.5316  0.6139  0.6253  0.5884  0.5716  -0.341  0.2     0.3956  0.1139  0.904   
73      1.4561  11.67   49.11   12.62   63.859  16.251  99.97   0.05 	0.016	0.7482  0.7156  0.5316  0.6139  0.6253  0.5883  0.5717  -0.341  0.2     0.3956  0.1139  0.904   
73      1.4538  11.67   48.36   12.61   63.79   16.173  99.97   3.e-5	0.016	0.7482  0.7156  0.5316  0.6139  0.6253  0.5883  0.5716  -0.342  0.2     0.3956  0.1139  0.904   
73      1.4539  11.67   48.36   12.61   63.794  16.179  99.97   -5e-5	0.016	0.7482  0.7156  0.5316  0.6139  0.6253  0.5883  0.5716  -0.341  0.2     0.3956  0.1139  0.904   
73      1.4528  11.67   48.26   12.61   63.762  16.141  99.97   -6e-3	0.016	0.7482  0.7156  0.5316  0.6139  0.6253  0.5883  0.5716  -0.341  0.2     0.3956  0.1139  0.904   
73      1.4542  11.67   48.39   12.61   63.789  16.195  99.97   2.e-3	0.016	0.7482  0.7156  0.5316  0.6139  0.6253  0.5883  0.5716  -0.341  0.2     0.3956  0.1139  0.904   
73      1.4532  11.67   47.91   12.61   63.811  16.132  99.97   -0.03	0.016	0.7482  0.7156  0.5316  0.6139  0.6253  0.5883  0.5716  -0.341  0.2     0.3956  0.1139  0.9042  
73-1                                                                          0.2512  -0.164  0.1227  -2.891  1.5039  3.0096  2.282   1.2e-3  -2.e-3  -0.288  0.0884  -1.396  

73-2    1.4634  11.68   73.09   12.66   63.268  16.977  99.97   1.682	0.016	0.7483  0.7156  0.5316  0.6137  0.6254  0.5885  0.5718  -0.341  0.2     0.3956  0.1139  0.9038  
73-3    1.4738  11.69   48.73   12.71   62.739  17.764  99.97   -1.41	0.016	0.7483  0.7156  0.5316  0.6134  0.6256  0.5888  0.572   -0.341  0.2     0.3955  0.1139  0.9036  
74      1.4737  11.69   48.65   12.71   62.738  17.76   99.97   -5e-3	0.016	0.7484  0.7156  0.5316  0.6134  0.6256  0.5888  0.572   -0.341  0.2     0.3955  0.1139  0.9036  
74      1.4755  11.69   48.77   12.71   62.792  17.819  99.97   2.e-3	0.016	0.7483  0.7157  0.5316  0.6134  0.6256  0.5888  0.572   -0.341  0.2     0.3955  0.1139  0.9036  
74      1.474   11.69   48.69   12.71   62.737  17.773  99.97   -3e-3	0.016	0.7483  0.7156  0.5317  0.6134  0.6256  0.5888  0.572   -0.341  0.2     0.3955  0.1139  0.9036  
74      1.4722  11.68   49.71   12.68   62.871  17.619  99.97   0.062	0.016	0.7483  0.7156  0.5316  0.6135  0.6256  0.5888  0.572   -0.341  0.2     0.3955  0.1139  0.9036  
74      1.4714  11.69   48.25   12.71   62.615  17.711  99.97   -0.03	0.016	0.7483  0.7156  0.5316  0.6134  0.6257  0.5888  0.572   -0.341  0.2     0.3955  0.1139  0.9036  
74      1.475   11.69   47.76   12.7    62.711  17.833  99.97   -0.07	0.016	0.7483  0.7156  0.5316  0.6134  0.6256  0.5889  0.572   -0.341  0.2     0.3955  0.1139  0.9036  
74      1.4762  11.69   48      12.71   62.808  17.841  99.97   -0.05	0.016	0.7483  0.7156  0.5316  0.6134  0.6256  0.5888  0.5721  -0.341  0.2     0.3955  0.1139  0.9036  
74      1.4737  11.69   48.73   12.71   62.74   17.76   99.97   3.e-5	0.016	0.7483  0.7156  0.5316  0.6134  0.6256  0.5888  0.572   -0.342  0.2     0.3955  0.1139  0.9036  
74      1.4739  11.69   48.73   12.71   62.743  17.766  99.97   -5e-5	0.016	0.7483  0.7156  0.5316  0.6134  0.6256  0.5888  0.572   -0.341  0.2     0.3955  0.1139  0.9036  
74      1.4728  11.69   48.8    12.71   62.713  17.728  99.97   5.e-3	0.016	0.7483  0.7156  0.5316  0.6134  0.6256  0.5888  0.572   -0.341  0.2     0.3956  0.1139  0.9036  
74      1.4741  11.69   48.7    12.71   62.738  17.781  99.97   -2e-3	0.016	0.7483  0.7156  0.5316  0.6134  0.6256  0.5888  0.572   -0.341  0.2     0.3955  0.1139  0.9036  
74      1.4731  11.69   49.23   12.71   62.762  17.721  99.97   0.034	0.016	0.7483  0.7156  0.5316  0.6134  0.6256  0.5888  0.572   -0.341  0.2     0.3955  0.1139  0.9038  
74-1                                                                          -0.247  0.0848  -0.127  2.8422  -1.428  -3.035  -2.329  1.2e-3  -2.e-3  0.241   -0.098  1.5642  

74-2    1.463   11.68   72.17   12.66   63.252  16.964  99.97   1.583	0.016	0.7483  0.7156  0.5316  0.6137  0.6254  0.5885  0.5718  -0.341  0.2     0.3956  0.1139  0.9039  
74-3    1.4529  11.67   48.26   12.61   63.753  16.153  99.97   -1.4 	0.016	0.7482  0.7156  0.5316  0.6139  0.6253  0.5883  0.5716  -0.341  0.2     0.3956  0.1139  0.9041  
75      1.4528  11.67   48.34   12.61   63.752  16.149  99.97   5.e-3	0.016	0.7484  0.7156  0.5316  0.6139  0.6253  0.5883  0.5716  -0.341  0.2     0.3956  0.1139  0.9041  
75      1.4546  11.67   48.22   12.61   63.806  16.207  99.97   -4e-3	0.016	0.7482  0.7157  0.5316  0.6139  0.6253  0.5883  0.5716  -0.341  0.2     0.3956  0.1139  0.9041  
75      1.4531  11.67   48.3    12.61   63.751  16.162  99.97   3.e-3	0.016	0.7482  0.7156  0.5317  0.6139  0.6253  0.5883  0.5716  -0.341  0.2     0.3956  0.1139  0.9041  
75      1.4515  11.66   47.41   12.59   63.88   16      99.97   -0.06	0.016	0.7482  0.7156  0.5316  0.614   0.6253  0.5883  0.5716  -0.341  0.2     0.3956  0.1139  0.9041  
75      1.4503  11.67   48.71   12.62   63.623  16.101  99.97   0.032	0.016	0.7482  0.7156  0.5316  0.6139  0.6254  0.5883  0.5716  -0.341  0.2     0.3956  0.1139  0.9041  
75      1.4539  11.67   49.21   12.6    63.726  16.222  99.97   0.064	0.016	0.7482  0.7156  0.5316  0.6139  0.6253  0.5883  0.5716  -0.341  0.2     0.3956  0.1139  0.9041  
75      1.4552  11.67   49      12.62   63.823  16.228  99.97   0.049	0.016	0.7482  0.7156  0.5316  0.6139  0.6253  0.5883  0.5717  -0.341  0.2     0.3956  0.1139  0.9041  
75      1.4529  11.67   48.26   12.61   63.753  16.149  99.97   3.e-5	0.016	0.7482  0.7156  0.5316  0.6139  0.6253  0.5883  0.5716  -0.342  0.2     0.3956  0.1139  0.9041  
75      1.453   11.67   48.25   12.61   63.757  16.155  99.97   -7e-4	0.016	0.7482  0.7156  0.5316  0.6139  0.6253  0.5883  0.5716  -0.341  0.2     0.3956  0.1139  0.9041  
75      1.4519  11.67   48.16   12.61   63.725  16.117  99.97   -6e-3	0.016	0.7482  0.7156  0.5316  0.6139  0.6253  0.5883  0.5716  -0.341  0.2     0.3956  0.1139  0.9041  
75      1.4532  11.67   48.29   12.61   63.752  16.17   99.97   2.e-3	0.016	0.7482  0.7156  0.5316  0.6139  0.6253  0.5883  0.5716  -0.341  0.2     0.3956  0.1139  0.9041  
75      1.4523  11.66   47.81   12.6    63.774  16.109  99.97   -0.03	0.016	0.7482  0.7156  0.5316  0.6139  0.6253  0.5883  0.5716  -0.341  0.2     0.3956  0.1139  0.9042  
75-1                                                                          0.2495  -0.163  0.1218  -2.84   1.4627  2.9273  2.2353  1.2e-3  -0.033  -0.286  0.088   -1.592  

75-2    1.4625  11.68   70.72   12.66   63.239  16.946  99.97   1.529	0.016	0.7483  0.7156  0.5316  0.6137  0.6254  0.5885  0.5718  -0.341  0.2     0.3955  0.1139  0.9039  
75-3    1.4728  11.69   49.01   12.71   62.717  17.728  99.97   -1.28	0.016	0.7483  0.7156  0.5316  0.6134  0.6256  0.5888  0.572   -0.341  0.2     0.3955  0.1139  0.9036  
76      1.4727  11.68   48.93   12.7    62.716  17.723  99.97   -1e-2	0.016	0.7484  0.7156  0.5316  0.6134  0.6256  0.5888  0.572   -0.341  0.2     0.3955  0.1139  0.9036  
76      1.4745  11.69   49.05   12.71   62.77   17.783  99.97   2.e-3	0.016	0.7483  0.7157  0.5316  0.6134  0.6256  0.5888  0.572   -0.341  0.2     0.3955  0.1139  0.9036  
76      1.473   11.69   48.97   12.71   62.715  17.736  99.97   -3e-3	0.016	0.7483  0.7156  0.5317  0.6134  0.6256  0.5888  0.572   -0.341  0.2     0.3955  0.1139  0.9036  
76      1.4712  11.68   50.03   12.68   62.849  17.583  99.97   0.064	0.016	0.7483  0.7156  0.5316  0.6135  0.6256  0.5888  0.572   -0.341  0.2     0.3955  0.1139  0.9036  
76      1.4704  11.69   48.51   12.71   62.592  17.675  99.97   -0.03	0.016	0.7483  0.7156  0.5316  0.6134  0.6257  0.5888  0.572   -0.341  0.2     0.3955  0.1139  0.9036  
76      1.474   11.69   48.01   12.7    62.689  17.796  99.97   -0.07	0.016	0.7483  0.7156  0.5316  0.6134  0.6256  0.5889  0.572   -0.341  0.2     0.3955  0.1139  0.9036  
76      1.4752  11.69   48.27   12.72   62.785  17.804  99.97   -0.05	0.016	0.7483  0.7156  0.5316  0.6134  0.6256  0.5888  0.5721  -0.341  0.2     0.3955  0.1139  0.9036  
76      1.4727  11.69   49.01   12.71   62.717  17.724  99.97   3.e-5	0.016	0.7483  0.7156  0.5316  0.6134  0.6256  0.5888  0.572   -0.342  0.2     0.3955  0.1139  0.9036  
76      1.4729  11.69   49.02   12.71   62.721  17.73   99.97   6.e-4	0.016	0.7483  0.7156  0.5316  0.6134  0.6256  0.5888  0.572   -0.341  0.2     0.3955  0.1139  0.9036  
76      1.4718  11.69   49.08   12.71   62.691  17.691  99.97   5.e-3	0.016	0.7483  0.7156  0.5316  0.6134  0.6256  0.5888  0.572   -0.341  0.2     0.3956  0.1139  0.9036  
76      1.4731  11.69   48.99   12.71   62.716  17.744  99.97   -1e-3	0.016	0.7483  0.7156  0.5316  0.6134  0.6256  0.5888  0.572   -0.341  0.2     0.3955  0.1139  0.9036  
76      1.4721  11.68   49.52   12.7    62.739  17.684  99.97   0.03 	0.016	0.7483  0.7156  0.5316  0.6134  0.6256  0.5888  0.572   -0.341  0.2     0.3955  0.1139  0.9038  
76-1                                                                          -0.443  0.0824  -0.123  2.8851  -1.449  -3.043  -2.295  1.2e-3  0.0283  0.2347  -0.065  1.349   

76-2    1.4622  11.68   69.58   12.66   63.234  16.935  99.97   1.386	0.016	0.7483  0.7156  0.5316  0.6137  0.6254  0.5885  0.5718  -0.341  0.2     0.3955  0.1139  0.9038  
76-3    1.4524  11.67   48.1    12.61   63.743  16.134  99.97   -1.28	0.016	0.7482  0.7156  0.5316  0.6139  0.6253  0.5882  0.5716  -0.341  0.2     0.3956  0.1139  0.904   
77      1.4523  11.66   48.17   12.6    63.741  16.13   99.97   3.e-4	0.016	0.7483  0.7156  0.5316  0.6139  0.6253  0.5882  0.5716  -0.341  0.2     0.3956  0.1139  0.904   
77      1.4541  11.67   48.06   12.61   63.796  16.188  99.97   -4e-3	0.016	0.7482  0.7157  0.5316  0.6139  0.6253  0.5882  0.5716  -0.341  0.2     0.3956  0.1139  0.904   
77      1.4526  11.67   48.14   12.61   63.741  16.143  99.97   3.e-3	0.016	0.7482  0.7156  0.5317  0.6139  0.6253  0.5882  0.5716  -0.341  0.2     0.3956  0.1139  0.904   
77      1.451   11.66   47.26   12.59   63.871  15.978  99.97   -0.06	0.016	0.7482  0.7156  0.5316  0.614   0.6253  0.5882  0.5716  -0.341  0.2     0.3956  0.1139  0.904   
77      1.4498  11.67   48.54   12.62   63.613  16.082  99.97   0.031	0.016	0.7482  0.7156  0.5316  0.6139  0.6254  0.5882  0.5716  -0.341  0.2     0.3956  0.1139  0.904   
77      1.4534  11.67   49.03   12.61   63.716  16.203  99.97   0.063	0.016	0.7482  0.7156  0.5316  0.6139  0.6253  0.5883  0.5716  -0.341  0.2     0.3956  0.1139  0.904   
77      1.4547  11.67   48.84   12.62   63.813  16.209  99.97   0.049	0.016	0.7482  0.7156  0.5316  0.6139  0.6253  0.5882  0.5717  -0.341  0.2     0.3956  0.1139  0.904   
77      1.4524  11.67   48.1    12.61   63.743  16.13   99.97   3.e-5	0.016	0.7482  0.7156  0.5316  0.6139  0.6253  0.5882  0.5716  -0.342  0.2     0.3956  0.1139  0.904   
77      1.4525  11.67   48.09   12.61   63.747  16.136  99.97   -7e-4	0.016	0.7482  0.7156  0.5316  0.6139  0.6253  0.5882  0.5716  -0.341  0.2     0.3956  0.1139  0.904   
77      1.4514  11.66   47.99   12.6    63.715  16.098  99.97   -0.01	0.016	0.7482  0.7156  0.5316  0.6139  0.6253  0.5882  0.5716  -0.341  0.2     0.3956  0.1139  0.904   
77      1.4527  11.67   48.12   12.61   63.742  16.151  99.97   1.e-3	0.016	0.7482  0.7156  0.5316  0.6139  0.6253  0.5882  0.5716  -0.341  0.2     0.3956  0.1139  0.904   
77      1.4518  11.66   47.66   12.6    63.764  16.09   99.97   -0.03	0.016	0.7482  0.7156  0.5316  0.6139  0.6253  0.5882  0.5716  -0.341  0.2     0.3956  0.1139  0.9042  
77-1                                                                          0.0133  -0.165  0.1237  -2.853  1.4542  2.9106  2.2706  1.2e-3  -0.034  -0.531  0.058   -1.586  

77-2    1.4623  11.68   69.18   12.66   63.239  16.939  99.97   1.436	0.016	0.7482  0.7156  0.5316  0.6137  0.6254  0.5885  0.5718  -0.341  0.2     0.3955  0.1139  0.9038  
77-3    1.473   11.69   49.16   12.71   62.725  17.733  99.97   -1.19	0.016	0.7482  0.7156  0.5316  0.6134  0.6256  0.5888  0.572   -0.341  0.2     0.3955  0.1139  0.9036  
78      1.4729  11.69   49.09   12.71   62.724  17.728  99.97   -5e-3	0.016	0.7483  0.7156  0.5316  0.6134  0.6256  0.5888  0.572   -0.341  0.2     0.3955  0.1139  0.9036  
78      1.4747  11.69   49.2    12.71   62.778  17.788  99.97   2.e-3	0.016	0.7482  0.7157  0.5316  0.6134  0.6256  0.5888  0.572   -0.341  0.2     0.3955  0.1139  0.9036  
78      1.4732  11.69   49.12   12.71   62.723  17.741  99.97   -3e-3	0.016	0.7482  0.7156  0.5317  0.6134  0.6256  0.5888  0.572   -0.341  0.2     0.3955  0.1139  0.9036  
78      1.4714  11.68   50.2    12.69   62.857  17.588  99.97   0.066	0.016	0.7482  0.7156  0.5316  0.6135  0.6256  0.5888  0.572   -0.341  0.2     0.3955  0.1139  0.9036  
78      1.4706  11.69   48.66   12.72   62.601  17.68   99.97   -0.03	0.016	0.7482  0.7156  0.5316  0.6134  0.6257  0.5888  0.572   -0.341  0.2     0.3955  0.1139  0.9036  
78      1.4741  11.69   48.15   12.71   62.697  17.801  99.97   -0.07	0.016	0.7482  0.7156  0.5316  0.6134  0.6256  0.5889  0.572   -0.341  0.2     0.3955  0.1139  0.9036  
78      1.4753  11.69   48.41   12.72   62.793  17.809  99.97   -0.05	0.016	0.7482  0.7156  0.5316  0.6134  0.6256  0.5888  0.5721  -0.341  0.2     0.3955  0.1139  0.9036  
78      1.4729  11.69   49.16   12.71   62.725  17.729  99.97   3.e-5	0.016	0.7482  0.7156  0.5316  0.6134  0.6256  0.5888  0.572   -0.342  0.2     0.3955  0.1139  0.9036  
78      1.4731  11.69   49.17   12.71   62.729  17.734  99.97   6.e-4	0.016	0.7482  0.7156  0.5316  0.6134  0.6256  0.5888  0.572   -0.341  0.2     0.3955  0.1139  0.9036  
78      1.472   11.69   49.23   12.71   62.699  17.696  99.97   5.e-3	0.016	0.7482  0.7156  0.5316  0.6134  0.6256  0.5888  0.572   -0.341  0.2     0.3956  0.1139  0.9036  
78      1.4733  11.69   49.14   12.71   62.724  17.749  99.97   -1e-3	0.016	0.7482  0.7156  0.5316  0.6134  0.6256  0.5888  0.572   -0.341  0.2     0.3955  0.1139  0.9036  
78      1.4723  11.68   49.68   12.7    62.747  17.689  99.97   0.031	0.016	0.7482  0.7156  0.5316  0.6134  0.6256  0.5888  0.572   -0.341  0.2     0.3955  0.1139  0.9037  
78-1                                                                          -0.212  0.0829  -0.124  2.9658  -1.459  -3.094  -2.342  1.2e-3  0.0285  0.236   -0.066  1.3885  

78-2    1.4621  11.68   67.75   12.66   63.254  16.919  99.97   1.251	0.016	0.7482  0.7156  0.5316  0.6137  0.6254  0.5885  0.5718  -0.341  0.2     0.3955  0.1139  0.9038  
78-3    1.4521  11.66   47.67   12.6    63.772  16.097  99.97   -1.21	0.016	0.7482  0.7156  0.5316  0.614   0.6253  0.5882  0.5716  -0.341  0.2     0.3955  0.1139  0.904   
79      1.452   11.66   47.75   12.6    63.771  16.092  99.97   6.e-3	0.016	0.7483  0.7156  0.5316  0.614   0.6253  0.5882  0.5716  -0.341  0.2     0.3955  0.1139  0.904   
79      1.4537  11.66   47.64   12.6    63.825  16.15   99.97   -3e-3	0.016	0.7482  0.7157  0.5316  0.614   0.6253  0.5882  0.5716  -0.341  0.2     0.3955  0.1139  0.904   
79      1.4522  11.66   47.71   12.6    63.77   16.105  99.97   3.e-3	0.016	0.7482  0.7156  0.5317  0.614   0.6253  0.5882  0.5716  -0.341  0.2     0.3955  0.1139  0.904   
79      1.4507  11.66   46.89   12.59   63.899  15.942  99.97   -0.05	0.016	0.7482  0.7156  0.5316  0.6141  0.6253  0.5882  0.5716  -0.341  0.2     0.3955  0.1139  0.904   
79      1.4495  11.67   48.11   12.62   63.642  16.044  99.97   0.036	0.016	0.7482  0.7156  0.5316  0.614   0.6254  0.5882  0.5716  -0.341  0.2     0.3955  0.1139  0.904   
79      1.4531  11.67   48.58   12.61   63.745  16.165  99.97   0.066	0.016	0.7482  0.7156  0.5316  0.614   0.6253  0.5883  0.5716  -0.341  0.2     0.3955  0.1139  0.904   
79      1.4543  11.67   48.37   12.62   63.841  16.169  99.97   0.051	0.016	0.7482  0.7156  0.5316  0.614   0.6253  0.5882  0.5717  -0.341  0.2     0.3955  0.1139  0.904   
79      1.452   11.66   47.68   12.6    63.772  16.093  99.97   7.e-4	0.016	0.7482  0.7156  0.5316  0.614   0.6253  0.5882  0.5716  -0.342  0.2     0.3955  0.1139  0.904   
79      1.4521  11.66   47.67   12.6    63.776  16.098  99.97   -5e-5	0.016	0.7482  0.7156  0.5316  0.614   0.6253  0.5882  0.5716  -0.341  0.2     0.3955  0.1139  0.904   
79      1.451   11.66   47.58   12.6    63.744  16.06   99.97   -6e-3	0.016	0.7482  0.7156  0.5316  0.614   0.6253  0.5882  0.5716  -0.341  0.2     0.3956  0.1139  0.904   
79      1.4524  11.66   47.7    12.6    63.771  16.113  99.97   2.e-3	0.016	0.7482  0.7156  0.5316  0.614   0.6253  0.5882  0.5716  -0.341  0.2     0.3955  0.1139  0.904   
79      1.4515  11.66   47.26   12.6    63.793  16.052  99.97   -0.03	0.016	0.7482  0.7156  0.5316  0.614   0.6253  0.5882  0.5716  -0.341  0.2     0.3955  0.1139  0.9041  
79-1                                                                          0.2598  -0.137  0.1268  -2.518  1.7041  3.1329  2.4134  0.0334  -2.e-3  -0.266  0.0917  -1.315  

79-2    1.4609  11.67   66.63   12.65   63.285  16.842  99.97   1.296	0.016	0.7482  0.7156  0.5316  0.6137  0.6255  0.5885  0.5718  -0.341  0.2     0.3955  0.1139  0.9038  
79-3    1.4706  11.68   49.67   12.69   62.789  17.583  99.97   -1.02	0.016	0.7482  0.7155  0.5316  0.6135  0.6256  0.5888  0.572   -0.341  0.2     0.3955  0.1139  0.9036  
80      1.4704  11.68   49.58   12.69   62.788  17.578  99.97   -6e-3	0.016	0.7483  0.7155  0.5316  0.6135  0.6256  0.5888  0.572   -0.341  0.2     0.3955  0.1139  0.9036  
80      1.4723  11.68   49.72   12.69   62.842  17.638  99.97   2.e-3	0.016	0.7482  0.7157  0.5316  0.6135  0.6256  0.5888  0.572   -0.341  0.2     0.3955  0.1139  0.9036  
80      1.4707  11.68   49.63   12.69   62.788  17.592  99.97   -3e-3	0.016	0.7482  0.7155  0.5317  0.6135  0.6256  0.5888  0.572   -0.341  0.2     0.3955  0.1139  0.9036  
80      1.4689  11.68   50.78   12.68   62.921  17.437  99.97   0.075	0.016	0.7482  0.7155  0.5316  0.6136  0.6256  0.5888  0.572   -0.341  0.2     0.3955  0.1139  0.9036  
80      1.4681  11.68   49.14   12.7    62.664  17.53   99.97   -0.03	0.016	0.7482  0.7155  0.5316  0.6135  0.6257  0.5888  0.572   -0.341  0.2     0.3955  0.1139  0.9036  
80      1.4717  11.69   48.61   12.69   62.762  17.651  99.97   -0.07	0.016	0.7482  0.7155  0.5316  0.6135  0.6256  0.5889  0.572   -0.341  0.2     0.3955  0.1139  0.9036  
80      1.4729  11.69   48.85   12.71   62.858  17.659  99.97   -0.05	0.016	0.7482  0.7155  0.5316  0.6135  0.6256  0.5888  0.5721  -0.341  0.2     0.3955  0.1139  0.9036  
80      1.4705  11.68   49.67   12.69   62.79   17.579  99.97   2.e-5	0.016	0.7482  0.7155  0.5316  0.6135  0.6256  0.5888  0.572   -0.342  0.2     0.3955  0.1139  0.9036  
80      1.4706  11.68   49.68   12.69   62.793  17.584  99.97   6.e-4	0.016	0.7482  0.7155  0.5316  0.6135  0.6256  0.5888  0.572   -0.341  0.2     0.3955  0.1139  0.9036  
80      1.4695  11.68   49.76   12.69   62.763  17.546  99.97   7.e-3	0.016	0.7482  0.7155  0.5316  0.6135  0.6256  0.5888  0.572   -0.341  0.2     0.3956  0.1139  0.9036  
80      1.4709  11.68   49.64   12.69   62.788  17.599  99.97   -2e-3	0.016	0.7482  0.7155  0.5316  0.6135  0.6256  0.5888  0.572   -0.341  0.2     0.3955  0.1139  0.9036  
80      1.4699  11.68   50.23   12.69   62.811  17.539  99.97   0.038	0.016	0.7482  0.7155  0.5316  0.6135  0.6256  0.5888  0.572   -0.341  0.2     0.3955  0.1139  0.9037  
80-1                                                                          -0.252  0.1048  -0.115  3.1294  -1.434  -2.813  -2.174  9.4e-4  0.0263  0.2752  -0.089  1.586   

80-2    1.46    11.67   66.55   12.64   63.342  16.762  99.97   1.132	0.016	0.7482  0.7156  0.5316  0.6138  0.6255  0.5885  0.5718  -0.341  0.2     0.3955  0.1139  0.9038  
80-3    1.4502  11.66   47.55   12.58   63.881  15.93   99.97   -1.15	0.016	0.7482  0.7156  0.5316  0.6141  0.6254  0.5883  0.5716  -0.341  0.2     0.3955  0.1139  0.904   
81      1.4501  11.66   47.62   12.58   63.879  15.925  99.97   5.e-3	0.016	0.7483  0.7156  0.5316  0.6141  0.6254  0.5883  0.5716  -0.341  0.2     0.3955  0.1139  0.904   
81      1.4519  11.66   47.51   12.58   63.934  15.983  99.97   -4e-3	0.016	0.7482  0.7157  0.5316  0.6141  0.6254  0.5883  0.5716  -0.341  0.2     0.3955  0.1139  0.904   
81      1.4504  11.66   47.59   12.58   63.879  15.939  99.97   3.e-3	0.016	0.7482  0.7156  0.5317  0.6141  0.6254  0.5883  0.5716  -0.341  0.2     0.3955  0.1139  0.904   
81      1.4488  11.66   46.76   12.57   64.006  15.774  99.97   -0.05	0.016	0.7482  0.7156  0.5316  0.6142  0.6254  0.5883  0.5716  -0.341  0.2     0.3955  0.1139  0.904   
81      1.4476  11.66   47.98   12.59   63.75   15.877  99.97   0.031	0.016	0.7482  0.7156  0.5316  0.6141  0.6255  0.5883  0.5716  -0.341  0.2     0.3955  0.1139  0.904   
81      1.4512  11.66   48.45   12.58   63.854  15.999  99.97   0.061	0.016	0.7482  0.7156  0.5316  0.6141  0.6254  0.5884  0.5716  -0.341  0.2     0.3955  0.1139  0.904   
81      1.4525  11.67   48.19   12.6    63.951  16.002  99.97   0.047	0.016	0.7482  0.7156  0.5316  0.6141  0.6254  0.5883  0.5717  -0.341  0.2     0.3955  0.1139  0.904   
81      1.4502  11.66   47.55   12.58   63.881  15.926  99.97   2.e-5	0.016	0.7482  0.7156  0.5316  0.6141  0.6254  0.5883  0.5716  -0.342  0.2     0.3955  0.1139  0.904   
81      1.4503  11.66   47.55   12.58   63.885  15.931  99.97   -5e-5	0.016	0.7482  0.7156  0.5316  0.6141  0.6254  0.5883  0.5716  -0.341  0.2     0.3955  0.1139  0.904   
81      1.4492  11.66   47.47   12.58   63.852  15.894  99.97   -5e-3	0.016	0.7482  0.7156  0.5316  0.6141  0.6254  0.5883  0.5716  -0.341  0.2     0.3956  0.1139  0.904   
81      1.4505  11.66   47.58   12.58   63.88   15.946  99.97   2.e-3	0.016	0.7482  0.7156  0.5316  0.6141  0.6254  0.5883  0.5716  -0.341  0.2     0.3955  0.1139  0.904   
81      1.4496  11.66   47.14   12.58   63.901  15.885  99.97   -0.03	0.016	0.7482  0.7156  0.5316  0.6141  0.6254  0.5883  0.5716  -0.341  0.2     0.3955  0.1139  0.9042  
81-1                                                                          0.2421  -0.18   0.1349  -2.712  1.5518  3.0707  2.3608  1.1e-3  -2.e-3  -0.248  0.0975  -1.398  

81-2    1.4595  11.67   66.46   12.63   63.384  16.711  99.97   1.294	0.016	0.7482  0.7155  0.5316  0.6138  0.6255  0.5885  0.5718  -0.341  0.2     0.3955  0.1139  0.9038  
81-3    1.4695  11.68   49.72   12.68   62.879  17.485  99.97   -1.01	0.016	0.7482  0.7155  0.5316  0.6135  0.6257  0.5888  0.5721  -0.341  0.2     0.3955  0.1139  0.9036  
82      1.4694  11.68   49.62   12.68   62.877  17.48   99.97   -7e-3	0.016	0.7483  0.7155  0.5316  0.6135  0.6257  0.5888  0.5721  -0.341  0.2     0.3955  0.1139  0.9036  
82      1.4712  11.68   49.77   12.68   62.931  17.54   99.97   2.e-3	0.016	0.7482  0.7156  0.5316  0.6135  0.6257  0.5888  0.5721  -0.341  0.2     0.3955  0.1139  0.9036  
82      1.4696  11.68   49.67   12.68   62.877  17.494  99.97   -3e-3	0.016	0.7482  0.7155  0.5317  0.6135  0.6257  0.5888  0.5721  -0.341  0.2     0.3955  0.1139  0.9036  
82      1.4679  11.68   50.83   12.66   63.011  17.337  99.97   0.075	0.016	0.7482  0.7155  0.5316  0.6136  0.6257  0.5888  0.5721  -0.341  0.2     0.3955  0.1139  0.9036  
82      1.467   11.68   49.19   12.68   62.753  17.432  99.97   -0.03	0.016	0.7482  0.7155  0.5316  0.6135  0.6258  0.5888  0.5721  -0.341  0.2     0.3955  0.1139  0.9036  
82      1.4706  11.68   48.66   12.67   62.851  17.554  99.97   -0.07	0.016	0.7482  0.7155  0.5316  0.6135  0.6257  0.5889  0.5721  -0.341  0.2     0.3955  0.1139  0.9036  
82      1.4718  11.69   48.86   12.69   62.948  17.561  99.97   -0.05	0.016	0.7482  0.7155  0.5316  0.6135  0.6257  0.5888  0.5722  -0.341  0.2     0.3955  0.1139  0.9036  
82      1.4694  11.68   49.72   12.68   62.879  17.482  99.97   2.e-5	0.016	0.7482  0.7155  0.5316  0.6135  0.6257  0.5888  0.5721  -0.342  0.2     0.3955  0.1139  0.9036  
82      1.4696  11.68   49.72   12.68   62.882  17.487  99.97   -5e-5	0.016	0.7482  0.7155  0.5316  0.6135  0.6257  0.5888  0.5721  -0.341  0.2     0.3955  0.1139  0.9036  
82      1.4685  11.68   49.82   12.68   62.852  17.449  99.97   7.e-3	0.016	0.7482  0.7155  0.5316  0.6135  0.6257  0.5888  0.5721  -0.341  0.2     0.3956  0.1139  0.9036  
82      1.4698  11.68   49.69   12.68   62.877  17.501  99.97   -2e-3	0.016	0.7482  0.7155  0.5316  0.6135  0.6257  0.5888  0.5721  -0.341  0.2     0.3955  0.1139  0.9036  
82      1.4688  11.68   50.28   12.68   62.901  17.441  99.97   0.038	0.016	0.7482  0.7155  0.5316  0.6135  0.6257  0.5888  0.5721  -0.341  0.2     0.3955  0.1139  0.9038  
82-1                                                                          -0.272  0.1016  -0.139  3.0377  -1.391  -2.915  -2.22   9.1e-4  -2.e-3  0.2943  -0.087  1.5396  

82-2    1.4588  11.67   66.09   12.63   63.41   16.663  99.97   1.097	0.016	0.7482  0.7155  0.5316  0.6138  0.6255  0.5886  0.5719  -0.341  0.2     0.3955  0.1139  0.9039  
82-3    1.4488  11.66   47.46   12.57   63.927  15.827  99.97   -1.13	0.016	0.7481  0.7155  0.5316  0.6141  0.6254  0.5883  0.5717  -0.341  0.2     0.3955  0.1139  0.9041  
83      1.4487  11.66   47.53   12.57   63.925  15.823  99.97   5.e-3	0.016	0.7483  0.7155  0.5316  0.6141  0.6254  0.5883  0.5717  -0.341  0.2     0.3955  0.1139  0.9041  
83      1.4505  11.66   47.42   12.57   63.98   15.88   99.97   -4e-3	0.016	0.7481  0.7157  0.5316  0.6141  0.6254  0.5883  0.5717  -0.341  0.2     0.3955  0.1139  0.9041  
83      1.449   11.66   47.5    12.57   63.925  15.836  99.97   3.e-3	0.016	0.7481  0.7155  0.5317  0.6141  0.6254  0.5883  0.5717  -0.341  0.2     0.3955  0.1139  0.9041  
83      1.4475  11.66   46.68   12.56   64.052  15.67   99.97   -0.05	0.016	0.7481  0.7155  0.5316  0.6142  0.6254  0.5883  0.5717  -0.341  0.2     0.3955  0.1139  0.9041  
83      1.4462  11.66   47.89   12.58   63.795  15.774  99.97   0.031	0.016	0.7481  0.7155  0.5316  0.6141  0.6255  0.5883  0.5717  -0.341  0.2     0.3955  0.1139  0.9041  
83      1.4498  11.66   48.36   12.57   63.901  15.897  99.97   0.061	0.016	0.7481  0.7155  0.5316  0.6141  0.6254  0.5884  0.5717  -0.341  0.2     0.3955  0.1139  0.9041  
83      1.4511  11.67   48.08   12.59   63.998  15.901  99.97   0.046	0.016	0.7481  0.7155  0.5316  0.6141  0.6254  0.5883  0.5717  -0.341  0.2     0.3955  0.1139  0.9041  
83      1.4488  11.66   47.46   12.57   63.927  15.824  99.97   2.e-5	0.016	0.7481  0.7155  0.5316  0.6141  0.6254  0.5883  0.5717  -0.342  0.2     0.3955  0.1139  0.9041  
83      1.4489  11.66   47.46   12.57   63.93   15.829  99.97   -5e-5	0.016	0.7481  0.7155  0.5316  0.6141  0.6254  0.5883  0.5717  -0.341  0.2     0.3955  0.1139  0.9041  
83      1.4478  11.66   47.39   12.57   63.898  15.791  99.97   -4e-3	0.016	0.7481  0.7155  0.5316  0.6141  0.6254  0.5883  0.5717  -0.341  0.2     0.3956  0.1139  0.9041  
83      1.4491  11.66   47.48   12.57   63.926  15.844  99.97   1.e-3	0.016	0.7481  0.7155  0.5316  0.6141  0.6254  0.5883  0.5717  -0.341  0.2     0.3955  0.1139  0.9041  
83      1.4482  11.66   47.05   12.57   63.947  15.782  99.97   -0.03	0.016	0.7481  0.7155  0.5316  0.6141  0.6254  0.5883  0.5717  -0.341  0.2     0.3955  0.1139  0.9042  
83-1                                                                          0.2456  -0.182  0.1369  -2.717  1.5747  3.1154  2.3246  1.1e-3  -2.e-3  -0.217  0.0642  -1.419  

83-2    1.458   11.67   66.15   12.62   63.424  16.613  99.97   1.28 	0.016	0.7482  0.7155  0.5316  0.6139  0.6255  0.5886  0.5719  -0.341  0.2     0.3955  0.1139  0.9039  
83-3    1.4679  11.68   49.71   12.67   62.915  17.39   99.97   -0.99	0.016	0.7482  0.7155  0.5316  0.6136  0.6257  0.5889  0.5721  -0.341  0.2     0.3955  0.1139  0.9037  
84      1.4678  11.68   49.61   12.67   62.913  17.385  99.97   -7e-3	0.016	0.7483  0.7155  0.5316  0.6136  0.6257  0.5889  0.5721  -0.341  0.2     0.3955  0.1139  0.9037  
84      1.4696  11.68   49.76   12.67   62.967  17.444  99.97   2.e-3	0.016	0.7482  0.7156  0.5316  0.6136  0.6257  0.5889  0.5721  -0.341  0.2     0.3955  0.1139  0.9037  
84      1.4681  11.68   49.66   12.67   62.913  17.398  99.97   -3e-3	0.016	0.7482  0.7155  0.5317  0.6136  0.6257  0.5889  0.5721  -0.341  0.2     0.3955  0.1139  0.9037  
84      1.4663  11.68   50.8    12.65   63.046  17.241  99.97   0.073	0.016	0.7482  0.7155  0.5316  0.6137  0.6257  0.5889  0.5721  -0.341  0.2     0.3955  0.1139  0.9037  
84      1.4654  11.68   49.19   12.67   62.789  17.337  99.97   -0.03	0.016	0.7482  0.7155  0.5316  0.6136  0.6258  0.5889  0.5721  -0.341  0.2     0.3955  0.1139  0.9037  
84      1.4691  11.68   48.64   12.66   62.887  17.46   99.97   -0.07	0.016	0.7482  0.7155  0.5316  0.6136  0.6257  0.589   0.5721  -0.341  0.2     0.3955  0.1139  0.9037  
84      1.4702  11.69   48.83   12.68   62.985  17.466  99.97   -0.06	0.016	0.7482  0.7155  0.5316  0.6136  0.6257  0.5889  0.5722  -0.341  0.2     0.3955  0.1139  0.9037  
84      1.4678  11.68   49.71   12.67   62.915  17.386  99.97   2.e-5	0.016	0.7482  0.7155  0.5316  0.6136  0.6257  0.5889  0.5721  -0.342  0.2     0.3955  0.1139  0.9037  
84      1.468   11.68   49.71   12.67   62.918  17.391  99.97   -5e-5	0.016	0.7482  0.7155  0.5316  0.6136  0.6257  0.5889  0.5721  -0.341  0.2     0.3955  0.1139  0.9037  
84      1.4669  11.68   49.82   12.67   62.888  17.353  99.97   8.e-3	0.016	0.7482  0.7155  0.5316  0.6136  0.6257  0.5889  0.5721  -0.341  0.2     0.3956  0.1139  0.9037  
84      1.4683  11.68   49.68   12.67   62.913  17.407  99.97   -2e-3	0.016	0.7482  0.7155  0.5316  0.6136  0.6257  0.5889  0.5721  -0.341  0.2     0.3955  0.1139  0.9037  
84      1.4672  11.68   50.26   12.67   62.936  17.346  99.97   0.037	0.016	0.7482  0.7155  0.5316  0.6136  0.6257  0.5889  0.5721  -0.341  0.2     0.3955  0.1139  0.9038  
84-1                                                                          -0.272  0.1018  -0.139  2.9827  -1.364  -2.943  -2.275  9.1e-4  -2.e-3  0.3221  -0.087  1.5121  

84-2    1.457   11.67   66.17   12.62   63.425  16.564  99.97   1.103	0.016	0.7482  0.7155  0.5316  0.6139  0.6256  0.5886  0.5719  -0.341  0.2     0.3955  0.1139  0.9039  
84-3    1.4469  11.66   47.47   12.57   63.925  15.727  99.97   -1.14	0.016	0.7481  0.7155  0.5316  0.6142  0.6254  0.5883  0.5717  -0.341  0.2     0.3955  0.1139  0.9041  
85      1.4468  11.66   47.54   12.56   63.924  15.723  99.97   5.e-3	0.016	0.7483  0.7155  0.5316  0.6142  0.6254  0.5883  0.5717  -0.341  0.2     0.3955  0.1139  0.9041  
85      1.4486  11.66   47.43   12.57   63.979  15.781  99.97   -4e-3	0.016	0.7481  0.7156  0.5316  0.6142  0.6254  0.5883  0.5717  -0.341  0.2     0.3955  0.1139  0.9041  
85      1.4471  11.66   47.5    12.57   63.923  15.736  99.97   2.e-3	0.016	0.7481  0.7155  0.5317  0.6142  0.6254  0.5883  0.5717  -0.341  0.2     0.3955  0.1139  0.9041  
85      1.4456  11.66   46.68   12.55   64.05   15.569  99.97   -0.05	0.016	0.7481  0.7155  0.5316  0.6143  0.6254  0.5883  0.5717  -0.341  0.2     0.3955  0.1139  0.9041  
85      1.4443  11.66   47.9    12.57   63.793  15.674  99.97   0.031	0.016	0.7481  0.7155  0.5316  0.6142  0.6255  0.5883  0.5717  -0.341  0.2     0.3955  0.1139  0.9041  
85      1.4479  11.66   48.37   12.56   63.9    15.797  99.97   0.061	0.016	0.7481  0.7155  0.5316  0.6142  0.6254  0.5884  0.5717  -0.341  0.2     0.3955  0.1139  0.9041  
85      1.4492  11.67   48.09   12.58   63.997  15.8    99.97   0.046	0.016	0.7481  0.7155  0.5316  0.6142  0.6254  0.5883  0.5718  -0.341  0.2     0.3955  0.1139  0.9041  
85      1.4469  11.66   47.47   12.57   63.925  15.724  99.97   2.e-5	0.016	0.7481  0.7155  0.5316  0.6142  0.6254  0.5883  0.5717  -0.342  0.2     0.3955  0.1139  0.9041  
85      1.447   11.66   47.46   12.57   63.929  15.729  99.97   -7e-4	0.016	0.7481  0.7155  0.5316  0.6142  0.6254  0.5883  0.5717  -0.341  0.2     0.3955  0.1139  0.9041  
85      1.4459  11.66   47.39   12.57   63.897  15.691  99.97   -5e-3	0.016	0.7481  0.7155  0.5316  0.6142  0.6254  0.5883  0.5717  -0.341  0.2     0.3956  0.1139  0.9041  
85      1.4472  11.66   47.49   12.57   63.925  15.744  99.97   1.e-3	0.016	0.7481  0.7155  0.5316  0.6142  0.6254  0.5883  0.5717  -0.341  0.2     0.3955  0.1139  0.9041  
85      1.4463  11.66   47.06   12.57   63.946  15.682  99.97   -0.03	0.016	0.7481  0.7155  0.5316  0.6142  0.6254  0.5883  0.5717  -0.341  0.2     0.3955  0.1139  0.9042  
85-1                                                                          0.2442  -0.182  0.1016  -2.735  1.5659  3.0972  2.311   1.1e-3  -0.037  -0.25   0.0638  -1.41   

85-2    1.4561  11.67   66.14   12.61   63.426  16.518  99.97   1.278	0.016	0.7482  0.7155  0.5316  0.6139  0.6256  0.5886  0.5719  -0.341  0.2     0.3955  0.1139  0.9039  
85-3    1.466   11.68   49.71   12.66   62.915  17.299  99.97   -0.99	0.016	0.7482  0.7155  0.5316  0.6137  0.6257  0.5889  0.5721  -0.341  0.2     0.3955  0.1139  0.9037  
86      1.4659  11.68   49.61   12.66   62.914  17.294  99.97   -7e-3	0.016	0.7483  0.7155  0.5316  0.6137  0.6257  0.5889  0.5721  -0.341  0.2     0.3955  0.1139  0.9037  
86      1.4677  11.68   49.75   12.66   62.968  17.353  99.97   2.e-3	0.016	0.7482  0.7156  0.5316  0.6137  0.6257  0.5889  0.5721  -0.341  0.2     0.3955  0.1139  0.9037  
86      1.4662  11.68   49.66   12.66   62.913  17.307  99.97   -3e-3	0.016	0.7482  0.7155  0.5317  0.6137  0.6257  0.5889  0.5721  -0.341  0.2     0.3955  0.1139  0.9037  
86      1.4644  11.68   50.82   12.64   63.048  17.147  99.97   0.075	0.016	0.7482  0.7155  0.5316  0.6138  0.6257  0.5889  0.5721  -0.341  0.2     0.3955  0.1139  0.9037  
86      1.4636  11.68   49.18   12.66   62.789  17.246  99.97   -0.03	0.016	0.7482  0.7155  0.5316  0.6137  0.6258  0.5889  0.5721  -0.341  0.2     0.3955  0.1139  0.9037  
86      1.4672  11.68   48.65   12.65   62.888  17.368  99.97   -0.07	0.016	0.7482  0.7155  0.5316  0.6137  0.6257  0.589   0.5721  -0.341  0.2     0.3955  0.1139  0.9037  
86      1.4684  11.69   48.83   12.68   62.985  17.374  99.97   -0.06	0.016	0.7482  0.7155  0.5316  0.6137  0.6257  0.5889  0.5722  -0.341  0.2     0.3955  0.1139  0.9037  
86      1.466   11.68   49.7    12.66   62.915  17.295  99.97   -7e-4	0.016	0.7482  0.7155  0.5316  0.6137  0.6257  0.5889  0.5721  -0.342  0.2     0.3955  0.1139  0.9037  
86      1.4661  11.68   49.71   12.66   62.919  17.3    99.97   -5e-5	0.016	0.7482  0.7155  0.5316  0.6137  0.6257  0.5889  0.5721  -0.341  0.2     0.3955  0.1139  0.9037  
86      1.465   11.68   49.81   12.66   62.888  17.262  99.97   7.e-3	0.016	0.7482  0.7155  0.5316  0.6137  0.6257  0.5889  0.5721  -0.341  0.2     0.3956  0.1139  0.9037  
86      1.4664  11.68   49.67   12.66   62.914  17.315  99.97   -3e-3	0.016	0.7482  0.7155  0.5316  0.6137  0.6257  0.5889  0.5721  -0.341  0.2     0.3955  0.1139  0.9037  
86      1.4654  11.68   50.26   12.66   62.936  17.254  99.97   0.037	0.016	0.7482  0.7155  0.5316  0.6137  0.6257  0.5889  0.5721  -0.341  0.2     0.3955  0.1139  0.9038  
86-1                                                                          -0.271  0.0741  -0.138  3.0244  -1.385  -2.902  -2.265  -0.026  -2.e-3  0.2934  -0.113  1.5056  

86-2    1.4552  11.67   66.07   12.61   63.432  16.468  99.97   1.097	0.016	0.7482  0.7155  0.5316  0.614   0.6256  0.5886  0.5719  -0.341  0.2     0.3955  0.1139  0.9039  
86-3    1.4451  11.66   47.45   12.56   63.935  15.625  99.97   -1.13	0.016	0.7481  0.7155  0.5316  0.6143  0.6255  0.5884  0.5717  -0.341  0.2     0.3955  0.1139  0.9041  
87      1.445   11.66   47.51   12.55   63.934  15.62   99.97   4.e-3	0.016	0.7483  0.7155  0.5316  0.6143  0.6255  0.5884  0.5717  -0.341  0.2     0.3955  0.1139  0.9041  
87      1.4468  11.66   47.41   12.56   63.988  15.678  99.97   -4e-3	0.016	0.7481  0.7156  0.5316  0.6143  0.6255  0.5884  0.5717  -0.341  0.2     0.3955  0.1139  0.9041  
87      1.4453  11.66   47.48   12.56   63.933  15.634  99.97   2.e-3	0.016	0.7481  0.7155  0.5317  0.6143  0.6255  0.5884  0.5717  -0.341  0.2     0.3955  0.1139  0.9041  
87      1.4437  11.66   46.65   12.54   64.062  15.464  99.97   -0.05	0.016	0.7481  0.7155  0.5316  0.6144  0.6255  0.5884  0.5717  -0.341  0.2     0.3955  0.1139  0.9041  
87      1.4425  11.66   47.88   12.56   63.803  15.572  99.97   0.031	0.016	0.7481  0.7155  0.5316  0.6143  0.6256  0.5884  0.5717  -0.341  0.2     0.3955  0.1139  0.9041  
87      1.4462  11.66   48.36   12.55   63.909  15.696  99.97   0.062	0.016	0.7481  0.7155  0.5316  0.6143  0.6255  0.5884  0.5717  -0.341  0.2     0.3955  0.1139  0.9041  
87      1.4474  11.67   48.07   12.57   64.008  15.698  99.97   0.046	0.016	0.7481  0.7155  0.5316  0.6143  0.6255  0.5884  0.5718  -0.341  0.2     0.3955  0.1139  0.9041  
87      1.4451  11.66   47.45   12.56   63.935  15.622  99.97   2.e-5	0.016	0.7481  0.7155  0.5316  0.6143  0.6255  0.5884  0.5717  -0.342  0.2     0.3955  0.1139  0.9041  
87      1.4452  11.66   47.44   12.56   63.939  15.627  99.97   -7e-4	0.016	0.7481  0.7155  0.5316  0.6143  0.6255  0.5884  0.5717  -0.341  0.2     0.3955  0.1139  0.9041  
87      1.4441  11.66   47.37   12.56   63.907  15.589  99.97   -5e-3	0.016	0.7481  0.7155  0.5316  0.6143  0.6255  0.5884  0.5717  -0.341  0.2     0.3956  0.1139  0.9041  
87      1.4455  11.66   47.47   12.56   63.935  15.643  99.97   1.e-3	0.016	0.7481  0.7155  0.5316  0.6143  0.6255  0.5884  0.5717  -0.341  0.2     0.3955  0.1139  0.9041  
87      1.4446  11.66   47.04   12.56   63.955  15.58   99.97   -0.03	0.016	0.7481  0.7155  0.5316  0.6143  0.6255  0.5884  0.5717  -0.341  0.2     0.3955  0.1139  0.9043  
87-1                                                                          0.209   -0.181  0.1014  -2.762  1.5617  3.1228  2.3045  1.1e-3  -0.037  -0.25   0.0634  -1.407  

87-2    1.4543  11.67   66.23   12.6    63.434  16.423  99.97   1.286	0.016	0.7482  0.7155  0.5316  0.614   0.6256  0.5886  0.5719  -0.341  0.2     0.3955  0.1139  0.9039  
87-3    1.4644  11.68   49.64   12.65   62.925  17.211  99.97   -1   	0.016	0.7482  0.7155  0.5316  0.6137  0.6258  0.5889  0.5721  -0.341  0.2     0.3955  0.1139  0.9037  
88      1.4642  11.68   49.54   12.65   62.924  17.206  99.97   -7e-3	0.016	0.7483  0.7155  0.5316  0.6137  0.6258  0.5889  0.5721  -0.341  0.2     0.3955  0.1139  0.9037  
88      1.4661  11.68   49.69   12.65   62.978  17.266  99.97   2.e-3	0.016	0.7482  0.7156  0.5316  0.6137  0.6258  0.5889  0.5721  -0.341  0.2     0.3955  0.1139  0.9037  
88      1.4645  11.68   49.59   12.65   62.923  17.22   99.97   -3e-3	0.016	0.7482  0.7155  0.5317  0.6137  0.6258  0.5889  0.5721  -0.341  0.2     0.3955  0.1139  0.9037  
88      1.4627  11.68   50.73   12.63   63.055  17.061  99.97   0.073	0.016	0.7482  0.7155  0.5316  0.6138  0.6258  0.5889  0.5721  -0.341  0.2     0.3955  0.1139  0.9037  
88      1.4619  11.68   49.12   12.65   62.798  17.158  99.97   -0.03	0.016	0.7482  0.7155  0.5316  0.6137  0.6259  0.5889  0.5721  -0.341  0.2     0.3955  0.1139  0.9037  
88      1.4655  11.68   48.58   12.64   62.898  17.282  99.97   -0.07	0.016	0.7482  0.7155  0.5316  0.6137  0.6258  0.589   0.5721  -0.341  0.2     0.3955  0.1139  0.9037  
88      1.4667  11.69   48.77   12.67   62.996  17.286  99.97   -0.06	0.016	0.7482  0.7155  0.5316  0.6137  0.6258  0.5889  0.5722  -0.341  0.2     0.3955  0.1139  0.9037  
88      1.4643  11.68   49.64   12.65   62.925  17.208  99.97   2.e-5	0.016	0.7482  0.7155  0.5316  0.6137  0.6258  0.5889  0.5721  -0.342  0.2     0.3955  0.1139  0.9037  
88      1.4644  11.68   49.65   12.65   62.929  17.213  99.97   6.e-4	0.016	0.7482  0.7155  0.5316  0.6137  0.6258  0.5889  0.5721  -0.341  0.2     0.3955  0.1139  0.9037  
88      1.4633  11.68   49.74   12.65   62.898  17.175  99.97   7.e-3	0.016	0.7482  0.7155  0.5316  0.6137  0.6258  0.5889  0.5721  -0.341  0.2     0.3956  0.1139  0.9037  
88      1.4647  11.68   49.61   12.65   62.924  17.227  99.97   -2e-3	0.016	0.7482  0.7155  0.5316  0.6137  0.6258  0.5889  0.5721  -0.341  0.2     0.3955  0.1139  0.9037  
88      1.4637  11.68   50.19   12.65   62.946  17.167  99.97   0.037	0.016	0.7482  0.7155  0.5316  0.6137  0.6258  0.5889  0.5721  -0.341  0.2     0.3955  0.1139  0.9039  
88-1                                                                          -0.273  0.1019  -0.14   2.9978  -1.37   -2.93   -2.259  9.e-4   0.0256  0.2958  -0.087  1.5197  

88-2    1.4535  11.67   66.55   12.6    63.433  16.382  99.97   1.134	0.016	0.7482  0.7155  0.5316  0.614   0.6256  0.5887  0.5719  -0.341  0.2     0.3955  0.1139  0.9039  
88-3    1.4436  11.66   47.51   12.55   63.934  15.542  99.97   -1.15	0.016	0.7481  0.7155  0.5316  0.6143  0.6255  0.5884  0.5717  -0.341  0.2     0.3956  0.1139  0.9042  
89      1.4435  11.66   47.58   12.55   63.932  15.538  99.97   5.e-3	0.016	0.7482  0.7155  0.5316  0.6143  0.6255  0.5884  0.5717  -0.341  0.2     0.3956  0.1139  0.9042  
89      1.4452  11.66   47.48   12.55   63.987  15.595  99.97   -3e-3	0.016	0.7481  0.7156  0.5316  0.6143  0.6255  0.5884  0.5717  -0.341  0.2     0.3956  0.1139  0.9042  
89      1.4437  11.66   47.55   12.55   63.932  15.551  99.97   3.e-3	0.016	0.7481  0.7155  0.5317  0.6143  0.6255  0.5884  0.5717  -0.341  0.2     0.3956  0.1139  0.9042  
89      1.4422  11.66   46.71   12.53   64.06   15.38   99.97   -0.05	0.016	0.7481  0.7155  0.5316  0.6144  0.6255  0.5884  0.5717  -0.341  0.2     0.3956  0.1139  0.9042  
89      1.4409  11.66   47.95   12.55   63.801  15.489  99.97   0.032	0.016	0.7481  0.7155  0.5316  0.6143  0.6256  0.5884  0.5717  -0.341  0.2     0.3956  0.1139  0.9042  
89      1.4446  11.66   48.43   12.54   63.908  15.613  99.97   0.063	0.016	0.7481  0.7155  0.5316  0.6143  0.6255  0.5885  0.5717  -0.341  0.2     0.3956  0.1139  0.9042  
89      1.4458  11.67   48.13   12.56   64.006  15.614  99.97   0.046	0.016	0.7481  0.7155  0.5316  0.6143  0.6255  0.5884  0.5718  -0.341  0.2     0.3956  0.1139  0.9042  
89      1.4435  11.66   47.51   12.55   63.934  15.539  99.97   2.e-5	0.016	0.7481  0.7155  0.5316  0.6143  0.6255  0.5884  0.5717  -0.342  0.2     0.3956  0.1139  0.9042  
89      1.4437  11.66   47.51   12.55   63.938  15.544  99.97   -5e-5	0.016	0.7481  0.7155  0.5316  0.6143  0.6255  0.5884  0.5717  -0.341  0.2     0.3956  0.1139  0.9042  
89      1.4425  11.66   47.44   12.55   63.904  15.506  99.97   -4e-3	0.016	0.7481  0.7155  0.5316  0.6143  0.6255  0.5884  0.5717  -0.341  0.2     0.3956  0.1139  0.9042  
89      1.4439  11.66   47.54   12.55   63.933  15.559  99.97   2.e-3	0.016	0.7481  0.7155  0.5316  0.6143  0.6255  0.5884  0.5717  -0.341  0.2     0.3956  0.1139  0.9042  
89      1.443   11.66   47.1    12.55   63.954  15.497  99.97   -0.03	0.016	0.7481  0.7155  0.5316  0.6143  0.6255  0.5884  0.5717  -0.341  0.2     0.3956  0.1139  0.9043  
89-1                                                                          0.2421  -0.146  0.135   -2.746  1.5872  3.1391  2.2917  1.1e-3  -2.e-3  -0.214  0.0975  -1.398  

89-2    1.4527  11.67   66.86   12.59   63.434  16.337  99.97   1.324	0.016	0.7481  0.7155  0.5316  0.614   0.6257  0.5887  0.5719  -0.341  0.2     0.3955  0.1139  0.904   
89-3    1.4626  11.68   49.55   12.64   62.926  17.126  99.97   -1.04	0.016	0.7482  0.7155  0.5316  0.6138  0.6258  0.589   0.5721  -0.341  0.2     0.3955  0.1139  0.9038  
90      1.4625  11.68   49.45   12.64   62.924  17.121  99.97   -7e-3	0.016	0.7483  0.7155  0.5316  0.6138  0.6258  0.589   0.5721  -0.341  0.2     0.3955  0.1139  0.9038  
90      1.4643  11.68   49.6    12.64   62.979  17.181  99.97   2.e-3	0.016	0.7482  0.7156  0.5316  0.6138  0.6258  0.589   0.5721  -0.341  0.2     0.3955  0.1139  0.9038  
90      1.4628  11.68   49.5    12.64   62.924  17.135  99.97   -3e-3	0.016	0.7482  0.7155  0.5317  0.6138  0.6258  0.589   0.5721  -0.341  0.2     0.3955  0.1139  0.9038  
90      1.461   11.68   50.63   12.63   63.055  16.975  99.97   0.073	0.016	0.7482  0.7155  0.5316  0.6139  0.6258  0.589   0.5721  -0.341  0.2     0.3955  0.1139  0.9038  
90      1.4601  11.68   49.03   12.65   62.798  17.073  99.97   -0.03	0.016	0.7482  0.7155  0.5316  0.6138  0.6259  0.589   0.5721  -0.341  0.2     0.3955  0.1139  0.9038  
90      1.4638  11.68   48.5    12.63   62.899  17.196  99.97   -0.07	0.016	0.7482  0.7155  0.5316  0.6138  0.6258  0.5891  0.5721  -0.341  0.2     0.3955  0.1139  0.9038  
90      1.4649  11.69   48.69   12.66   62.997  17.201  99.97   -0.05	0.016	0.7482  0.7155  0.5316  0.6138  0.6258  0.589   0.5722  -0.341  0.2     0.3955  0.1139  0.9038  
90      1.4625  11.68   49.54   12.64   62.926  17.123  99.97   -7e-4	0.016	0.7482  0.7155  0.5316  0.6138  0.6258  0.589   0.5721  -0.342  0.2     0.3955  0.1139  0.9038  
90      1.4627  11.68   49.55   12.64   62.929  17.128  99.97   -5e-5	0.016	0.7482  0.7155  0.5316  0.6138  0.6258  0.589   0.5721  -0.341  0.2     0.3955  0.1139  0.9038  
90      1.4616  11.68   49.65   12.64   62.898  17.089  99.97   7.e-3	0.016	0.7482  0.7155  0.5316  0.6138  0.6258  0.589   0.5721  -0.341  0.2     0.3956  0.1139  0.9038  
90      1.4629  11.68   49.52   12.64   62.924  17.142  99.97   -2e-3	0.016	0.7482  0.7155  0.5316  0.6138  0.6258  0.589   0.5721  -0.341  0.2     0.3955  0.1139  0.9038  
90      1.4619  11.68   50.09   12.64   62.947  17.082  99.97   0.036	0.016	0.7482  0.7155  0.5316  0.6138  0.6258  0.589   0.5721  -0.341  0.2     0.3955  0.1139  0.9039  
90-1                                                                          -0.276  0.1029  -0.141  2.9973  -1.382  -2.928  -2.251  -0.027  -2.e-3  0.2988  -0.088  1.5057  

90-2    1.4519  11.67   67.33   12.59   63.434  16.297  99.97   1.193	0.016	0.7481  0.7155  0.5316  0.6141  0.6257  0.5887  0.5719  -0.341  0.2     0.3955  0.1139  0.904   
90-3    1.4419  11.66   47.58   12.54   63.932  15.455  99.97   -1.19	0.016	0.7481  0.7155  0.5316  0.6143  0.6255  0.5884  0.5717  -0.341  0.2     0.3956  0.1139  0.9042  
91      1.4418  11.66   47.65   12.54   63.93   15.451  99.97   5.e-3	0.016	0.7482  0.7155  0.5316  0.6143  0.6255  0.5884  0.5717  -0.341  0.2     0.3956  0.1139  0.9042  
91      1.4436  11.66   47.55   12.54   63.985  15.508  99.97   -3e-3	0.016	0.7481  0.7156  0.5316  0.6143  0.6255  0.5884  0.5717  -0.341  0.2     0.3956  0.1139  0.9042  
91      1.4421  11.66   47.62   12.54   63.93   15.464  99.97   3.e-3	0.016	0.7481  0.7155  0.5317  0.6143  0.6255  0.5884  0.5717  -0.341  0.2     0.3956  0.1139  0.9042  
91      1.4405  11.66   46.78   12.52   64.056  15.295  99.97   -0.05	0.016	0.7481  0.7155  0.5316  0.6144  0.6255  0.5884  0.5717  -0.341  0.2     0.3956  0.1139  0.9042  
91      1.4393  11.66   48.02   12.54   63.799  15.402  99.97   0.032	0.016	0.7481  0.7155  0.5316  0.6143  0.6256  0.5884  0.5717  -0.341  0.2     0.3956  0.1139  0.9042  
91      1.4429  11.66   48.5    12.53   63.907  15.526  99.97   0.063	0.016	0.7481  0.7155  0.5316  0.6143  0.6255  0.5885  0.5717  -0.341  0.2     0.3956  0.1139  0.9042  
91      1.4442  11.66   48.2    12.54   64.004  15.527  99.97   0.041	0.016	0.7481  0.7155  0.5316  0.6143  0.6255  0.5884  0.5718  -0.341  0.2     0.3956  0.1139  0.9042  
91      1.4419  11.66   47.59   12.54   63.932  15.451  99.97   7.e-4	0.016	0.7481  0.7155  0.5316  0.6143  0.6255  0.5884  0.5717  -0.342  0.2     0.3956  0.1139  0.9042  
91      1.442   11.66   47.58   12.54   63.936  15.457  99.97   -5e-5	0.016	0.7481  0.7155  0.5316  0.6143  0.6255  0.5884  0.5717  -0.341  0.2     0.3956  0.1139  0.9042  
91      1.4409  11.66   47.51   12.54   63.903  15.419  99.97   -4e-3	0.016	0.7481  0.7155  0.5316  0.6143  0.6255  0.5884  0.5717  -0.341  0.2     0.3956  0.1139  0.9042  
91      1.4422  11.66   47.61   12.54   63.931  15.472  99.97   2.e-3	0.016	0.7481  0.7155  0.5316  0.6143  0.6255  0.5884  0.5717  -0.341  0.2     0.3956  0.1139  0.9042  
91      1.4413  11.66   47.17   12.54   63.952  15.41   99.97   -0.03	0.016	0.7481  0.7155  0.5316  0.6143  0.6255  0.5884  0.5717  -0.341  0.2     0.3956  0.1139  0.9043  
91-1                                                                          0.246   -0.148  0.1373  -2.791  1.6133  3.19    2.099   0.0362  -2.e-3  -0.217  0.0991  -1.421  

91-2    1.4507  11.67   67.49   12.59   63.41   16.253  99.97   1.362	0.016	0.7481  0.7155  0.5316  0.6141  0.6257  0.5887  0.5719  -0.341  0.2     0.3956  0.1139  0.904   
91-3    1.4603  11.68   49.49   12.63   62.878  17.037  99.97   -1.08	0.016	0.7482  0.7154  0.5316  0.6138  0.6259  0.589   0.5721  -0.341  0.2     0.3955  0.1139  0.9038  
92      1.4602  11.68   49.4    12.63   62.877  17.032  99.97   -6e-3	0.016	0.7483  0.7154  0.5316  0.6138  0.6259  0.589   0.5721  -0.341  0.2     0.3955  0.1139  0.9038  
92      1.462   11.68   49.53   12.63   62.931  17.091  99.97   2.e-3	0.016	0.7482  0.7156  0.5316  0.6138  0.6259  0.589   0.5721  -0.341  0.2     0.3955  0.1139  0.9038  
92      1.4604  11.68   49.45   12.63   62.876  17.045  99.97   -3e-3	0.016	0.7482  0.7154  0.5317  0.6138  0.6259  0.589   0.5721  -0.341  0.2     0.3955  0.1139  0.9038  
92      1.4586  11.68   50.58   12.62   63.007  16.886  99.97   0.073	0.016	0.7482  0.7154  0.5316  0.6139  0.6259  0.589   0.5721  -0.341  0.2     0.3955  0.1139  0.9038  
92      1.4578  11.68   48.96   12.64   62.751  16.984  99.97   -0.03	0.016	0.7482  0.7154  0.5316  0.6138  0.626   0.589   0.5721  -0.341  0.2     0.3955  0.1139  0.9038  
92      1.4614  11.68   48.44   12.62   62.852  17.107  99.97   -0.07	0.016	0.7482  0.7154  0.5316  0.6138  0.6259  0.5891  0.5721  -0.341  0.2     0.3955  0.1139  0.9038  
92      1.4625  11.68   48.69   12.64   62.948  17.11   99.97   -0.06	0.016	0.7482  0.7154  0.5316  0.6138  0.6259  0.589   0.5722  -0.341  0.2     0.3955  0.1139  0.9038  
92      1.4602  11.68   49.49   12.63   62.878  17.033  99.97   2.e-5	0.016	0.7482  0.7154  0.5316  0.6138  0.6259  0.589   0.5721  -0.342  0.2     0.3955  0.1139  0.9038  
92      1.4603  11.68   49.49   12.63   62.882  17.038  99.97   -5e-5	0.016	0.7482  0.7154  0.5316  0.6138  0.6259  0.589   0.5721  -0.341  0.2     0.3955  0.1139  0.9038  
92      1.4592  11.68   49.57   12.63   62.851  17.001  99.97   6.e-3	0.016	0.7482  0.7154  0.5316  0.6138  0.6259  0.589   0.5721  -0.341  0.2     0.3956  0.1139  0.9038  
92      1.4606  11.68   49.46   12.63   62.877  17.053  99.97   -2e-3	0.016	0.7482  0.7154  0.5316  0.6138  0.6259  0.589   0.5721  -0.341  0.2     0.3955  0.1139  0.9038  
92      1.4596  11.68   50.04   12.63   62.899  16.992  99.97   0.037	0.016	0.7482  0.7154  0.5316  0.6138  0.6259  0.589   0.5721  -0.341  0.2     0.3955  0.1139  0.9039  
92-1                                                                          -0.249  0.076   -0.114  3.041   -1.417  -2.944  -2.282  8.8e-4  -2.e-3  0.2442  -0.088  1.5415  

92-2    1.4494  11.67   66.51   12.58   63.394  16.196  99.97   1.143	0.016	0.7481  0.7155  0.5316  0.6141  0.6257  0.5888  0.5719  -0.341  0.2     0.3956  0.1139  0.904   
92-3    1.4394  11.66   47.41   12.53   63.899  15.341  99.97   -1.16	0.016	0.7481  0.7155  0.5316  0.6144  0.6256  0.5885  0.5717  -0.341  0.2     0.3956  0.1139  0.9042  
93      1.4393  11.66   47.48   12.52   63.897  15.336  99.97   5.e-3	0.016	0.7482  0.7155  0.5316  0.6144  0.6256  0.5885  0.5717  -0.341  0.2     0.3956  0.1139  0.9042  
93      1.441   11.66   47.38   12.53   63.952  15.394  99.97   -3e-3	0.016	0.7481  0.7156  0.5316  0.6144  0.6256  0.5885  0.5717  -0.341  0.2     0.3956  0.1139  0.9042  
93      1.4395  11.66   47.45   12.53   63.897  15.349  99.97   3.e-3	0.016	0.7481  0.7155  0.5317  0.6144  0.6256  0.5885  0.5717  -0.341  0.2     0.3956  0.1139  0.9042  
93      1.438   11.66   46.64   12.51   64.022  15.18   99.97   -0.05	0.016	0.7481  0.7155  0.5316  0.6145  0.6256  0.5885  0.5717  -0.341  0.2     0.3956  0.1139  0.9042  
93      1.4367  11.66   47.84   12.53   63.766  15.288  99.97   0.031	0.016	0.7481  0.7155  0.5316  0.6144  0.6257  0.5885  0.5717  -0.341  0.2     0.3956  0.1139  0.9042  
93      1.4404  11.66   48.29   12.52   63.875  15.411  99.97   0.06 	0.016	0.7481  0.7155  0.5316  0.6144  0.6256  0.5886  0.5717  -0.341  0.2     0.3956  0.1139  0.9042  
93      1.4417  11.66   48.06   12.53   63.972  15.413  99.97   0.043	0.016	0.7481  0.7155  0.5316  0.6144  0.6256  0.5885  0.5717  -0.341  0.2     0.3956  0.1139  0.9042  
93      1.4393  11.66   47.42   12.53   63.899  15.337  99.97   7.e-4	0.016	0.7481  0.7155  0.5316  0.6144  0.6256  0.5885  0.5717  -0.342  0.2     0.3956  0.1139  0.9042  
93      1.4395  11.66   47.41   12.53   63.903  15.342  99.97   -5e-5	0.016	0.7481  0.7155  0.5316  0.6144  0.6256  0.5885  0.5717  -0.341  0.2     0.3956  0.1139  0.9042  
93      1.4383  11.66   47.33   12.53   63.87   15.305  99.97   -5e-3	0.016	0.7481  0.7155  0.5316  0.6144  0.6256  0.5885  0.5717  -0.341  0.2     0.3956  0.1139  0.9042  
93      1.4397  11.66   47.44   12.53   63.899  15.358  99.97   2.e-3	0.016	0.7481  0.7155  0.5316  0.6144  0.6256  0.5885  0.5717  -0.341  0.2     0.3956  0.1139  0.9042  
93      1.4388  11.66   47.01   12.53   63.919  15.295  99.97   -0.03	0.016	0.7481  0.7155  0.5316  0.6144  0.6256  0.5885  0.5717  -0.341  0.2     0.3956  0.1139  0.9044  
93-1                                                                          0.2497  -0.15   0.1393  -2.726  1.6019  3.0961  2.2352  0.0364  -2.e-3  -0.256  0.1003  -1.407  

93-2    1.4483  11.67   65.39   12.57   63.403  16.134  99.97   1.232	0.016	0.7481  0.7154  0.5316  0.6141  0.6257  0.5888  0.5719  -0.341  0.2     0.3956  0.1139  0.904   
93-3    1.458   11.68   49.83   12.62   62.896  16.916  99.97   -0.94	0.016	0.7482  0.7154  0.5316  0.6139  0.6259  0.5891  0.5721  -0.341  0.2     0.3955  0.1139  0.9038  
94      1.4579  11.68   49.74   12.62   62.894  16.912  99.97   -6e-3	0.016	0.7483  0.7154  0.5316  0.6139  0.6259  0.5891  0.5721  -0.341  0.2     0.3955  0.1139  0.9038  
94      1.4597  11.68   49.87   12.62   62.948  16.971  99.97   2.e-3	0.016	0.7482  0.7155  0.5316  0.6139  0.6259  0.5891  0.5721  -0.341  0.2     0.3955  0.1139  0.9038  
94      1.4582  11.68   49.78   12.62   62.894  16.925  99.97   -3e-3	0.016	0.7482  0.7154  0.5317  0.6139  0.6259  0.5891  0.5721  -0.341  0.2     0.3955  0.1139  0.9038  
94      1.4564  11.68   50.97   12.6    63.025  16.764  99.97   0.077	0.016	0.7482  0.7154  0.5316  0.614   0.6259  0.5891  0.5721  -0.341  0.2     0.3955  0.1139  0.9038  
94      1.4555  11.68   49.28   12.62   62.768  16.864  99.97   -0.04	0.016	0.7482  0.7154  0.5316  0.6139  0.626   0.5891  0.5721  -0.341  0.2     0.3955  0.1139  0.9038  
94      1.4591  11.68   48.73   12.61   62.87   16.986  99.97   -0.07	0.016	0.7482  0.7154  0.5316  0.6139  0.6259  0.5892  0.5721  -0.341  0.2     0.3955  0.1139  0.9038  
94      1.4603  11.68   48.99   12.63   62.967  16.991  99.97   -0.06	0.016	0.7482  0.7154  0.5316  0.6139  0.6259  0.5891  0.5722  -0.341  0.2     0.3955  0.1139  0.9038  
94      1.4579  11.68   49.82   12.62   62.896  16.912  99.97   -6e-4	0.016	0.7482  0.7154  0.5316  0.6139  0.6259  0.5891  0.5721  -0.342  0.2     0.3955  0.1139  0.9038  
94      1.4581  11.68   49.83   12.62   62.9    16.918  99.97   -5e-5	0.016	0.7482  0.7154  0.5316  0.6139  0.6259  0.5891  0.5721  -0.341  0.2     0.3955  0.1139  0.9038  
94      1.457   11.68   49.91   12.62   62.868  16.88   99.97   6.e-3	0.016	0.7482  0.7154  0.5316  0.6139  0.6259  0.5891  0.5721  -0.341  0.2     0.3956  0.1139  0.9038  
94      1.4583  11.68   49.8    12.62   62.895  16.933  99.97   -2e-3	0.016	0.7482  0.7154  0.5316  0.6139  0.6259  0.5891  0.5721  -0.341  0.2     0.3955  0.1139  0.9038  
94      1.4573  11.68   50.4    12.62   62.916  16.872  99.97   0.038	0.016	0.7482  0.7154  0.5316  0.6139  0.6259  0.5891  0.5721  -0.341  0.2     0.3955  0.1139  0.904   
94-1                                                                          -0.238  0.0726  -0.135  3.0396  -1.407  -2.947  -2.288  -0.026  -2.e-3  0.2335  -0.084  1.5265  

94-2    1.4472  11.67   64.51   12.57   63.407  16.074  99.97   0.983	0.016	0.7481  0.7154  0.5316  0.6142  0.6258  0.5888  0.5719  -0.341  0.2     0.3956  0.1139  0.904   
94-3    1.4372  11.66   47.18   12.52   63.905  15.218  99.97   -1.06	0.016	0.7481  0.7154  0.5316  0.6145  0.6256  0.5885  0.5716  -0.341  0.2     0.3956  0.1139  0.9043  
95      1.4371  11.66   47.25   12.51   63.903  15.213  99.97   5.e-3	0.016	0.7482  0.7154  0.5316  0.6145  0.6256  0.5885  0.5716  -0.341  0.2     0.3956  0.1139  0.9043  
95      1.4388  11.66   47.14   12.52   63.958  15.271  99.97   -4e-3	0.016	0.7481  0.7156  0.5316  0.6145  0.6256  0.5885  0.5716  -0.341  0.2     0.3956  0.1139  0.9043  
95      1.4373  11.66   47.21   12.52   63.903  15.226  99.97   2.e-3	0.016	0.7481  0.7154  0.5317  0.6145  0.6256  0.5885  0.5716  -0.341  0.2     0.3956  0.1139  0.9043  
95      1.4358  11.66   46.42   12.5    64.027  15.056  99.97   -0.05	0.016	0.7481  0.7154  0.5316  0.6146  0.6256  0.5885  0.5716  -0.341  0.2     0.3956  0.1139  0.9043  
95      1.4345  11.66   47.59   12.52   63.771  15.165  99.97   0.03 	0.016	0.7481  0.7154  0.5316  0.6145  0.6257  0.5885  0.5716  -0.341  0.2     0.3956  0.1139  0.9043  
95      1.4382  11.66   48.03   12.51   63.88   15.288  99.97   0.058	0.016	0.7481  0.7154  0.5316  0.6145  0.6256  0.5886  0.5716  -0.341  0.2     0.3956  0.1139  0.9043  
95      1.4394  11.66   47.81   12.52   63.978  15.29   99.97   0.042	0.016	0.7481  0.7154  0.5316  0.6145  0.6256  0.5885  0.5717  -0.341  0.2     0.3956  0.1139  0.9043  
95      1.4371  11.66   47.18   12.52   63.905  15.214  99.97   2.e-5	0.016	0.7481  0.7154  0.5316  0.6145  0.6256  0.5885  0.5716  -0.342  0.2     0.3956  0.1139  0.9043  
95      1.4373  11.66   47.17   12.52   63.908  15.219  99.97   -7e-4	0.016	0.7481  0.7154  0.5316  0.6145  0.6256  0.5885  0.5716  -0.341  0.2     0.3956  0.1139  0.9043  
95      1.4361  11.66   47.09   12.52   63.875  15.182  99.97   -6e-3	0.016	0.7481  0.7154  0.5316  0.6145  0.6256  0.5885  0.5716  -0.341  0.2     0.3956  0.1139  0.9043  
95      1.4375  11.66   47.2    12.52   63.904  15.234  99.97   1.e-3	0.016	0.7481  0.7154  0.5316  0.6145  0.6256  0.5885  0.5716  -0.341  0.2     0.3956  0.1139  0.9043  
95      1.4366  11.66   46.78   12.52   63.924  15.172  99.97   -0.03	0.016	0.7481  0.7154  0.5316  0.6145  0.6256  0.5885  0.5716  -0.341  0.2     0.3956  0.1139  0.9044  
95-1                                                                          0.2557  -0.19   0.1065  -2.755  1.5684  3.0621  2.2168  1.2e-3  -0.039  -0.298  0.0669  -1.441  

95-2    1.4461  11.67   63.51   12.56   63.41   16.014  99.97   1.121	0.016	0.7481  0.7154  0.5316  0.6142  0.6258  0.5888  0.5718  -0.341  0.2     0.3955  0.1139  0.9041  
95-3    1.4558  11.68   50.16   12.61   62.905  16.803  99.97   -0.82	0.016	0.7482  0.7154  0.5316  0.6139  0.6259  0.5891  0.5721  -0.341  0.2     0.3955  0.1139  0.9038  
96      1.4557  11.68   50.07   12.61   62.903  16.799  99.97   -6e-3	0.016	0.7483  0.7154  0.5316  0.6139  0.6259  0.5891  0.5721  -0.341  0.2     0.3955  0.1139  0.9038  
96      1.4575  11.68   50.21   12.61   62.958  16.858  99.97   2.e-3	0.016	0.7482  0.7155  0.5316  0.6139  0.6259  0.5891  0.5721  -0.341  0.2     0.3955  0.1139  0.9038  
96      1.456   11.68   50.12   12.61   62.903  16.812  99.97   -3e-3	0.016	0.7482  0.7154  0.5317  0.6139  0.6259  0.5891  0.5721  -0.341  0.2     0.3955  0.1139  0.9038  
96      1.4542  11.68   51.38   12.59   63.035  16.648  99.97   0.082	0.016	0.7482  0.7154  0.5316  0.614   0.6259  0.5891  0.5721  -0.341  0.2     0.3955  0.1139  0.9038  
96      1.4533  11.68   49.59   12.61   62.776  16.751  99.97   -0.04	0.016	0.7482  0.7154  0.5316  0.6139  0.626   0.5891  0.5721  -0.341  0.2     0.3955  0.1139  0.9038  
96      1.457   11.68   49.03   12.6    62.88   16.873  99.97   -0.08	0.016	0.7482  0.7154  0.5316  0.6139  0.6259  0.5892  0.5721  -0.341  0.2     0.3955  0.1139  0.9038  
96      1.4581  11.68   49.32   12.62   62.976  16.876  99.97   -0.06	0.016	0.7482  0.7154  0.5316  0.6139  0.6259  0.5891  0.5721  -0.341  0.2     0.3955  0.1139  0.9038  
96      1.4558  11.68   50.16   12.61   62.905  16.8    99.97   2.e-5	0.016	0.7482  0.7154  0.5316  0.6139  0.6259  0.5891  0.5721  -0.342  0.2     0.3955  0.1139  0.9038  
96      1.4559  11.68   50.17   12.61   62.909  16.805  99.97   6.e-4	0.016	0.7482  0.7154  0.5316  0.6139  0.6259  0.5891  0.5721  -0.341  0.2     0.3955  0.1139  0.9038  
96      1.4548  11.68   50.25   12.61   62.877  16.767  99.97   7.e-3	0.016	0.7482  0.7154  0.5316  0.6139  0.6259  0.5891  0.5721  -0.341  0.2     0.3956  0.1139  0.9038  
96      1.4562  11.68   50.13   12.61   62.904  16.821  99.97   -2e-3	0.016	0.7482  0.7154  0.5316  0.6139  0.6259  0.5891  0.5721  -0.341  0.2     0.3955  0.1139  0.9038  
96      1.4552  11.68   50.76   12.61   62.925  16.759  99.97   0.04 	0.016	0.7482  0.7154  0.5316  0.6139  0.6259  0.5891  0.5721  -0.341  0.2     0.3955  0.1139  0.904   
96-1                                                                          -0.23   0.0952  -0.105  3.1353  -1.408  -2.917  -2.205  8.1e-4  0.0239  0.2508  -0.082  1.5484  

96-2    1.4451  11.67   62.79   12.56   63.432  15.951  99.97   0.843	0.016	0.7481  0.7154  0.5316  0.6142  0.6258  0.5888  0.5718  -0.341  0.2     0.3955  0.1139  0.9041  
96-3    1.4352  11.66   46.9    12.5    63.945  15.084  99.97   -0.99	0.016	0.7481  0.7154  0.5316  0.6145  0.6257  0.5885  0.5716  -0.341  0.2     0.3956  0.1139  0.9043  
97      1.4351  11.66   46.97   12.5    63.943  15.079  99.97   5.e-3	0.016	0.7482  0.7154  0.5316  0.6145  0.6257  0.5885  0.5716  -0.341  0.2     0.3956  0.1139  0.9043  
97      1.4369  11.66   46.87   12.5    63.998  15.136  99.97   -3e-3	0.016	0.7481  0.7155  0.5316  0.6145  0.6257  0.5885  0.5716  -0.341  0.2     0.3956  0.1139  0.9043  
97      1.4354  11.66   46.94   12.5    63.943  15.092  99.97   3.e-3	0.016	0.7481  0.7154  0.5317  0.6145  0.6257  0.5885  0.5716  -0.341  0.2     0.3956  0.1139  0.9043  
97      1.4338  11.66   46.15   12.49   64.069  14.919  99.97   -0.05	0.016	0.7481  0.7154  0.5316  0.6146  0.6257  0.5885  0.5716  -0.341  0.2     0.3956  0.1139  0.9043  
97      1.4325  11.66   47.3    12.51   63.811  15.031  99.97   0.029	0.016	0.7481  0.7154  0.5316  0.6145  0.6258  0.5885  0.5716  -0.341  0.2     0.3956  0.1139  0.9043  
97      1.4362  11.66   47.73   12.5    63.921  15.154  99.97   0.057	0.016	0.7481  0.7154  0.5316  0.6145  0.6257  0.5886  0.5716  -0.341  0.2     0.3956  0.1139  0.9043  
97      1.4375  11.66   47.51   12.51   64.019  15.155  99.97   0.041	0.016	0.7481  0.7154  0.5316  0.6145  0.6257  0.5885  0.5717  -0.341  0.2     0.3956  0.1139  0.9043  
97      1.4352  11.66   46.9    12.5    63.945  15.08   99.97   2.e-5	0.016	0.7481  0.7154  0.5316  0.6145  0.6257  0.5885  0.5716  -0.342  0.2     0.3956  0.1139  0.9043  
97      1.4353  11.66   46.9    12.5    63.949  15.085  99.97   -5e-5	0.016	0.7481  0.7154  0.5316  0.6145  0.6257  0.5885  0.5716  -0.341  0.2     0.3956  0.1139  0.9043  
97      1.4342  11.66   46.82   12.5    63.916  15.048  99.97   -5e-3	0.016	0.7481  0.7154  0.5316  0.6145  0.6257  0.5885  0.5716  -0.341  0.2     0.3956  0.1139  0.9043  
97      1.4355  11.66   46.93   12.5    63.945  15.101  99.97   2.e-3	0.016	0.7481  0.7154  0.5316  0.6145  0.6257  0.5885  0.5716  -0.341  0.2     0.3956  0.1139  0.9043  
97      1.4346  11.66   46.52   12.5    63.964  15.038  99.97   -0.03	0.016	0.7481  0.7154  0.5316  0.6145  0.6257  0.5885  0.5716  -0.341  0.2     0.3956  0.1139  0.9044  
97-1                                                                          0.2629  -0.157  0.1467  -2.795  1.5753  3.0732  2.2043  1.2e-3  -3.e-3  -0.269  0.1057  -1.406  

97-2    1.4441  11.67   62.08   12.55   63.448  15.889  99.97   1.044	0.016	0.7481  0.7154  0.5316  0.6143  0.6258  0.5888  0.5718  -0.341  0.2     0.3955  0.1139  0.9041  
97-3    1.4539  11.68   50.53   12.6    62.944  16.686  99.97   -0.71	0.016	0.7482  0.7154  0.5316  0.614   0.626   0.5891  0.5721  -0.341  0.2     0.3955  0.1139  0.9039  
98      1.4538  11.68   50.43   12.6    62.942  16.681  99.97   -7e-3	0.016	0.7483  0.7154  0.5316  0.614   0.626   0.5891  0.5721  -0.341  0.2     0.3955  0.1139  0.9039  
98      1.4556  11.68   50.58   12.6    62.996  16.74   99.97   2.e-3	0.016	0.7482  0.7155  0.5316  0.614   0.626   0.5891  0.5721  -0.341  0.2     0.3955  0.1139  0.9039  
98      1.454   11.68   50.48   12.6    62.942  16.694  99.97   -3e-3	0.016	0.7482  0.7154  0.5317  0.614   0.626   0.5891  0.5721  -0.341  0.2     0.3955  0.1139  0.9039  
98      1.4523  11.68   51.78   12.58   63.072  16.532  99.97   0.084	0.016	0.7482  0.7154  0.5316  0.6141  0.626   0.5891  0.5721  -0.341  0.2     0.3955  0.1139  0.9039  
98      1.4514  11.68   49.93   12.6    62.815  16.633  99.97   -0.04	0.016	0.7482  0.7154  0.5316  0.614   0.6261  0.5891  0.5721  -0.341  0.2     0.3955  0.1139  0.9039  
98      1.455   11.68   49.35   12.59   62.919  16.756  99.97   -0.08	0.016	0.7482  0.7154  0.5316  0.614   0.626   0.5892  0.5721  -0.341  0.2     0.3955  0.1139  0.9039  
98      1.4562  11.68   49.64   12.6    63.015  16.759  99.97   -0.06	0.016	0.7482  0.7154  0.5316  0.614   0.626   0.5891  0.5721  -0.341  0.2     0.3955  0.1139  0.9039  
98      1.4538  11.68   50.52   12.6    62.944  16.682  99.97   -6e-4	0.016	0.7482  0.7154  0.5316  0.614   0.626   0.5891  0.5721  -0.342  0.2     0.3955  0.1139  0.9039  
98      1.454   11.68   50.53   12.6    62.948  16.687  99.97   -5e-5	0.016	0.7482  0.7154  0.5316  0.614   0.626   0.5891  0.5721  -0.341  0.2     0.3955  0.1139  0.9039  
98      1.4529  11.68   50.62   12.6    62.916  16.65   99.97   7.e-3	0.016	0.7482  0.7154  0.5316  0.614   0.626   0.5891  0.5721  -0.341  0.2     0.3956  0.1139  0.9039  
98      1.4542  11.68   50.49   12.6    62.943  16.702  99.97   -3e-3	0.016	0.7482  0.7154  0.5316  0.614   0.626   0.5891  0.5721  -0.341  0.2     0.3955  0.1139  0.9039  
98      1.4532  11.68   51.14   12.6    62.964  16.641  99.97   0.041	0.016	0.7482  0.7154  0.5316  0.614   0.626   0.5891  0.5721  -0.341  0.2     0.3955  0.1139  0.904   
98-1                                                                          -0.245  0.0917  -0.125  3.08    -1.423  -2.92   -2.237  -0.024  -2.e-3  0.2405  -0.103  1.5092  

98-2    1.4433  11.67   61.63   12.55   63.457  15.839  99.97   0.739	0.016	0.7482  0.7154  0.5316  0.6143  0.6258  0.5888  0.5718  -0.341  0.2     0.3955  0.1139  0.9041  
98-3    1.4335  11.66   46.71   12.49   63.961  14.978  99.97   -0.93	0.016	0.7481  0.7154  0.5316  0.6146  0.6257  0.5886  0.5716  -0.341  0.2     0.3956  0.1139  0.9043  
99      1.4334  11.66   46.78   12.49   63.959  14.973  99.97   5.e-3	0.016	0.7482  0.7154  0.5316  0.6146  0.6257  0.5886  0.5716  -0.341  0.2     0.3956  0.1139  0.9043  
99      1.4351  11.66   46.68   12.49   64.014  15.03   99.97   -3e-3	0.016	0.7481  0.7155  0.5316  0.6146  0.6257  0.5886  0.5716  -0.341  0.2     0.3956  0.1139  0.9043  
99      1.4336  11.66   46.75   12.49   63.959  14.987  99.97   3.e-3	0.016	0.7481  0.7154  0.5317  0.6146  0.6257  0.5886  0.5716  -0.341  0.2     0.3956  0.1139  0.9043  
99      1.4321  11.66   45.98   12.48   64.084  14.812  99.97   -0.05	0.016	0.7481  0.7154  0.5316  0.6147  0.6257  0.5886  0.5716  -0.341  0.2     0.3956  0.1139  0.9043  
99      1.4308  11.66   47.11   12.5    63.826  14.925  99.97   0.029	0.016	0.7481  0.7154  0.5316  0.6146  0.6258  0.5886  0.5716  -0.341  0.2     0.3956  0.1139  0.9043  
99      1.4345  11.66   47.53   12.49   63.938  15.049  99.97   0.056	0.016	0.7481  0.7154  0.5316  0.6146  0.6257  0.5887  0.5716  -0.341  0.2     0.3956  0.1139  0.9043  
99      1.4358  11.66   47.31   12.5    64.035  15.049  99.97   0.04 	0.016	0.7481  0.7154  0.5316  0.6146  0.6257  0.5886  0.5717  -0.341  0.2     0.3956  0.1139  0.9043  
99      1.4334  11.66   46.72   12.49   63.961  14.975  99.97   7.e-4	0.016	0.7481  0.7154  0.5316  0.6146  0.6257  0.5886  0.5716  -0.342  0.2     0.3956  0.1139  0.9043  
99      1.4336  11.66   46.71   12.49   63.965  14.979  99.97   -5e-5	0.016	0.7481  0.7154  0.5316  0.6146  0.6257  0.5886  0.5716  -0.341  0.2     0.3956  0.1139  0.9043  
99      1.4325  11.66   46.64   12.49   63.931  14.942  99.97   -4e-3	0.016	0.7481  0.7154  0.5316  0.6146  0.6257  0.5886  0.5716  -0.341  0.2     0.3956  0.1139  0.9043  
99      1.4338  11.66   46.74   12.49   63.961  14.996  99.97   2.e-3	0.016	0.7481  0.7154  0.5316  0.6146  0.6257  0.5886  0.5716  -0.341  0.2     0.3956  0.1139  0.9043  
99      1.4329  11.66   46.34   12.49   63.98   14.932  99.97   -0.03	0.016	0.7481  0.7154  0.5316  0.6146  0.6257  0.5886  0.5716  -0.341  0.2     0.3956  0.1139  0.9045  
99-1                                                                          0.267   -0.16   0.149   -2.763  1.6002  3.0837  2.2013  0.039   -3.e-3  -0.236  0.1073  -1.391  

99-2    1.4423  11.67   61.1    12.54   63.465  15.781  99.97   0.991	0.016	0.7482  0.7154  0.5316  0.6143  0.6258  0.5888  0.5718  -0.341  0.2     0.3955  0.1139  0.9041  
99-3    1.4517  11.68   50.85   12.59   62.962  16.568  99.97   -0.64	0.016	0.7482  0.7154  0.5316  0.614   0.626   0.5891  0.572   -0.341  0.2     0.3955  0.1139  0.9039  
100     1.4516  11.68   50.75   12.59   62.96   16.564  99.97   -7e-3	0.016	0.7483  0.7154  0.5316  0.614   0.626   0.5891  0.572   -0.341  0.2     0.3955  0.1139  0.9039  
100     1.4534  11.68   50.9    12.59   63.015  16.623  99.97   2.e-3	0.016	0.7482  0.7155  0.5316  0.614   0.626   0.5891  0.572   -0.341  0.2     0.3955  0.1139  0.9039  
100     1.4519  11.68   50.8    12.59   62.96   16.577  99.97   -3e-3	0.016	0.7482  0.7154  0.5317  0.614   0.626   0.5891  0.572   -0.341  0.2     0.3955  0.1139  0.9039  
100     1.4501  11.68   52.15   12.57   63.089  16.414  99.97   0.087	0.016	0.7482  0.7154  0.5316  0.6141  0.626   0.5891  0.572   -0.341  0.2     0.3955  0.1139  0.9039  
100     1.4492  11.68   50.23   12.59   62.832  16.516  99.97   -0.04	0.016	0.7482  0.7154  0.5316  0.614   0.6261  0.5891  0.572   -0.341  0.2     0.3955  0.1139  0.9039  
100     1.4529  11.68   49.61   12.58   62.937  16.64   99.97   -0.08	0.016	0.7482  0.7154  0.5316  0.614   0.626   0.5892  0.572   -0.341  0.2     0.3955  0.1139  0.9039  
100     1.454   11.68   49.92   12.59   63.034  16.642  99.97   -0.06	0.016	0.7482  0.7154  0.5316  0.614   0.626   0.5891  0.5721  -0.341  0.2     0.3955  0.1139  0.9039  
100     1.4517  11.68   50.84   12.59   62.962  16.565  99.97   -6e-4	0.016	0.7482  0.7154  0.5316  0.614   0.626   0.5891  0.572   -0.342  0.2     0.3955  0.1139  0.9039  
100     1.4518  11.68   50.85   12.59   62.965  16.57   99.97   -5e-5	0.016	0.7482  0.7154  0.5316  0.614   0.626   0.5891  0.572   -0.341  0.2     0.3955  0.1139  0.9039  
100     1.4507  11.68   50.94   12.59   62.934  16.532  99.97   7.e-3	0.016	0.7482  0.7154  0.5316  0.614   0.626   0.5891  0.572   -0.341  0.2     0.3956  0.1139  0.9039  
100     1.4521  11.68   50.81   12.59   62.96   16.586  99.97   -3e-3	0.016	0.7482  0.7154  0.5316  0.614   0.626   0.5891  0.572   -0.341  0.2     0.3955  0.1139  0.9039  
100     1.4511  11.68   51.49   12.59   62.981  16.523  99.97   0.043	0.016	0.7482  0.7154  0.5316  0.614   0.626   0.5891  0.572   -0.341  0.2     0.3955  0.1139  0.9041  
100-1                                                                         -0.235  0.0877  -0.12   3.0768  -1.414  -2.947  -2.244  -0.023  -2.e-3  0.2311  -0.099  1.5207  

100-2   1.4411  11.67   60.41   12.53   63.471  15.717  99.97   0.635	0.016	0.7482  0.7154  0.5316  0.6143  0.6259  0.5889  0.5718  -0.341  0.2     0.3955  0.1139  0.9041  
100-3   1.4313  11.66   46.47   12.48   63.971  14.85   99.97   -0.88	0.016	0.7481  0.7154  0.5316  0.6147  0.6257  0.5886  0.5716  -0.341  0.2     0.3956  0.1139  0.9044  
101     1.4312  11.66   46.53   12.48   63.969  14.845  99.97   4.e-3	0.016	0.7483  0.7154  0.5316  0.6147  0.6257  0.5886  0.5716  -0.341  0.2     0.3956  0.1139  0.9044  
101     1.433   11.66   46.43   12.48   64.024  14.903  99.97   -4e-3	0.016	0.7481  0.7155  0.5316  0.6147  0.6257  0.5886  0.5716  -0.341  0.2     0.3956  0.1139  0.9044  
101     1.4314  11.66   46.5    12.48   63.969  14.858  99.97   2.e-3	0.016	0.7481  0.7154  0.5317  0.6147  0.6257  0.5886  0.5716  -0.341  0.2     0.3956  0.1139  0.9044  
101     1.4299  11.66   45.76   12.47   64.091  14.686  99.97   -0.05	0.016	0.7481  0.7154  0.5316  0.6147  0.6257  0.5886  0.5716  -0.341  0.2     0.3956  0.1139  0.9044  
101     1.4286  11.66   46.85   12.49   63.835  14.798  99.97   0.028	0.016	0.7481  0.7154  0.5316  0.6147  0.6258  0.5886  0.5716  -0.341  0.2     0.3956  0.1139  0.9044  
101     1.4323  11.66   47.26   12.47   63.947  14.921  99.97   0.054	0.016	0.7481  0.7154  0.5316  0.6147  0.6257  0.5887  0.5716  -0.341  0.2     0.3956  0.1139  0.9044  
101     1.4336  11.66   47.05   12.49   64.045  14.921  99.97   0.039	0.016	0.7481  0.7154  0.5316  0.6147  0.6257  0.5886  0.5717  -0.341  0.2     0.3956  0.1139  0.9044  
101     1.4312  11.66   46.47   12.48   63.97   14.847  99.97   2.e-5	0.016	0.7481  0.7154  0.5316  0.6147  0.6257  0.5886  0.5716  -0.342  0.2     0.3956  0.1139  0.9044  
101     1.4314  11.66   46.46   12.48   63.974  14.851  99.97   -7e-4	0.016	0.7481  0.7154  0.5316  0.6147  0.6257  0.5886  0.5716  -0.341  0.2     0.3956  0.1139  0.9044  
101     1.4302  11.66   46.39   12.48   63.94   14.814  99.97   -5e-3	0.016	0.7481  0.7154  0.5316  0.6147  0.6257  0.5886  0.5716  -0.341  0.2     0.3956  0.1139  0.9044  
101     1.4316  11.66   46.49   12.48   63.97   14.867  99.97   1.e-3	0.016	0.7481  0.7154  0.5316  0.6147  0.6257  0.5886  0.5716  -0.341  0.2     0.3956  0.1139  0.9044  
101     1.4307  11.66   46.11   12.48   63.989  14.804  99.97   -0.02	0.016	0.7481  0.7154  0.5316  0.6147  0.6257  0.5886  0.5716  -0.341  0.2     0.3956  0.1139  0.9045  
101-1                                                                         0.2374  -0.205  0.1153  -2.784  1.5795  3.0768  2.202   1.3e-3  -0.042  -0.283  0.0724  -1.402  

101-2   1.4401  11.67   59.93   12.53   63.478  15.658  99.97   0.929	0.016	0.7482  0.7154  0.5316  0.6144  0.6259  0.5889  0.5718  -0.341  0.2     0.3955  0.1139  0.9042  
101-3   1.4496  11.68   51.19   12.58   62.973  16.454  99.97   -0.55	0.016	0.7482  0.7153  0.5316  0.6141  0.626   0.5892  0.572   -0.341  0.2     0.3955  0.1139  0.904   
102     1.4495  11.68   51.09   12.57   62.972  16.449  99.97   -7e-3	0.016	0.7483  0.7153  0.5316  0.6141  0.626   0.5892  0.572   -0.341  0.2     0.3955  0.1139  0.904   
102     1.4513  11.68   51.24   12.58   63.026  16.508  99.97   2.e-3	0.016	0.7482  0.7155  0.5316  0.6141  0.626   0.5892  0.572   -0.341  0.2     0.3955  0.1139  0.904   
102     1.4497  11.68   51.14   12.58   62.972  16.462  99.97   -3e-3	0.016	0.7482  0.7153  0.5317  0.6141  0.626   0.5892  0.572   -0.341  0.2     0.3955  0.1139  0.904   
102     1.448   11.68   52.56   12.56   63.1    16.298  99.97   0.091	0.016	0.7482  0.7153  0.5316  0.6142  0.626   0.5892  0.572   -0.341  0.2     0.3955  0.1139  0.904   
102     1.447   11.68   50.55   12.58   62.843  16.401  99.97   -0.04	0.016	0.7482  0.7153  0.5316  0.6141  0.6261  0.5892  0.572   -0.341  0.2     0.3955  0.1139  0.904   
102     1.4507  11.68   49.92   12.57   62.949  16.524  99.97   -0.08	0.016	0.7482  0.7153  0.5316  0.6141  0.626   0.5893  0.572   -0.341  0.2     0.3955  0.1139  0.904   
102     1.4519  11.68   50.23   12.58   63.046  16.527  99.97   -0.07	0.016	0.7482  0.7153  0.5316  0.6141  0.626   0.5892  0.5721  -0.341  0.2     0.3955  0.1139  0.904   
102     1.4495  11.68   51.19   12.58   62.974  16.45   99.97   2.e-5	0.016	0.7482  0.7153  0.5316  0.6141  0.626   0.5892  0.572   -0.342  0.2     0.3955  0.1139  0.904   
102     1.4496  11.68   51.2    12.58   62.977  16.455  99.97   6.e-4	0.016	0.7482  0.7153  0.5316  0.6141  0.626   0.5892  0.572   -0.341  0.2     0.3955  0.1139  0.904   
102     1.4485  11.68   51.28   12.58   62.945  16.418  99.97   6.e-3	0.016	0.7482  0.7153  0.5316  0.6141  0.626   0.5892  0.572   -0.341  0.2     0.3956  0.1139  0.904   
102     1.4499  11.68   51.15   12.58   62.972  16.471  99.97   -3e-3	0.016	0.7482  0.7153  0.5316  0.6141  0.626   0.5892  0.572   -0.341  0.2     0.3955  0.1139  0.904   
102     1.4489  11.68   51.87   12.58   62.993  16.408  99.97   0.045	0.016	0.7482  0.7153  0.5316  0.6141  0.626   0.5892  0.572   -0.341  0.2     0.3955  0.1139  0.9041  
102-1                                                                         -0.227  0.0847  -0.116  3.1257  -1.408  -2.909  -2.232  7.3e-4  0.0213  0.2228  -0.095  1.5573  

102-2   1.4389  11.67   59.31   12.52   63.489  15.592  99.97   0.537	0.016	0.7482  0.7154  0.5316  0.6144  0.6259  0.5889  0.5718  -0.341  0.2     0.3955  0.1139  0.9042  
102-3   1.4291  11.66   46.21   12.47   63.992  14.714  99.97   -0.83	0.016	0.7481  0.7154  0.5316  0.6147  0.6258  0.5886  0.5716  -0.341  0.2     0.3955  0.1139  0.9044  
103     1.429   11.66   46.27   12.47   63.99   14.709  99.97   4.e-3	0.016	0.7483  0.7154  0.5316  0.6147  0.6258  0.5886  0.5716  -0.341  0.2     0.3955  0.1139  0.9044  
103     1.4308  11.66   46.17   12.47   64.044  14.766  99.97   -4e-3	0.016	0.7481  0.7155  0.5316  0.6147  0.6258  0.5886  0.5716  -0.341  0.2     0.3955  0.1139  0.9044  
103     1.4292  11.66   46.24   12.47   63.99   14.723  99.97   2.e-3	0.016	0.7481  0.7154  0.5317  0.6147  0.6258  0.5886  0.5716  -0.341  0.2     0.3955  0.1139  0.9044  
103     1.4277  11.66   45.52   12.46   64.111  14.549  99.97   -0.05	0.016	0.7481  0.7154  0.5316  0.6148  0.6258  0.5886  0.5716  -0.341  0.2     0.3955  0.1139  0.9044  
103     1.4264  11.66   46.58   12.48   63.856  14.662  99.97   0.027	0.016	0.7481  0.7154  0.5316  0.6147  0.6259  0.5886  0.5716  -0.341  0.2     0.3955  0.1139  0.9044  
103     1.4301  11.66   46.97   12.46   63.969  14.785  99.97   0.052	0.016	0.7481  0.7154  0.5316  0.6147  0.6258  0.5887  0.5716  -0.341  0.2     0.3955  0.1139  0.9044  
103     1.4314  11.66   46.77   12.48   64.067  14.785  99.97   0.037	0.016	0.7481  0.7154  0.5316  0.6147  0.6258  0.5886  0.5717  -0.341  0.2     0.3955  0.1139  0.9044  
103     1.4291  11.66   46.21   12.47   63.992  14.711  99.97   2.e-5	0.016	0.7481  0.7154  0.5316  0.6147  0.6258  0.5886  0.5716  -0.342  0.2     0.3955  0.1139  0.9044  
103     1.4292  11.66   46.2    12.47   63.996  14.716  99.97   -7e-4	0.016	0.7481  0.7154  0.5316  0.6147  0.6258  0.5886  0.5716  -0.341  0.2     0.3955  0.1139  0.9044  
103     1.4281  11.66   46.13   12.47   63.962  14.678  99.97   -5e-3	0.016	0.7481  0.7154  0.5316  0.6147  0.6258  0.5886  0.5716  -0.341  0.2     0.3956  0.1139  0.9044  
103     1.4294  11.66   46.23   12.47   63.991  14.731  99.97   1.e-3	0.016	0.7481  0.7154  0.5316  0.6147  0.6258  0.5886  0.5716  -0.341  0.2     0.3955  0.1139  0.9044  
103     1.4285  11.66   45.86   12.47   64.01   14.668  99.97   -0.02	0.016	0.7481  0.7154  0.5316  0.6147  0.6258  0.5886  0.5716  -0.341  0.2     0.3955  0.1139  0.9046  
103-1                                                                         0.2446  -0.21   0.1188  -2.787  1.5872  3.049   2.1881  1.3e-3  -0.043  -0.292  0.0746  -1.404  

103-2   1.4378  11.67   58.74   12.52   63.498  15.525  99.97   0.867	0.016	0.7482  0.7153  0.5316  0.6144  0.6259  0.5889  0.5718  -0.341  0.2     0.3955  0.1139  0.9042  
103-3   1.4472  11.68   51.69   12.57   62.996  16.321  99.97   -0.44	0.016	0.7482  0.7153  0.5316  0.6142  0.6261  0.5892  0.572   -0.341  0.2     0.3955  0.1139  0.904   
104     1.4471  11.68   51.58   12.56   62.994  16.317  99.97   -7e-3	0.016	0.7483  0.7153  0.5316  0.6142  0.6261  0.5892  0.572   -0.341  0.2     0.3955  0.1139  0.904   
104     1.4489  11.68   51.75   12.57   63.048  16.375  99.97   3.e-3	0.016	0.7482  0.7154  0.5316  0.6142  0.6261  0.5892  0.572   -0.341  0.2     0.3955  0.1139  0.904   
104     1.4474  11.68   51.63   12.57   62.994  16.33   99.97   -4e-3	0.016	0.7482  0.7153  0.5317  0.6142  0.6261  0.5892  0.572   -0.341  0.2     0.3955  0.1139  0.904   
104     1.4456  11.68   53.17   12.55   63.124  16.163  99.97   0.098	0.016	0.7482  0.7153  0.5316  0.6143  0.6261  0.5892  0.572   -0.341  0.2     0.3955  0.1139  0.904   
104     1.4447  11.68   51.01   12.57   62.865  16.269  99.97   -0.04	0.016	0.7482  0.7153  0.5316  0.6142  0.6262  0.5892  0.572   -0.341  0.2     0.3955  0.1139  0.904   
104     1.4483  11.68   50.35   12.56   62.972  16.392  99.97   -0.09	0.016	0.7482  0.7153  0.5316  0.6142  0.6261  0.5893  0.572   -0.341  0.2     0.3955  0.1139  0.904   
104     1.4495  11.68   50.67   12.57   63.069  16.394  99.97   -0.07	0.016	0.7482  0.7153  0.5316  0.6142  0.6261  0.5892  0.5721  -0.341  0.2     0.3955  0.1139  0.904   
104     1.4471  11.68   51.69   12.57   62.996  16.318  99.97   2.e-5	0.016	0.7482  0.7153  0.5316  0.6142  0.6261  0.5892  0.572   -0.342  0.2     0.3955  0.1139  0.904   
104     1.4473  11.68   51.7    12.57   63      16.323  99.97   6.e-4	0.016	0.7482  0.7153  0.5316  0.6142  0.6261  0.5892  0.572   -0.341  0.2     0.3955  0.1139  0.904   
104     1.4462  11.68   51.79   12.57   62.968  16.286  99.97   7.e-3	0.016	0.7482  0.7153  0.5316  0.6142  0.6261  0.5892  0.572   -0.341  0.2     0.3956  0.1139  0.904   
104     1.4475  11.68   51.65   12.57   62.995  16.338  99.97   -3e-3	0.016	0.7482  0.7153  0.5316  0.6142  0.6261  0.5892  0.572   -0.341  0.2     0.3955  0.1139  0.904   
104     1.4465  11.68   52.41   12.57   63.016  16.276  99.97   0.048	0.016	0.7482  0.7153  0.5316  0.6142  0.6261  0.5892  0.572   -0.341  0.2     0.3955  0.1139  0.9041  
104-1                                                                         -0.234  0.1007  -0.13   3.1605  -1.403  -2.872  -2.217  7.1e-4  0.0199  0.23    -0.089  1.543   

104-2   1.4366  11.67   58.2    12.51   63.514  15.453  99.97   0.429	0.016	0.7482  0.7153  0.5316  0.6145  0.6259  0.5889  0.5718  -0.341  0.2     0.3955  0.1139  0.9042  
104-3   1.4269  11.66   45.96   12.46   64.015  14.573  99.97   -0.78	0.016	0.7481  0.7153  0.5316  0.6148  0.6258  0.5886  0.5716  -0.341  0.2     0.3955  0.1139  0.9044  
105     1.4268  11.66   46.02   12.46   64.013  14.568  99.97   4.e-3	0.016	0.7483  0.7153  0.5316  0.6148  0.6258  0.5886  0.5716  -0.341  0.2     0.3955  0.1139  0.9044  
105     1.4285  11.66   45.93   12.46   64.068  14.625  99.97   -3e-3	0.016	0.7481  0.7155  0.5316  0.6148  0.6258  0.5886  0.5716  -0.341  0.2     0.3955  0.1139  0.9044  
105     1.427   11.66   45.99   12.46   64.013  14.581  99.97   2.e-3	0.016	0.7481  0.7153  0.5317  0.6148  0.6258  0.5886  0.5716  -0.341  0.2     0.3955  0.1139  0.9044  
105     1.4255  11.66   45.3    12.44   64.134  14.407  99.97   -0.05	0.016	0.7481  0.7153  0.5316  0.6149  0.6258  0.5886  0.5716  -0.341  0.2     0.3955  0.1139  0.9044  
105     1.4241  11.66   46.32   12.46   63.878  14.521  99.97   0.026	0.016	0.7481  0.7153  0.5316  0.6148  0.6259  0.5886  0.5716  -0.341  0.2     0.3955  0.1139  0.9044  
105     1.4279  11.66   46.71   12.45   63.992  14.644  99.97   0.051	0.016	0.7481  0.7153  0.5316  0.6148  0.6258  0.5887  0.5716  -0.341  0.2     0.3955  0.1139  0.9044  
105     1.4291  11.66   46.51   12.46   64.09   14.643  99.97   0.037	0.016	0.7481  0.7153  0.5316  0.6148  0.6258  0.5886  0.5717  -0.341  0.2     0.3955  0.1139  0.9044  
105     1.4268  11.66   45.97   12.46   64.015  14.569  99.97   7.e-4	0.016	0.7481  0.7153  0.5316  0.6148  0.6258  0.5886  0.5716  -0.342  0.2     0.3955  0.1139  0.9044  
105     1.427   11.66   45.96   12.46   64.019  14.574  99.97   -5e-5	0.016	0.7481  0.7153  0.5316  0.6148  0.6258  0.5886  0.5716  -0.341  0.2     0.3955  0.1139  0.9044  
105     1.4258  11.66   45.89   12.46   63.985  14.537  99.97   -4e-3	0.016	0.7481  0.7153  0.5316  0.6148  0.6258  0.5886  0.5716  -0.341  0.2     0.3956  0.1139  0.9044  
105     1.4272  11.66   45.99   12.46   64.014  14.591  99.97   2.e-3	0.016	0.7481  0.7153  0.5316  0.6148  0.6258  0.5886  0.5716  -0.341  0.2     0.3955  0.1139  0.9044  
105     1.4263  11.66   45.62   12.46   64.033  14.526  99.97   -0.02	0.016	0.7481  0.7153  0.5316  0.6148  0.6258  0.5886  0.5716  -0.341  0.2     0.3955  0.1139  0.9046  
105-1                                                                         0.2513  -0.175  0.122   -2.74   1.5898  3.0917  2.2074  0.0427  -3.e-3  -0.259  0.1177  -1.401  

105-2   1.4355  11.67   57.76   12.5    63.532  15.382  99.97   0.818	0.016	0.7482  0.7153  0.5316  0.6145  0.6259  0.5889  0.5718  -0.341  0.2     0.3955  0.1139  0.9042  
105-3   1.445   11.68   52.16   12.55   63.043  16.18   99.97   -0.35	0.016	0.7482  0.7153  0.5316  0.6143  0.6261  0.5892  0.572   -0.341  0.2     0.3955  0.1139  0.904   
106     1.4449  11.68   52.05   12.55   63.041  16.175  99.97   -7e-3	0.016	0.7483  0.7153  0.5316  0.6143  0.6261  0.5892  0.572   -0.341  0.2     0.3955  0.1139  0.904   
106     1.4466  11.68   52.22   12.55   63.096  16.234  99.97   3.e-3	0.016	0.7482  0.7154  0.5316  0.6143  0.6261  0.5892  0.572   -0.341  0.2     0.3955  0.1139  0.904   
106     1.4451  11.68   52.1    12.55   63.041  16.188  99.97   -4e-3	0.016	0.7482  0.7153  0.5317  0.6143  0.6261  0.5892  0.572   -0.341  0.2     0.3955  0.1139  0.904   
106     1.4434  11.68   53.71   12.54   63.169  16.022  99.97   0.102	0.016	0.7482  0.7153  0.5316  0.6144  0.6261  0.5892  0.572   -0.341  0.2     0.3955  0.1139  0.904   
106     1.4424  11.68   51.44   12.55   62.912  16.127  99.97   -0.05	0.016	0.7482  0.7153  0.5316  0.6143  0.6262  0.5892  0.572   -0.341  0.2     0.3955  0.1139  0.904   
106     1.4461  11.68   50.75   12.54   63.02   16.251  99.97   -0.09	0.016	0.7482  0.7153  0.5316  0.6143  0.6261  0.5893  0.572   -0.341  0.2     0.3955  0.1139  0.904   
106     1.4473  11.68   51.08   12.56   63.117  16.252  99.97   -0.07	0.016	0.7482  0.7153  0.5316  0.6143  0.6261  0.5892  0.5721  -0.341  0.2     0.3955  0.1139  0.904   
106     1.4449  11.68   52.16   12.55   63.043  16.176  99.97   3.e-5	0.016	0.7482  0.7153  0.5316  0.6143  0.6261  0.5892  0.572   -0.342  0.2     0.3955  0.1139  0.904   
106     1.445   11.68   52.17   12.55   63.047  16.181  99.97   6.e-4	0.016	0.7482  0.7153  0.5316  0.6143  0.6261  0.5892  0.572   -0.341  0.2     0.3955  0.1139  0.904   
106     1.4439  11.68   52.27   12.55   63.015  16.144  99.97   8.e-3	0.016	0.7482  0.7153  0.5316  0.6143  0.6261  0.5892  0.572   -0.341  0.2     0.3956  0.1139  0.904   
106     1.4453  11.68   52.12   12.55   63.042  16.196  99.97   -3e-3	0.016	0.7482  0.7153  0.5316  0.6143  0.6261  0.5892  0.572   -0.341  0.2     0.3955  0.1139  0.904   
106     1.4443  11.68   52.92   12.55   63.063  16.134  99.97   0.05 	0.016	0.7482  0.7153  0.5316  0.6143  0.6261  0.5892  0.572   -0.341  0.2     0.3955  0.1139  0.9042  
106-1                                                                         -0.222  0.0957  -0.123  3.1476  -1.415  -2.874  -2.231  8.e-4   0.0189  0.2391  -0.085  1.5485  

106-2   1.4345  11.67   57.34   12.5    63.553  15.313  99.97   0.339	0.016	0.7482  0.7153  0.5316  0.6146  0.626   0.589   0.5718  -0.341  0.2     0.3955  0.1139  0.9043  
106-3   1.4248  11.66   45.72   12.44   64.051  14.429  99.97   -0.75	0.016	0.7481  0.7153  0.5316  0.6149  0.6258  0.5887  0.5716  -0.341  0.2     0.3955  0.1139  0.9045  
107     1.4247  11.66   45.78   12.44   64.049  14.425  99.97   4.e-3	0.016	0.7483  0.7153  0.5316  0.6149  0.6258  0.5887  0.5716  -0.341  0.2     0.3955  0.1139  0.9045  
107     1.4264  11.66   45.69   12.44   64.104  14.481  99.97   -3e-3	0.016	0.7481  0.7154  0.5316  0.6149  0.6258  0.5887  0.5716  -0.341  0.2     0.3955  0.1139  0.9045  
107     1.4249  11.66   45.75   12.44   64.049  14.438  99.97   2.e-3	0.016	0.7481  0.7153  0.5317  0.6149  0.6258  0.5887  0.5716  -0.341  0.2     0.3955  0.1139  0.9045  
107     1.4234  11.65   45.06   12.42   64.169  14.262  99.97   -0.05	0.016	0.7481  0.7153  0.5316  0.615   0.6258  0.5887  0.5716  -0.341  0.2     0.3955  0.1139  0.9045  
107     1.422   11.66   46.08   12.45   63.912  14.376  99.97   0.027	0.016	0.7481  0.7153  0.5316  0.6149  0.6259  0.5887  0.5716  -0.341  0.2     0.3955  0.1139  0.9045  
107     1.4258  11.66   46.45   12.43   64.029  14.501  99.97   0.05 	0.016	0.7481  0.7153  0.5316  0.6149  0.6258  0.5888  0.5716  -0.341  0.2     0.3955  0.1139  0.9045  
107     1.4271  11.66   46.25   12.45   64.126  14.499  99.97   0.035	0.016	0.7481  0.7153  0.5316  0.6149  0.6258  0.5887  0.5717  -0.341  0.2     0.3955  0.1139  0.9045  
107     1.4247  11.66   45.73   12.44   64.051  14.425  99.97   7.e-4	0.016	0.7481  0.7153  0.5316  0.6149  0.6258  0.5887  0.5716  -0.342  0.2     0.3955  0.1139  0.9045  
107     1.4249  11.66   45.72   12.44   64.055  14.43   99.97   -5e-5	0.016	0.7481  0.7153  0.5316  0.6149  0.6258  0.5887  0.5716  -0.341  0.2     0.3955  0.1139  0.9045  
107     1.4238  11.66   45.65   12.44   64.02   14.393  99.97   -4e-3	0.016	0.7481  0.7153  0.5316  0.6149  0.6258  0.5887  0.5716  -0.341  0.2     0.3956  0.1139  0.9045  
107     1.4251  11.66   45.74   12.44   64.051  14.446  99.97   1.e-3	0.016	0.7481  0.7153  0.5316  0.6149  0.6258  0.5887  0.5716  -0.341  0.2     0.3955  0.1139  0.9045  
107     1.4242  11.66   45.39   12.44   64.069  14.382  99.97   -0.02	0.016	0.7481  0.7153  0.5316  0.6149  0.6258  0.5887  0.5716  -0.341  0.2     0.3955  0.1139  0.9046  
107-1                                                                         0.2508  -0.174  0.1218  -3.005  1.5885  3.0028  2.1204  0.0429  -3.e-3  -0.258  0.0765  -1.357  

107-2   1.4334  11.67   57.07   12.49   63.534  15.268  99.97   0.788	0.016	0.7482  0.7153  0.5316  0.6146  0.626   0.589   0.5718  -0.341  0.2     0.3955  0.1139  0.9043  
107-3   1.4428  11.68   52.41   12.54   63.01   16.092  99.97   -0.29	0.016	0.7482  0.7153  0.5316  0.6143  0.6261  0.5893  0.572   -0.341  0.2     0.3955  0.1139  0.9041  
108     1.4427  11.68   52.3    12.54   63.009  16.087  99.97   -7e-3	0.016	0.7483  0.7153  0.5316  0.6143  0.6261  0.5893  0.572   -0.341  0.2     0.3955  0.1139  0.9041  
108     1.4445  11.68   52.47   12.54   63.063  16.145  99.97   3.e-3	0.016	0.7482  0.7154  0.5316  0.6143  0.6261  0.5893  0.572   -0.341  0.2     0.3955  0.1139  0.9041  
108     1.443   11.68   52.35   12.54   63.008  16.1    99.97   -4e-3	0.016	0.7482  0.7153  0.5317  0.6143  0.6261  0.5893  0.572   -0.341  0.2     0.3955  0.1139  0.9041  
108     1.4412  11.67   54.01   12.52   63.135  15.934  99.97   0.101	0.016	0.7482  0.7153  0.5316  0.6144  0.6261  0.5893  0.572   -0.341  0.2     0.3955  0.1139  0.9041  
108     1.4403  11.68   51.66   12.55   62.879  16.039  99.97   -0.05	0.016	0.7482  0.7153  0.5316  0.6143  0.6262  0.5893  0.572   -0.341  0.2     0.3955  0.1139  0.9041  
108     1.444   11.68   50.95   12.54   62.987  16.163  99.97   -0.1 	0.016	0.7482  0.7153  0.5316  0.6143  0.6261  0.5894  0.572   -0.341  0.2     0.3955  0.1139  0.9041  
108     1.4451  11.68   51.33   12.55   63.084  16.164  99.97   -0.07	0.016	0.7482  0.7153  0.5316  0.6143  0.6261  0.5893  0.5721  -0.341  0.2     0.3955  0.1139  0.9041  
108     1.4428  11.68   52.41   12.54   63.01   16.088  99.97   2.e-5	0.016	0.7482  0.7153  0.5316  0.6143  0.6261  0.5893  0.572   -0.342  0.2     0.3955  0.1139  0.9041  
108     1.4429  11.68   52.42   12.54   63.014  16.093  99.97   6.e-4	0.016	0.7482  0.7153  0.5316  0.6143  0.6261  0.5893  0.572   -0.341  0.2     0.3955  0.1139  0.9041  
108     1.4418  11.68   52.5    12.54   62.982  16.056  99.97   6.e-3	0.016	0.7482  0.7153  0.5316  0.6143  0.6261  0.5893  0.572   -0.341  0.2     0.3956  0.1139  0.9041  
108     1.4432  11.68   52.37   12.54   63.009  16.109  99.97   -3e-3	0.016	0.7482  0.7153  0.5316  0.6143  0.6261  0.5893  0.572   -0.341  0.2     0.3955  0.1139  0.9041  
108     1.4422  11.68   53.19   12.54   63.029  16.047  99.97   0.052	0.016	0.7482  0.7153  0.5316  0.6143  0.6261  0.5893  0.572   -0.341  0.2     0.3955  0.1139  0.9042  
108-1                                                                         -0.22   0.0948  -0.122  3.0782  -1.461  -2.945  -2.208  7.e-4   0.0187  0.1964  -0.084  1.5727  

108-2   1.4326  11.67   56.74   12.49   63.522  15.235  99.97   0.282	0.016	0.7482  0.7153  0.5316  0.6146  0.626   0.589   0.5718  -0.341  0.2     0.3955  0.1139  0.9043  
108-3   1.4232  11.66   45.57   12.44   64.019  14.361  99.97   -0.72	0.016	0.7481  0.7153  0.5316  0.6149  0.6259  0.5887  0.5716  -0.341  0.2     0.3955  0.1139  0.9046  
109     1.4326  11.67   56.79   12.49   63.521  15.234  99.97   3.e-3	3.e-3	0.7482  0.7153  0.5316  0.6146  0.626   0.589   0.5718  -0.341  0.2     0.3955  0.1139  0.9043  
109     1.4329  11.67   56.72   12.49   63.532  15.245  99.97   -1e-3	3.e-3	0.7482  0.7153  0.5316  0.6146  0.626   0.589   0.5718  -0.341  0.2     0.3955  0.1139  0.9043  
109     1.4326  11.67   56.77   12.49   63.521  15.236  99.97   2.e-3	3.e-3	0.7482  0.7153  0.5317  0.6146  0.626   0.589   0.5718  -0.341  0.2     0.3955  0.1139  0.9043  
109     1.4323  11.67   56.28   12.49   63.547  15.202  99.97   -0.03	3.e-3	0.7482  0.7153  0.5316  0.6146  0.626   0.589   0.5718  -0.341  0.2     0.3955  0.1139  0.9043  
109     1.4321  11.67   56.98   12.49   63.495  15.224  99.97   0.016	3.e-3	0.7482  0.7153  0.5316  0.6146  0.626   0.589   0.5718  -0.341  0.2     0.3955  0.1139  0.9043  
109     1.4328  11.67   57.25   12.49   63.517  15.249  99.97   0.033	3.e-3	0.7482  0.7153  0.5316  0.6146  0.626   0.589   0.5718  -0.341  0.2     0.3955  0.1139  0.9043  
109     1.4331  11.67   57.18   12.49   63.537  15.249  99.97   0.028	3.e-3	0.7482  0.7153  0.5316  0.6146  0.626   0.589   0.5718  -0.341  0.2     0.3955  0.1139  0.9043  
109     1.4326  11.67   56.75   12.49   63.522  15.234  99.97   6.e-4	3.e-3	0.7482  0.7153  0.5316  0.6146  0.626   0.589   0.5718  -0.342  0.2     0.3955  0.1139  0.9043  
109     1.4326  11.67   56.74   12.49   63.522  15.235  99.97   -9e-6	3.e-3	0.7482  0.7153  0.5316  0.6146  0.626   0.589   0.5718  -0.341  0.2     0.3955  0.1139  0.9043  
109     1.4324  11.67   56.68   12.49   63.516  15.227  99.97   -4e-3	3.e-3	0.7482  0.7153  0.5316  0.6146  0.626   0.589   0.5718  -0.341  0.2     0.3955  0.1139  0.9043  
109     1.4327  11.67   56.76   12.49   63.522  15.238  99.97   1.e-3	3.e-3	0.7482  0.7153  0.5316  0.6146  0.626   0.589   0.5718  -0.341  0.2     0.3955  0.1139  0.9043  
109     1.4325  11.67   56.51   12.49   63.525  15.225  99.97   -0.01	3.e-3	0.7482  0.7153  0.5316  0.6146  0.626   0.589   0.5718  -0.341  0.2     0.3955  0.1139  0.9044  
109-1                                                                         0.2905  -0.131  0.1731  -2.667  1.4196  2.9501  2.528   0.0584  -8.e-4  -0.338  0.1138  -1.33   

109-2   1.4346  11.67   62.93   12.5    63.437  15.396  99.97   0.397	3.e-3	0.7482  0.7153  0.5316  0.6145  0.626   0.589   0.5718  -0.341  0.2     0.3955  0.1139  0.9043  
